-- MySQL dump 10.13  Distrib 5.5.51-38.1, for debian-linux-gnu (x86_64)
--
-- Host: localhost    Database: artemklim_yii2
-- ------------------------------------------------------
-- Server version	5.5.51-38.1

/*!40101 SET @OLD_CHARACTER_SET_CLIENT=@@CHARACTER_SET_CLIENT */;
/*!40101 SET @OLD_CHARACTER_SET_RESULTS=@@CHARACTER_SET_RESULTS */;
/*!40101 SET @OLD_COLLATION_CONNECTION=@@COLLATION_CONNECTION */;
/*!40101 SET NAMES utf8 */;
/*!40103 SET @OLD_TIME_ZONE=@@TIME_ZONE */;
/*!40103 SET TIME_ZONE='+00:00' */;
/*!40014 SET @OLD_UNIQUE_CHECKS=@@UNIQUE_CHECKS, UNIQUE_CHECKS=0 */;
/*!40014 SET @OLD_FOREIGN_KEY_CHECKS=@@FOREIGN_KEY_CHECKS, FOREIGN_KEY_CHECKS=0 */;
/*!40101 SET @OLD_SQL_MODE=@@SQL_MODE, SQL_MODE='NO_AUTO_VALUE_ON_ZERO' */;
/*!40111 SET @OLD_SQL_NOTES=@@SQL_NOTES, SQL_NOTES=0 */;

--
-- Table structure for table `cache`
--

DROP TABLE IF EXISTS `cache`;
/*!40101 SET @saved_cs_client     = @@character_set_client */;
/*!40101 SET character_set_client = utf8 */;
CREATE TABLE `cache` (
  `id` char(128) NOT NULL,
  `expire` int(11) DEFAULT NULL,
  `data` blob,
  PRIMARY KEY (`id`)
) ENGINE=MyISAM DEFAULT CHARSET=utf8;
/*!40101 SET character_set_client = @saved_cs_client */;

--
-- Dumping data for table `cache`
--

LOCK TABLES `cache` WRITE;
/*!40000 ALTER TABLE `cache` DISABLE KEYS */;
INSERT INTO `cache` VALUES ('963454f612a8b5fb4a63ba1e97f028a1',0,'a:2:{i:0;a:2:{i:0;a:16:{i:0;O:15:\"yii\\web\\UrlRule\":14:{s:4:\"name\";s:38:\"<module:\\w+>/<controller:\\w+>/<id:\\d+>\";s:7:\"pattern\";s:61:\"#^(?P<a0c242628>\\w+)/(?P<a4cf2669a>\\w+)/(?P<abf396750>\\d+)$#u\";s:4:\"host\";N;s:5:\"route\";s:26:\"<module>/<controller>/view\";s:8:\"defaults\";a:0:{}s:6:\"suffix\";N;s:4:\"verb\";N;s:4:\"mode\";N;s:12:\"encodeParams\";b:1;s:15:\"\0*\0placeholders\";a:3:{s:9:\"a0c242628\";s:6:\"module\";s:9:\"a4cf2669a\";s:10:\"controller\";s:9:\"abf396750\";s:2:\"id\";}s:26:\"\0yii\\web\\UrlRule\0_template\";s:28:\"/<module>/<controller>/<id>/\";s:27:\"\0yii\\web\\UrlRule\0_routeRule\";s:47:\"#^(?P<a0c242628>\\w+)/(?P<a4cf2669a>\\w+)/view$#u\";s:28:\"\0yii\\web\\UrlRule\0_paramRules\";a:1:{s:2:\"id\";s:8:\"#^\\d+$#u\";}s:29:\"\0yii\\web\\UrlRule\0_routeParams\";a:2:{s:6:\"module\";s:8:\"<module>\";s:10:\"controller\";s:12:\"<controller>\";}}i:1;O:15:\"yii\\web\\UrlRule\":14:{s:4:\"name\";s:51:\"<module:\\w+>/<controller:\\w+>/<action:\\w+>/<id:\\d+>\";s:7:\"pattern\";s:80:\"#^(?P<a0c242628>\\w+)/(?P<a4cf2669a>\\w+)/(?P<a47cc8c92>\\w+)/(?P<abf396750>\\d+)$#u\";s:4:\"host\";N;s:5:\"route\";s:30:\"<module>/<controller>/<action>\";s:8:\"defaults\";a:0:{}s:6:\"suffix\";N;s:4:\"verb\";N;s:4:\"mode\";N;s:12:\"encodeParams\";b:1;s:15:\"\0*\0placeholders\";a:4:{s:9:\"a0c242628\";s:6:\"module\";s:9:\"a4cf2669a\";s:10:\"controller\";s:9:\"a47cc8c92\";s:6:\"action\";s:9:\"abf396750\";s:2:\"id\";}s:26:\"\0yii\\web\\UrlRule\0_template\";s:37:\"/<module>/<controller>/<action>/<id>/\";s:27:\"\0yii\\web\\UrlRule\0_routeRule\";s:61:\"#^(?P<a0c242628>\\w+)/(?P<a4cf2669a>\\w+)/(?P<a47cc8c92>\\w+)$#u\";s:28:\"\0yii\\web\\UrlRule\0_paramRules\";a:1:{s:2:\"id\";s:8:\"#^\\d+$#u\";}s:29:\"\0yii\\web\\UrlRule\0_routeParams\";a:3:{s:6:\"module\";s:8:\"<module>\";s:10:\"controller\";s:12:\"<controller>\";s:6:\"action\";s:8:\"<action>\";}}i:2;O:15:\"yii\\web\\UrlRule\":14:{s:4:\"name\";s:42:\"<module:\\w+>/<controller:\\w+>/<action:\\w+>\";s:7:\"pattern\";s:61:\"#^(?P<a0c242628>\\w+)/(?P<a4cf2669a>\\w+)/(?P<a47cc8c92>\\w+)$#u\";s:4:\"host\";N;s:5:\"route\";s:30:\"<module>/<controller>/<action>\";s:8:\"defaults\";a:0:{}s:6:\"suffix\";N;s:4:\"verb\";N;s:4:\"mode\";N;s:12:\"encodeParams\";b:1;s:15:\"\0*\0placeholders\";a:3:{s:9:\"a0c242628\";s:6:\"module\";s:9:\"a4cf2669a\";s:10:\"controller\";s:9:\"a47cc8c92\";s:6:\"action\";}s:26:\"\0yii\\web\\UrlRule\0_template\";s:32:\"/<module>/<controller>/<action>/\";s:27:\"\0yii\\web\\UrlRule\0_routeRule\";s:61:\"#^(?P<a0c242628>\\w+)/(?P<a4cf2669a>\\w+)/(?P<a47cc8c92>\\w+)$#u\";s:28:\"\0yii\\web\\UrlRule\0_paramRules\";a:0:{}s:29:\"\0yii\\web\\UrlRule\0_routeParams\";a:3:{s:6:\"module\";s:8:\"<module>\";s:10:\"controller\";s:12:\"<controller>\";s:6:\"action\";s:8:\"<action>\";}}i:3;O:15:\"yii\\web\\UrlRule\":14:{s:4:\"name\";s:19:\"/races.php?id=<url>\";s:7:\"pattern\";s:40:\"#^races\\.php?id=(?P<af47645ae>[^\\/]+)$#u\";s:4:\"host\";N;s:5:\"route\";s:10:\"race/<url>\";s:8:\"defaults\";a:0:{}s:6:\"suffix\";N;s:4:\"verb\";N;s:4:\"mode\";N;s:12:\"encodeParams\";b:1;s:15:\"\0*\0placeholders\";a:1:{s:9:\"af47645ae\";s:3:\"url\";}s:26:\"\0yii\\web\\UrlRule\0_template\";s:20:\"/races.php?id=<url>/\";s:27:\"\0yii\\web\\UrlRule\0_routeRule\";s:31:\"#^race/(?P<af47645ae>[^\\/]+)$#u\";s:28:\"\0yii\\web\\UrlRule\0_paramRules\";a:0:{}s:29:\"\0yii\\web\\UrlRule\0_routeParams\";a:1:{s:3:\"url\";s:5:\"<url>\";}}i:4;O:15:\"yii\\web\\UrlRule\":14:{s:4:\"name\";s:8:\"/domains\";s:7:\"pattern\";s:12:\"#^domains$#u\";s:4:\"host\";N;s:5:\"route\";s:12:\"site/domains\";s:8:\"defaults\";a:0:{}s:6:\"suffix\";N;s:4:\"verb\";N;s:4:\"mode\";N;s:12:\"encodeParams\";b:1;s:15:\"\0*\0placeholders\";a:0:{}s:26:\"\0yii\\web\\UrlRule\0_template\";s:9:\"/domains/\";s:27:\"\0yii\\web\\UrlRule\0_routeRule\";N;s:28:\"\0yii\\web\\UrlRule\0_paramRules\";a:0:{}s:29:\"\0yii\\web\\UrlRule\0_routeParams\";a:0:{}}i:5;O:15:\"yii\\web\\UrlRule\":14:{s:4:\"name\";s:12:\"/advertising\";s:7:\"pattern\";s:16:\"#^advertising$#u\";s:4:\"host\";N;s:5:\"route\";s:16:\"site/advertising\";s:8:\"defaults\";a:0:{}s:6:\"suffix\";N;s:4:\"verb\";N;s:4:\"mode\";N;s:12:\"encodeParams\";b:1;s:15:\"\0*\0placeholders\";a:0:{}s:26:\"\0yii\\web\\UrlRule\0_template\";s:13:\"/advertising/\";s:27:\"\0yii\\web\\UrlRule\0_routeRule\";N;s:28:\"\0yii\\web\\UrlRule\0_paramRules\";a:0:{}s:29:\"\0yii\\web\\UrlRule\0_routeParams\";a:0:{}}i:6;O:15:\"yii\\web\\UrlRule\":14:{s:4:\"name\";s:6:\"/about\";s:7:\"pattern\";s:10:\"#^about$#u\";s:4:\"host\";N;s:5:\"route\";s:10:\"site/about\";s:8:\"defaults\";a:0:{}s:6:\"suffix\";N;s:4:\"verb\";N;s:4:\"mode\";N;s:12:\"encodeParams\";b:1;s:15:\"\0*\0placeholders\";a:0:{}s:26:\"\0yii\\web\\UrlRule\0_template\";s:7:\"/about/\";s:27:\"\0yii\\web\\UrlRule\0_routeRule\";N;s:28:\"\0yii\\web\\UrlRule\0_paramRules\";a:0:{}s:29:\"\0yii\\web\\UrlRule\0_routeParams\";a:0:{}}i:7;O:15:\"yii\\web\\UrlRule\":14:{s:4:\"name\";s:9:\"/magazine\";s:7:\"pattern\";s:13:\"#^magazine$#u\";s:4:\"host\";N;s:5:\"route\";s:18:\"post/default/index\";s:8:\"defaults\";a:0:{}s:6:\"suffix\";N;s:4:\"verb\";N;s:4:\"mode\";N;s:12:\"encodeParams\";b:1;s:15:\"\0*\0placeholders\";a:0:{}s:26:\"\0yii\\web\\UrlRule\0_template\";s:10:\"/magazine/\";s:27:\"\0yii\\web\\UrlRule\0_routeRule\";N;s:28:\"\0yii\\web\\UrlRule\0_paramRules\";a:0:{}s:29:\"\0yii\\web\\UrlRule\0_routeParams\";a:0:{}}i:8;O:15:\"yii\\web\\UrlRule\":14:{s:4:\"name\";s:9:\"/calendar\";s:7:\"pattern\";s:13:\"#^calendar$#u\";s:4:\"host\";N;s:5:\"route\";s:13:\"site/calendar\";s:8:\"defaults\";a:0:{}s:6:\"suffix\";N;s:4:\"verb\";N;s:4:\"mode\";N;s:12:\"encodeParams\";b:1;s:15:\"\0*\0placeholders\";a:0:{}s:26:\"\0yii\\web\\UrlRule\0_template\";s:10:\"/calendar/\";s:27:\"\0yii\\web\\UrlRule\0_routeRule\";N;s:28:\"\0yii\\web\\UrlRule\0_paramRules\";a:0:{}s:29:\"\0yii\\web\\UrlRule\0_routeParams\";a:0:{}}i:9;O:15:\"yii\\web\\UrlRule\":14:{s:4:\"name\";s:4:\"/bmi\";s:7:\"pattern\";s:8:\"#^bmi$#u\";s:4:\"host\";N;s:5:\"route\";s:8:\"site/bmi\";s:8:\"defaults\";a:0:{}s:6:\"suffix\";N;s:4:\"verb\";N;s:4:\"mode\";N;s:12:\"encodeParams\";b:1;s:15:\"\0*\0placeholders\";a:0:{}s:26:\"\0yii\\web\\UrlRule\0_template\";s:5:\"/bmi/\";s:27:\"\0yii\\web\\UrlRule\0_routeRule\";N;s:28:\"\0yii\\web\\UrlRule\0_paramRules\";a:0:{}s:29:\"\0yii\\web\\UrlRule\0_routeParams\";a:0:{}}i:10;O:15:\"yii\\web\\UrlRule\":14:{s:4:\"name\";s:8:\"/convert\";s:7:\"pattern\";s:12:\"#^convert$#u\";s:4:\"host\";N;s:5:\"route\";s:12:\"site/convert\";s:8:\"defaults\";a:0:{}s:6:\"suffix\";N;s:4:\"verb\";N;s:4:\"mode\";N;s:12:\"encodeParams\";b:1;s:15:\"\0*\0placeholders\";a:0:{}s:26:\"\0yii\\web\\UrlRule\0_template\";s:9:\"/convert/\";s:27:\"\0yii\\web\\UrlRule\0_routeRule\";N;s:28:\"\0yii\\web\\UrlRule\0_paramRules\";a:0:{}s:29:\"\0yii\\web\\UrlRule\0_routeParams\";a:0:{}}i:11;O:15:\"yii\\web\\UrlRule\":14:{s:4:\"name\";s:14:\"magazine/<url>\";s:7:\"pattern\";s:35:\"#^magazine/(?P<af47645ae>[^\\/]+)$#u\";s:4:\"host\";N;s:5:\"route\";s:17:\"post/default/view\";s:8:\"defaults\";a:0:{}s:6:\"suffix\";N;s:4:\"verb\";N;s:4:\"mode\";N;s:12:\"encodeParams\";b:1;s:15:\"\0*\0placeholders\";a:1:{s:9:\"af47645ae\";s:3:\"url\";}s:26:\"\0yii\\web\\UrlRule\0_template\";s:16:\"/magazine/<url>/\";s:27:\"\0yii\\web\\UrlRule\0_routeRule\";N;s:28:\"\0yii\\web\\UrlRule\0_paramRules\";a:1:{s:3:\"url\";s:0:\"\";}s:29:\"\0yii\\web\\UrlRule\0_routeParams\";a:0:{}}i:12;O:15:\"yii\\web\\UrlRule\":14:{s:4:\"name\";s:10:\"race/<url>\";s:7:\"pattern\";s:31:\"#^race/(?P<af47645ae>[^\\/]+)$#u\";s:4:\"host\";N;s:5:\"route\";s:17:\"race/default/view\";s:8:\"defaults\";a:0:{}s:6:\"suffix\";N;s:4:\"verb\";N;s:4:\"mode\";N;s:12:\"encodeParams\";b:1;s:15:\"\0*\0placeholders\";a:1:{s:9:\"af47645ae\";s:3:\"url\";}s:26:\"\0yii\\web\\UrlRule\0_template\";s:12:\"/race/<url>/\";s:27:\"\0yii\\web\\UrlRule\0_routeRule\";N;s:28:\"\0yii\\web\\UrlRule\0_paramRules\";a:1:{s:3:\"url\";s:0:\"\";}s:29:\"\0yii\\web\\UrlRule\0_routeParams\";a:0:{}}i:13;O:15:\"yii\\web\\UrlRule\":14:{s:4:\"name\";s:13:\"/search-races\";s:7:\"pattern\";s:17:\"#^search-races$#u\";s:4:\"host\";N;s:5:\"route\";s:17:\"site/search-races\";s:8:\"defaults\";a:0:{}s:6:\"suffix\";N;s:4:\"verb\";N;s:4:\"mode\";N;s:12:\"encodeParams\";b:1;s:15:\"\0*\0placeholders\";a:0:{}s:26:\"\0yii\\web\\UrlRule\0_template\";s:14:\"/search-races/\";s:27:\"\0yii\\web\\UrlRule\0_routeRule\";N;s:28:\"\0yii\\web\\UrlRule\0_paramRules\";a:0:{}s:29:\"\0yii\\web\\UrlRule\0_routeParams\";a:0:{}}i:14;O:15:\"yii\\web\\UrlRule\":14:{s:4:\"name\";s:12:\"/<sport:\\w+>\";s:7:\"pattern\";s:23:\"#^(?P<a1a85efd2>\\w+)$#u\";s:4:\"host\";N;s:5:\"route\";s:10:\"site/sport\";s:8:\"defaults\";a:0:{}s:6:\"suffix\";N;s:4:\"verb\";N;s:4:\"mode\";N;s:12:\"encodeParams\";b:1;s:15:\"\0*\0placeholders\";a:1:{s:9:\"a1a85efd2\";s:5:\"sport\";}s:26:\"\0yii\\web\\UrlRule\0_template\";s:9:\"/<sport>/\";s:27:\"\0yii\\web\\UrlRule\0_routeRule\";N;s:28:\"\0yii\\web\\UrlRule\0_paramRules\";a:1:{s:5:\"sport\";s:8:\"#^\\w+$#u\";}s:29:\"\0yii\\web\\UrlRule\0_routeParams\";a:0:{}}i:15;O:15:\"yii\\web\\UrlRule\":14:{s:4:\"name\";s:1:\"/\";s:7:\"pattern\";s:5:\"#^$#u\";s:4:\"host\";N;s:5:\"route\";s:10:\"site/index\";s:8:\"defaults\";a:0:{}s:6:\"suffix\";N;s:4:\"verb\";N;s:4:\"mode\";N;s:12:\"encodeParams\";b:1;s:15:\"\0*\0placeholders\";a:0:{}s:26:\"\0yii\\web\\UrlRule\0_template\";s:0:\"\";s:27:\"\0yii\\web\\UrlRule\0_routeRule\";N;s:28:\"\0yii\\web\\UrlRule\0_paramRules\";a:0:{}s:29:\"\0yii\\web\\UrlRule\0_routeParams\";a:0:{}}}i:1;s:32:\"9afcc7b9b0f14cc20deaffbb6f3ef8d3\";}i:1;N;}'),('5e4d331cec32cdd2bf452f585b695a23',1475253294,'a:2:{i:0;a:0:{}i:1;N;}'),('1506ecb6458759d3a20e448a1315d51d',1475219320,'a:2:{i:0;a:0:{}i:1;N;}'),('563e5dcd6914e088f72f9cf7aaa870b2',1475208520,'a:2:{i:0;a:0:{}i:1;N;}'),('ce553cf66648d6c1b7ad3e1a874bb0b9',1475162905,'a:2:{i:0;a:0:{}i:1;N;}'),('6e23d5be5dd4c58dbf40408eb036c82d',1475152105,'a:2:{i:0;a:0:{}i:1;N;}'),('4d33fd0161bc163a49af1737c3039663',1475253105,'a:2:{i:0;a:4:{s:7:\"2016-12\";i:1;s:7:\"2016-10\";i:2;s:7:\"2017-02\";i:1;s:7:\"2017-03\";i:1;}i:1;N;}'),('1dbb49b4bf5a8a74b3b4d99a68a1b7fc',1475205330,'a:2:{i:0;a:3:{s:6:\"Бег\";i:5;s:16:\"Триатлон\";i:4;s:16:\"Плавание\";i:1;}i:1;N;}'),('b8f033ca6e8811a3a3ca96ca1ffae8f5',1475227674,'a:2:{i:0;a:1:{s:12:\"Россия\";i:5;}i:1;N;}'),('fdc140f73c403d3b261c1830534a3384',1475193692,'a:2:{i:0;a:3:{s:12:\"Другой\";i:1;s:5:\"Titan\";i:3;s:21:\"Линия жизни\";i:1;}i:1;N;}'),('552bed1438dafb40102ef909b6a0582f',1475213970,'a:2:{i:0;a:6:{s:7:\"2016-12\";i:1;s:7:\"2016-10\";i:2;s:7:\"2017-06\";i:4;s:7:\"2017-02\";i:1;s:7:\"2017-03\";i:1;s:7:\"2017-08\";i:1;}i:1;N;}'),('749305e2121a5dd64d8ff166aba6dfd4',1475207060,'a:2:{i:0;a:1:{s:12:\"Россия\";i:10;}i:1;N;}'),('c8c8f2ec71e7215d49b27c68647990a5',1475245886,'a:2:{i:0;a:4:{s:12:\"Другой\";i:1;s:5:\"Titan\";i:6;s:8:\"Ironstar\";i:2;s:21:\"Линия жизни\";i:1;}i:1;N;}'),('2a80faff45cfe8b97aacea75f0ab1625',1475253290,'a:2:{i:0;a:2:{s:7:\"2017-06\";i:3;s:7:\"2017-08\";i:1;}i:1;N;}'),('d852c0639ff1f02effe0f47a4313b007',1475235484,'a:2:{i:0;a:1:{s:12:\"Россия\";i:4;}i:1;N;}'),('f364948f77eed0ce1ecf71348540080e',1475192695,'a:2:{i:0;a:2:{s:8:\"Ironstar\";i:2;s:5:\"Titan\";i:2;}i:1;N;}'),('112f972b1a254c60b0e7d6069bfd31bd',1475245400,'a:2:{i:0;a:1:{s:7:\"2017-06\";i:1;}i:1;N;}'),('f4f1cd37e3e438d8e45a02254b5a2061',1475235841,'a:2:{i:0;a:1:{s:12:\"Россия\";i:1;}i:1;N;}'),('863a1c7e28ec88fdcb2d3d04cbc868b9',1475249694,'a:2:{i:0;a:0:{}i:1;N;}'),('81540697f401f051fa95d1eff9c3862f',1475264094,'a:2:{i:0;a:0:{}i:1;N;}'),('e5b8d2d8256ae1616611056deb880a26',1475237269,'a:2:{i:0;a:0:{}i:1;N;}'),('46065335e853b3f7034561c7a4b37821',1475226797,'a:2:{i:0;a:0:{}i:1;N;}'),('32444d15ecd66eaf6c47a2ec7340daa3',1475225041,'a:2:{i:0;a:1:{s:5:\"Titan\";i:1;}i:1;N;}');
/*!40000 ALTER TABLE `cache` ENABLE KEYS */;
UNLOCK TABLES;

--
-- Table structure for table `coach`
--

DROP TABLE IF EXISTS `coach`;
/*!40101 SET @saved_cs_client     = @@character_set_client */;
/*!40101 SET character_set_client = utf8 */;
CREATE TABLE `coach` (
  `id` int(11) NOT NULL AUTO_INCREMENT,
  `created` datetime NOT NULL,
  `label` varchar(255) COLLATE utf8_unicode_ci NOT NULL,
  `image_id` int(11) NOT NULL,
  `country` varchar(255) COLLATE utf8_unicode_ci NOT NULL,
  `site` varchar(255) COLLATE utf8_unicode_ci DEFAULT NULL,
  `phone` varchar(255) COLLATE utf8_unicode_ci DEFAULT NULL,
  `email` varchar(255) COLLATE utf8_unicode_ci DEFAULT NULL,
  `fb_link` varchar(255) COLLATE utf8_unicode_ci DEFAULT NULL,
  `vk_link` varchar(255) COLLATE utf8_unicode_ci DEFAULT NULL,
  `ig_link` varchar(255) COLLATE utf8_unicode_ci DEFAULT NULL,
  `promo` text COLLATE utf8_unicode_ci,
  `content` text COLLATE utf8_unicode_ci,
  PRIMARY KEY (`id`)
) ENGINE=InnoDB DEFAULT CHARSET=utf8 COLLATE=utf8_unicode_ci;
/*!40101 SET character_set_client = @saved_cs_client */;

--
-- Dumping data for table `coach`
--

LOCK TABLES `coach` WRITE;
/*!40000 ALTER TABLE `coach` DISABLE KEYS */;
/*!40000 ALTER TABLE `coach` ENABLE KEYS */;
UNLOCK TABLES;

--
-- Table structure for table `coach_sport_ref`
--

DROP TABLE IF EXISTS `coach_sport_ref`;
/*!40101 SET @saved_cs_client     = @@character_set_client */;
/*!40101 SET character_set_client = utf8 */;
CREATE TABLE `coach_sport_ref` (
  `id` int(11) NOT NULL AUTO_INCREMENT,
  `coach_id` int(11) DEFAULT NULL,
  `sport_id` int(11) DEFAULT NULL,
  PRIMARY KEY (`id`)
) ENGINE=InnoDB DEFAULT CHARSET=latin1;
/*!40101 SET character_set_client = @saved_cs_client */;

--
-- Dumping data for table `coach_sport_ref`
--

LOCK TABLES `coach_sport_ref` WRITE;
/*!40000 ALTER TABLE `coach_sport_ref` DISABLE KEYS */;
/*!40000 ALTER TABLE `coach_sport_ref` ENABLE KEYS */;
UNLOCK TABLES;

--
-- Table structure for table `configuration`
--

DROP TABLE IF EXISTS `configuration`;
/*!40101 SET @saved_cs_client     = @@character_set_client */;
/*!40101 SET character_set_client = utf8 */;
CREATE TABLE `configuration` (
  `id` int(11) NOT NULL AUTO_INCREMENT,
  `label` varchar(255) COLLATE utf8_unicode_ci NOT NULL,
  `description` text COLLATE utf8_unicode_ci,
  `key` varchar(255) COLLATE utf8_unicode_ci NOT NULL,
  `value` varchar(255) COLLATE utf8_unicode_ci DEFAULT NULL,
  PRIMARY KEY (`id`),
  UNIQUE KEY `key` (`key`)
) ENGINE=InnoDB AUTO_INCREMENT=57 DEFAULT CHARSET=utf8 COLLATE=utf8_unicode_ci;
/*!40101 SET character_set_client = @saved_cs_client */;

--
-- Dumping data for table `configuration`
--

LOCK TABLES `configuration` WRITE;
/*!40000 ALTER TABLE `configuration` DISABLE KEYS */;
INSERT INTO `configuration` VALUES (1,'Сео: стандартный автор','Сео: стандартный автор в теге author (на всех страницах, кроме журнальной записи)','seo_standard_author','TriRussia.ru'),(2,'Сео: автор журнальной записи','Сео: Автор в теге author на странице журнальной записи','seo_post_page_author','{postAuthorFullName}'),(3,'Сео: стандартные ключевые слова','Сео: стандартные ключевые слова в теге keywords','seo_standard_keywords','Триатлон, бег, велоспорт, плавание, Ironman, Half-Ironman, полуайронмен, марафон, полумарафон, олимпийская дистанция, спринт, суперспринт, 5 км, 10 км, календарь соревнований'),(4,'Сео: ключевые слова для статической страницы about','Сео: ключевые слова в теге keywords','seo_about_page_keywords','Триатлон, бег, велоспорт, плавание, Ironman, Half-Ironman, полуайронмен, марафон, полумарафон, олимпийская дистанция, спринт, суперспринт, 5 км, 10 км, календарь соревнований'),(5,'Сео: ключевые слова для статической страницы advertising','Сео: ключевые слова в теге keywords','seo_advertising_page_keywords','Триатлон, бег, велоспорт, плавание, Ironman, Half-Ironman, полуайронмен, марафон, полумарафон, олимпийская дистанция, спринт, суперспринт, 5 км, 10 км, календарь соревнований'),(6,'Сео: ключевые слова для статической страницы domains','Сео: ключевые слова в теге keywords','seo_domains_page_keywords','Триатлон, бег, велоспорт, плавание, Ironman, Half-Ironman, полуайронмен, марафон, полумарафон, олимпийская дистанция, спринт, суперспринт, 5 км, 10 км, календарь соревнований'),(7,'Сео: ключевые слова для статической страницы bmi','Сео: ключевые слова в теге keywords','seo_bmi_page_keywords','Триатлон, бег, велоспорт, плавание, Ironman, Half-Ironman, полуайронмен, марафон, полумарафон, олимпийская дистанция, спринт, суперспринт, 5 км, 10 км, календарь соревнований'),(8,'Сео: ключевые слова для статической страницы convert','Сео: ключевые слова в теге keywords','seo_bmi_convert_keywords','Триатлон, бег, велоспорт, плавание, Ironman, Half-Ironman, полуайронмен, марафон, полумарафон, олимпийская дистанция, спринт, суперспринт, 5 км, 10 км, календарь соревнований'),(9,'Сео: ключевые слова для страницы просмотра гонки','Сео: ключевые слова в теге keywords','seo_race_view_page_keywords','{raceLabel}, {raceStartDate:dd.M.yyyy}, {raceCountry}, {raceRegion}, {racePlace}, {raceSportLabel}, {raceDistanceCategoryLabel}, {raceOrganizerLabel}'),(10,'Сео: ключевые слова для страницы просмотра поиска соревнований','Сео: ключевые слова в теге keywords','seo_race_search_page_keywords','триатлон, бег, плавание, велоспорт, дуатлон, [triathlonKeywords], [runKeywords]'),(11,'Сео: ключевые слова для страницы просмотра вида спорта','Сео: ключевые слова в теге keywords','seo_race_sport_page_keywords','{sportLabel}, [triathlonKeywords], {sportLabel} в Москве, {sportLabel} в России'),(12,'Сео: ключевые слова для главной страницы','Сео: ключевые слова в теге keywords','seo_main_page_keywords','Триатлон, бег, велоспорт, плавание, Ironman, Half-Ironman, полуайронмен, марафон, полумарафон, олимпийская дистанция, спринт, суперспринт, 5 км, 10 км, календарь соревнований'),(13,'Сео: ключевые слова для журнала','Сео: ключевые слова в теге keywords','seo_magazine_page_keywords','Журнал, триатлон, бег, велоспорт, плавание, Ironman, Half-Ironman, полуайронмен, марафон, полумарафон, олимпийская дистанция, спринт'),(14,'Сео: ключевые слова для статьи журнала','Сео: ключевые слова в теге keywords','seo_magazine_post_page_keywords','{postTags}, TriRussia.ru, журнал, статья, спорт, триатлон, бег, плавание, ЗОЖ, велоспорт, дуатлон, лыжи, питание'),(15,'Сео: стандартное описание','Сео: стандартное описание в теге description','seo_standard_description','Вся информация о соревнованиях по триатлону, бегу, велоспорту, плаванию, дуатлону и лыжам. Старты в России, в Москве, гонки серии Ironman, Ironstar, Титан, Гром, олимпийские дистанции и спринты'),(16,'Сео: описание для статической страницы about','Сео: описание в теге description','seo_about_page_description','Вся информация о соревнованиях по триатлону, бегу, велоспорту, плаванию, дуатлону и лыжам. Старты в России, в Москве, гонки серии Ironman, Ironstar, Титан, Гром, олимпийские дистанции и спринты'),(17,'Сео: описание для статической страницы advertising','Сео: описание в теге description','seo_advertising_page_description','Вся информация о соревнованиях по триатлону, бегу, велоспорту, плаванию, дуатлону и лыжам. Старты в России, в Москве, гонки серии Ironman, Ironstar, Титан, Гром, олимпийские дистанции и спринты'),(18,'Сео: описание для статической страницы domains','Сео: описание в теге description','seo_domains_page_description','Вся информация о соревнованиях по триатлону, бегу, велоспорту, плаванию, дуатлону и лыжам. Старты в России, в Москве, гонки серии Ironman, Ironstar, Титан, Гром, олимпийские дистанции и спринты'),(19,'Сео: описание для статической страницы bmi','Сео: описание в теге description','seo_bmi_page_description','Вся информация о соревнованиях по триатлону, бегу, велоспорту, плаванию, дуатлону и лыжам. Старты в России, в Москве, гонки серии Ironman, Ironstar, Титан, Гром, олимпийские дистанции и спринты'),(20,'Сео: описание для статической страницы convert','Сео: описание в теге description','seo_bmi_convert_description','Вся информация о соревнованиях по триатлону, бегу, велоспорту, плаванию, дуатлону и лыжам. Старты в России, в Москве, гонки серии Ironman, Ironstar, Титан, Гром, олимпийские дистанции и спринты'),(21,'Сео: описание для страницы просмотра гонки','Сео: описание в теге description','seo_race_view_page_description','{racePromo}'),(22,'Сео: описание для страницы просмотра поиска соревнований','Сео: описание в теге description','seo_race_search_page_description','Выбирайте соревнования по триатлону, бегу, плаванию, велоспорту, лыжам и дуатлону. Полное описание и регистрация на лучшие старты'),(23,'Сео: описание для страницы просмотра вида спорта','Сео: описание в теге description','seo_race_sport_page_description','Выбирайте соревнования по триатлону, бегу, плаванию, велоспорту, лыжам и дуатлону. Полное описание и регистрация на лучшие старты'),(24,'Сео: описание для главной страницы','Сео: описание в теге description','seo_main_page_description','Вся информация о соревнованиях по триатлону, бегу, велоспорту, плаванию, дуатлону и лыжам. Старты в России, в Москве, гонки серии Ironman, Ironstar, Титан, Гром, олимпийские дистанции и спринты'),(25,'Сео: описание для журнала','Сео: описание в теге description','seo_magazine_page_description','Журнал о триатлоне, беге, плавании, велоспорте, дуатлону и лыжам. Как тренироваться и вести здоровый образ жизни.'),(26,'Сео: описание для статьи журнала','Сео: описание в теге description','seo_magazine_post_page_description','{postPromo}'),(27,'Сео: стандартный заголовок','Сео: стандартный заголовок в теге title','seo_standard_title','TriRussia.ru — Календарь соревнований по триатлону, бегу, велоспорту, плаванию, дуатлону и лыжам'),(28,'Сео: заголовок для статической страницы about','Сео: заголовок в теге title','seo_about_page_title','TriRussia.ru — Календарь соревнований по триатлону, бегу, велоспорту, плаванию, дуатлону и лыжам'),(29,'Сео: заголовок для статической страницы advertising','Сео: заголовок в теге title','seo_advertising_page_title','TriRussia.ru — Календарь соревнований по триатлону, бегу, велоспорту, плаванию, дуатлону и лыжам'),(30,'Сео: заголовок для статической страницы domains','Сео: заголовок в теге title','seo_domains_page_title','TriRussia.ru — Календарь соревнований по триатлону, бегу, велоспорту, плаванию, дуатлону и лыжам'),(31,'Сео: заголовок для статической страницы bmi','Сео: заголовок в теге title','seo_bmi_page_title','TriRussia.ru — Календарь соревнований по триатлону, бегу, велоспорту, плаванию, дуатлону и лыжам'),(32,'Сео: заголовок для статической страницы convert','Сео: заголовок в теге title','seo_bmi_convert_title','TriRussia.ru — Календарь соревнований по триатлону, бегу, велоспорту, плаванию, дуатлону и лыжам'),(33,'Сео: заголовок для страницы просмотра гонки','Сео: заголовок в теге title','seo_race_view_page_title','{raceLabel}, {raceCountry}, {racePlace}, {raceSportLabel} {raceStartDate:dd.M.yyyy}'),(34,'Сео: заголовок для страницы просмотра поиска соревнований','Сео: заголовок в теге title','seo_race_search_page_title','TriRussia.ru — Календарь соревнований {sportCondition}'),(35,'Сео: заголовок для страницы просмотра вида спорта','Сео: заголовок в теге title','seo_race_sport_page_title','Календарь соревнований по {sportLabel:дательный} {sportCondition}'),(36,'Сео: заголовок для главной страницы','Сео: заголовок в теге title','seo_main_page_title','TriRussia.ru — Календарь соревнований по триатлону, бегу, велоспорту, плаванию, дуатлону и лыжам'),(37,'Сео: заголовок для журнала','Сео: заголовок в теге title','seo_magazine_page_title','Журнал TriRussia.ru — Все самое интересное о триатлоне, беге, плавании и велоспорте'),(38,'Сео: заголовок для статьи журнала','Сео: заголовок в теге title','seo_magazine_post_page_title','Журнал TriRussia.ru — {postTitle}'),(39,'Сео: стандартное изображение','Сео: стандартное изображение в теге og:image','seo_standard_og_image','http://www.trirussia.ru/img/og_logo.png'),(40,'Сео: изображение для статической страницы about','Сео: изображение в теге og:image','seo_about_page_og_image','http://www.trirussia.ru/img/og_logo.png'),(41,'Сео: изображение для статической страницы advertising','Сео: изображение в теге og:image','seo_advertising_page_og_image','http://www.trirussia.ru/img/og_logo.png'),(42,'Сео: изображение для статической страницы domains','Сео: изображение в теге og:image','seo_domains_page_og_image','http://www.trirussia.ru/img/og_logo.png'),(43,'Сео: изображение для статической страницы bmi','Сео: изображение в теге og:image','seo_bmi_page_og_image','http://www.trirussia.ru/img/og_logo.png'),(44,'Сео: изображение для статической страницы convert','Сео: изображение в теге og:image','seo_bmi_convert_og_image','http://www.trirussia.ru/img/og_logo.png'),(45,'Сео: изображение для страницы просмотра гонки','Сео: изображение в теге og:image','seo_race_view_page_og_image','{raceImageUrl}'),(46,'Сео: изображение для страницы просмотра поиска соревнований','Сео: изображение в теге og:image','seo_race_search_page_og_image','http://www.trirussia.ru/img/og_logo.png'),(47,'Сео: изображение для страницы просмотра вида спорта','Сео: изображение в теге og:image','seo_race_sport_page_og_image','http://www.trirussia.ru/img/og_logo.png'),(48,'Сео: изображение для главной страницы','Сео: изображение в теге og:image','seo_main_page_og_image','http://www.trirussia.ru/img/og_logo.png'),(49,'Сео: изображение для журнала','Сео: изображение в теге og:image','seo_magazine_page_og_image','http://www.trirussia.ru/img/og_logo.png'),(50,'Сео: изображение для статьи журнала','Сео: изображение в теге og:image','seo_magazine_post_page_og_image','{postImageUrl}'),(51,'Сео: сокр. ключевые слова триатлона','Сео: сокр. выводятся в любом теге вместо ключа','[triathlonKeywords]','Ironman, Half-Ironman, Ironman 70.3, олимпийская дистанция, 5150, спринт-триатлон, суперспринт, Titan, Ironstar, Grom, железный триатлон'),(52,'Сео: сокр. ключевые слова бега','Сео: сокр. выводятся в любом теге вместо ключа','[runKeywords]','марафон, полумарафон, 42 км, 21 км, 10 км, 5 км, первый забег, Московский марафон, Russia Running, Осенний гром, Весенний гром'),(53,'Сео: сокр. ключевые слова плаванья','Сео: сокр. выводятся в любом теге вместо ключа','[swimKeywords]','морская миля, заплыв, плавательный марафон, Кубок чемпионов по плаванию'),(54,'Сео: сокр. ключевые слова велоспорта','Сео: сокр. выводятся в любом теге вместо ключа','[bikeKeywords]','многодневные гонки, велогонка, гонка в Крылатском'),(55,'Сео: сокр. ключевые слова лыж','Сео: сокр. выводятся в любом теге вместо ключа','[skiKeywords]','лыжный марафон, 30 км, 15 км, классика'),(56,'Сео: сокр. ключевые слова дуатлона','Сео: сокр. выводятся в любом теге вместо ключа','[duathlonKeywords]','');
/*!40000 ALTER TABLE `configuration` ENABLE KEYS */;
UNLOCK TABLES;

--
-- Table structure for table `content_page`
--

DROP TABLE IF EXISTS `content_page`;
/*!40101 SET @saved_cs_client     = @@character_set_client */;
/*!40101 SET character_set_client = utf8 */;
CREATE TABLE `content_page` (
  `id` int(11) NOT NULL AUTO_INCREMENT,
  `created` datetime NOT NULL,
  `label` varchar(255) COLLATE utf8_unicode_ci NOT NULL,
  `content` text COLLATE utf8_unicode_ci NOT NULL,
  `url` varchar(255) COLLATE utf8_unicode_ci NOT NULL,
  `published` tinyint(1) DEFAULT NULL,
  PRIMARY KEY (`id`),
  UNIQUE KEY `url` (`url`)
) ENGINE=InnoDB DEFAULT CHARSET=utf8 COLLATE=utf8_unicode_ci;
/*!40101 SET character_set_client = @saved_cs_client */;

--
-- Dumping data for table `content_page`
--

LOCK TABLES `content_page` WRITE;
/*!40000 ALTER TABLE `content_page` DISABLE KEYS */;
/*!40000 ALTER TABLE `content_page` ENABLE KEYS */;
UNLOCK TABLES;

--
-- Table structure for table `distance`
--

DROP TABLE IF EXISTS `distance`;
/*!40101 SET @saved_cs_client     = @@character_set_client */;
/*!40101 SET character_set_client = utf8 */;
CREATE TABLE `distance` (
  `id` int(11) NOT NULL AUTO_INCREMENT,
  `label` varchar(255) COLLATE utf8_unicode_ci DEFAULT NULL,
  PRIMARY KEY (`id`)
) ENGINE=InnoDB AUTO_INCREMENT=20 DEFAULT CHARSET=utf8 COLLATE=utf8_unicode_ci;
/*!40101 SET character_set_client = @saved_cs_client */;

--
-- Dumping data for table `distance`
--

LOCK TABLES `distance` WRITE;
/*!40000 ALTER TABLE `distance` DISABLE KEYS */;
INSERT INTO `distance` VALUES (1,'5 км'),(2,'3 км'),(7,'10 км'),(8,'Полумарафон'),(9,'Марафон'),(10,'50 км'),(11,'Суперспринт'),(12,'Спринт'),(13,'Олимпийская дистанция'),(14,'Half-Ironman'),(15,'Ironman'),(16,'1 852 м'),(17,'1 500 м'),(18,'3 000 м'),(19,'5 км');
/*!40000 ALTER TABLE `distance` ENABLE KEYS */;
UNLOCK TABLES;

--
-- Table structure for table `distance_category`
--

DROP TABLE IF EXISTS `distance_category`;
/*!40101 SET @saved_cs_client     = @@character_set_client */;
/*!40101 SET character_set_client = utf8 */;
CREATE TABLE `distance_category` (
  `id` int(11) NOT NULL AUTO_INCREMENT,
  `label` varchar(255) COLLATE utf8_unicode_ci NOT NULL,
  `sport_id` int(11) DEFAULT NULL,
  PRIMARY KEY (`id`)
) ENGINE=InnoDB AUTO_INCREMENT=23 DEFAULT CHARSET=utf8 COLLATE=utf8_unicode_ci;
/*!40101 SET character_set_client = @saved_cs_client */;

--
-- Dumping data for table `distance_category`
--

LOCK TABLES `distance_category` WRITE;
/*!40000 ALTER TABLE `distance_category` DISABLE KEYS */;
INSERT INTO `distance_category` VALUES (2,'Ironman',1),(6,'Half-Ironman',1),(8,'Олимпийская дистанция',1),(9,'Спринт',1),(10,'Суперспринт',1),(11,'3 км',2),(12,'5 км',2),(13,'10 км',2),(14,'Полумарафон',2),(15,'Марафон',2),(16,'50 км',2),(17,'3 000 м',3),(18,'1 500 м',3),(19,'1 852 м',3),(20,'5 км',5),(21,'10 км',5),(22,'20 км',5);
/*!40000 ALTER TABLE `distance_category` ENABLE KEYS */;
UNLOCK TABLES;

--
-- Table structure for table `distance_distance_category_ref`
--

DROP TABLE IF EXISTS `distance_distance_category_ref`;
/*!40101 SET @saved_cs_client     = @@character_set_client */;
/*!40101 SET character_set_client = utf8 */;
CREATE TABLE `distance_distance_category_ref` (
  `id` int(11) NOT NULL AUTO_INCREMENT,
  `distance_id` int(11) DEFAULT NULL,
  `distance_category_id` int(11) DEFAULT NULL,
  PRIMARY KEY (`id`),
  KEY `distance_distance_category_ref_to_distance_fk` (`distance_id`),
  KEY `distance_distance_category_ref_to_distance_category_fk` (`distance_category_id`),
  CONSTRAINT `distance_distance_category_ref_to_distance_category_fk` FOREIGN KEY (`distance_category_id`) REFERENCES `distance_category` (`id`),
  CONSTRAINT `distance_distance_category_ref_to_distance_fk` FOREIGN KEY (`distance_id`) REFERENCES `distance` (`id`)
) ENGINE=InnoDB AUTO_INCREMENT=43 DEFAULT CHARSET=utf8 COLLATE=utf8_unicode_ci;
/*!40101 SET character_set_client = @saved_cs_client */;

--
-- Dumping data for table `distance_distance_category_ref`
--

LOCK TABLES `distance_distance_category_ref` WRITE;
/*!40000 ALTER TABLE `distance_distance_category_ref` DISABLE KEYS */;
INSERT INTO `distance_distance_category_ref` VALUES (28,2,11),(29,1,12),(30,7,13),(31,8,14),(32,9,15),(33,10,16),(34,11,10),(35,12,9),(36,13,8),(37,14,6),(38,15,2),(39,16,19),(40,17,18),(41,18,17),(42,19,20);
/*!40000 ALTER TABLE `distance_distance_category_ref` ENABLE KEYS */;
UNLOCK TABLES;

--
-- Table structure for table `fpm_file`
--

DROP TABLE IF EXISTS `fpm_file`;
/*!40101 SET @saved_cs_client     = @@character_set_client */;
/*!40101 SET character_set_client = utf8 */;
CREATE TABLE `fpm_file` (
  `id` int(11) NOT NULL AUTO_INCREMENT,
  `extension` varchar(10) COLLATE utf8_unicode_ci NOT NULL COMMENT 'File extension',
  `base_name` varchar(250) COLLATE utf8_unicode_ci DEFAULT NULL COMMENT 'File base name',
  `created_at` int(11) NOT NULL,
  PRIMARY KEY (`id`)
) ENGINE=InnoDB AUTO_INCREMENT=256 DEFAULT CHARSET=utf8 COLLATE=utf8_unicode_ci;
/*!40101 SET character_set_client = @saved_cs_client */;

--
-- Dumping data for table `fpm_file`
--

LOCK TABLES `fpm_file` WRITE;
/*!40000 ALTER TABLE `fpm_file` DISABLE KEYS */;
INSERT INTO `fpm_file` VALUES (2,'jpg','HLo7fHmZRPE',1459679876),(3,'jpg','Y8Yv4d_7srg',1459679917),(4,'jpg','Y8Yv4d_7srg',1459679936),(5,'jpg','Y8Yv4d_7srg',1459681108),(6,'jpg','Ben-Affleck-Batman-V-Superman-Power-Armor',1461078302),(7,'jpg','Ben-Affleck-Batman-V-Superman-Power-Armor',1461078314),(8,'jpg','4JRD2d-hsJU',1461388720),(9,'jpg','HLo7fHmZRPE',1461391902),(10,'jpg','PDp4gB-UqxM',1461515446),(13,'jpg','Y8Yv4d_7srg',1461574276),(14,'jpg','Y8Yv4d_7srg',1461574456),(16,'jpg','4JRD2d-hsJU',1461575173),(17,'jpg','4JRD2d-hsJU',1461575225),(22,'jpg','image0002',1463374578),(23,'jpg','autumn_grom_2014',1463379197),(24,'jpg','yaroslavl_half_marathon_2014',1463379198),(25,'jpg','titan_triathlon_sochi_2014',1463379198),(26,'jpg','beijing_marathon_2014',1463379199),(27,'jpg','ironman_hawaii_2014',1463379201),(28,'jpg','ironman_barcelona_2014',1463379202),(29,'jpg','grom_10k',1463379203),(30,'jpg','ironman_pays_daix_2014',1463379203),(31,'jpg','ironman_mallorca_2015',1463379205),(32,'jpg','ironman_st_polten_2015',1463379214),(33,'jpg','ironman_barcelona_2015',1463379215),(34,'jpg','blagotvoritelny_zabeg_5275',1463379216),(35,'jpg','garda_trentino_half_marathon_2014',1463379217),(36,'jpg','istanbul_marathon_2014',1463379217),(37,'jpg','challenge_phuket_2014',1463379219),(38,'jpg','pisa_marathon_2014',1463379220),(39,'jpg','challeng_bahrein_2014',1463379221),(40,'jpg','ironman_western_australia_2014',1463379221),(41,'jpg','xiamen_marathon_2014',1463379222),(42,'jpg','ironman_pucon_2015',1463379228),(43,'jpg','sochi_half_marathon_2014',1463379230),(44,'jpg','world_triathlon_abu_dhabi_2015',1463379231),(45,'jpg','world_triathlon_hamburg_2015',1463379232),(46,'jpg','bronnitsy_triathlon_2015',1463379233),(47,'jpg','bronnitsy_marathon_2015',1463379235),(48,'jpg','ironstar_indoor_triathlon_2015',1463379236),(49,'jpg','first_run_2015',1463379236),(50,'jpg','bronnitsy_cross-country_triathlon_2015',1463379237),(51,'jpg','moscow_half_marathon_2015',1463379253),(52,'jpg','color_run_2015',1463379254),(53,'jpg','night_run_2015',1463379254),(54,'jpg','music_half_marathon_2015',1463379255),(55,'jpg','moscow_marathon_2015',1463379257),(56,'jpg','vesenniy_grom_2015',1463379257),(57,'jpg','krylatskoe_triathlon_2015',1463379259),(58,'jpg','bronnitsky_half-ironman_2015',1463379260),(59,'jpg','ironstar_indoor_triathlon_2015',1463379261),(60,'jpg','ironstar_indoor_triathlon_2015',1463379262),(61,'jpg','Ironman_pula_2015',1463379272),(62,'jpg','ironman_turkey',1463379273),(63,'jpg','ironman_budapest_2015',1463379274),(64,'jpg','ironman_barcelona_2015',1463379275),(65,'jpg','ironman_copenhagen_2015',1463379276),(66,'jpg','ironman_kalmar_2015',1463379279),(67,'jpg','ironman_frankfurt_2015',1463379281),(68,'jpg','ironman_france_2015',1463379282),(69,'jpg','ironman_austria_2015',1463379283),(70,'jpg','rome_half_marathon_2015',1463379293),(71,'jpg','vienna_marathon_2015',1463379295),(72,'jpg','new-york_half_marathon_2015',1463379297),(73,'jpg','new-york_marathon_2015',1463379298),(74,'jpg','berlin_half_marathon_2015',1463379299),(75,'jpg','ironstar_113_2015',1463379303),(76,'jpg','a1_triathlon_st_peterburg_2015',1463379304),(77,'jpg','ironstar_indoor_triathlon_2015',1463379305),(78,'jpg','swim_cup_2015',1463379667),(79,'jpg','swim_cup_2015',1463379667),(80,'jpg','swim_cup_2015',1463379668),(81,'jpg','swim_cup_2015',1463379671),(82,'jpg','spb_marathon_white_nights_2015',1463379672),(83,'jpg','MarathonVdokhnovenie_photo',1463379673),(84,'jpg','running_hearts_2015',1463379676),(85,'jpg','color_boom_2015',1463379676),(86,'jpg','wings_for_life_2015',1463379677),(87,'jpg','geneva_2015',1463379678),(88,'jpg','geneva_2015',1463379777),(89,'jpg','rybinsk_half-marathon_2015',1463379779),(90,'jpg','riga_triathlon_2015',1463379780),(91,'jpg','run_hero_2015',1463379781),(92,'jpg','color_boom_2015',1463379782),(93,'jpg','spb_half_marathon_2015',1463379782),(94,'jpg','ZPump1',1463379783),(95,'jpg','zelenogradsky_half-marathon_2015',1463379791),(96,'jpg','kazan_marathon_2015',1463379831),(97,'jpg','uglich_half-marathon_2015',1463379832),(98,'jpg','nbrun_2015',1463379833),(99,'jpg','zeleniy_marathon_sberbank_2015',1463379834),(100,'jpg','osenniy_grom_2015',1463379836),(101,'jpg','grom_10k_2015',1463379837),(102,'jpg','osenniy_grom_2015',1463379837),(103,'jpg','real_run_2015',1463379838),(104,'jpg','sochi_half-marathon_2015',1463379851),(105,'jpg','heavy_ground_2015',1463379852),(106,'jpg','pioneer_camp_trail_2015',1463379853),(107,'jpg','nike_women_2015',1463379854),(108,'jpg','myshkin_half-marathon_2015',1463379855),(109,'jpg','yaroslavl_half-marathon_2015',1463379856),(110,'jpg','rostov_half-marathon_2015',1463379856),(111,'jpg','moscow_trail_running_2015',1463379857),(112,'jpg','triathlon_estonia_2015',1463379858),(113,'jpg','trismile_triathlon_2015',1463379860),(114,'jpg','trismile_triathlon_2015',1463379869),(115,'jpg','yerevan_half-marathon_2015',1463379869),(116,'jpg','triathlon_de_paris_2015',1463379870),(117,'jpg','triathlon_de_nice_2015',1463379873),(118,'jpg','challenge_roth_2015',1463379874),(119,'jpg','iverskaya_milya_2015',1463379874),(120,'jpg','berezhkovskiy_triathlon_2015',1463379875),(121,'jpg','we_run_moscow_10k_2015',1463379876),(122,'jpg','ironstar_sprint_kazan_2016',1463379877),(123,'jpg','adidas_high_run_2015',1463379878),(124,'jpg','olympic_day_2015',1463379888),(125,'jpg','challenge_venice_2015',1463379889),(126,'jpg','prekrasnaya_polovinka_2015',1463379889),(127,'jpg','21andMe_half-marathon_2015',1463379890),(128,'jpg','goldenring100',1463379891),(129,'jpg','ignite_moscow_2015',1463379892),(130,'jpg','voloshin_personal_run_2015',1463379893),(131,'jpg','parkrun_logo',1463379894),(132,'jpg','garda_half-marathon_2015',1463379895),(133,'jpg','elbrus_mountain_race_2015',1463379897),(134,'jpg','elbrus_mountain_marathon_2015',1463379916),(135,'jpg','moscow_night_veloparade_2015',1463379921),(136,'jpg','zaraysk_triathlon_2015',1463379922),(137,'jpg','charity_run_5275_2015',1463379923),(138,'png','A1',1463379924),(139,'jpg','ironstar_sochi_sprint_2016',1463379937),(140,'jpg','ironstar_sochi_half-ironman_2016',1463379938),(141,'jpg','ironstar_kirov_2016',1463379939),(142,'jpg','romashkovo_duathlon_2015',1463379940),(143,'jpg','bronnitsy_marathon_2016',1463379941),(144,'jpg','bronnitsy_olympic_triathlon_2016',1463379942),(145,'jpg','bronnitsy_half-ironman_2016',1463379950),(146,'jpg','zaraysk_triathlon_2016',1463379955),(147,'jpg','ironstar_olympic_triathlon_2016',1463379960),(148,'jpg','ironstar_226_sochi_2016',1463380365),(149,'jpg','a1_run_2016',1463380369),(150,'jpg','a1triathlon_sprint_sestroretsk_2016',1463380373),(151,'jpg','a1triathlon_half-ironman_sestroretsk_2016',1463380398),(152,'jpg','a1triathlon_swim_spb_2016',1463380399),(153,'jpg','a1triathlon_ironman_spb_2016',1463380400),(154,'jpg','a1triathlon_olympic_triathlon_spb_2016',1463380402),(155,'jpg','ironman_cozumel_2015',1463380434),(156,'jpg','half-ironman_dubai_2016',1463380435),(157,'jpg','half-ironman_phillipines_2016',1463380436),(158,'jpg','hald-ironman_buenos_aires_2016',1463380438),(159,'jpg','baikal_ice_marathon_2016',1463380439),(160,'jpg','sochi_half-marathon_2016',1463380474),(161,'jpg','spring_grom_2016',1463380475),(162,'jpg','redbull_wings_for_life_2016',1463380477),(163,'jpg','first_run_2016',1463380478),(164,'jpg','swim_cup_moscow_2016',1463380479),(165,'jpg','abu_dhabi_wts_2016',1463380482),(166,'jpg','kazan_marathon_2016',1463380483),(167,'jpg','moscow_half-marathon_2016',1463380486),(168,'jpg','russialoppet_moscow_2016',1463380487),(169,'jpg','russialoppet_toksovo_2016',1463380490),(170,'jpg','russialoppet_perevoz_2016',1463380521),(171,'jpg','russialoppet_krasnogorsk_2016',1463380522),(172,'jpg','russialoppet_voronezh_2016',1463380523),(173,'jpg','russialoppet_neva_classic_2016',1463380525),(174,'jpg','russialoppet_demino_2016',1463380526),(175,'jpg','russialoppet_europe_asia_2016',1463380527),(179,'jpg','autimn_grom_2016',1463380531),(180,'jpg','3grom_10k_2016',1463381289),(181,'jpg','cyprus_sapik_2015',1463381290),(182,'jpg','3sport_skigrom_night_15k_2016',1463381291),(183,'jpg','3sport_skigrom_30k_Bitsa_2016',1463381293),(184,'jpg','3sport_skigrom_30k_Mesch_2016',1463381294),(185,'jpg','3sport_skigrom_50k_2016',1463381295),(186,'jpg','vyborgtrail_3km_6km_2016',1463381296),(187,'jpg','vyborgtrail_7km_21km_2016',1463381297),(188,'jpg','divogorjeultra_2016',1463381298),(189,'jpg','cyprus_sapik_2015',1463381299),(190,'jpg','cyprus_sapik_2015',1463381306),(191,'jpg','agya_napa_triathlon_2016',1463381308),(192,'jpg','color_run_2016',1463381308),(193,'jpg','night_run_2016',1463381309),(194,'jpg','music_half-marathon_2016',1463381309),(195,'jpg','europe_asia_marathon_2016',1463381310),(196,'jpg','night_run_ebk_2016',1463381311),(197,'jpg','winter_half-marathon_ebk_2016',1463381312),(198,'jpg','tutaev_half-marathon_2016',1463381316),(199,'jpg','vw_cycling_tour_cyprus_2016',1463381316),(200,'jpg','uglich_half-marathon_2016',1463381333),(201,'jpg','ski_race_swim_cup_2016',1463381335),(202,'jpg','rosa_run_2016',1463381336),(203,'jpg','filename-1',1463381337),(204,'jpg','filename-2',1463381338),(205,'jpg','filename-3',1463381339),(206,'jpg','myshkin_half-marathon_2016',1463381340),(207,'jpg','pereslavl_marathon_2016',1463381341),(208,'jpg','yaroslavl_half-marathon_2016',1463381342),(209,'jpg','download',1463899920),(210,'jpg','download',1463899947),(211,'jpg','download',1463899971),(212,'png','New-Balance-Around-the-World-60-min-run-2016',1464607966),(213,'png','Angry-Boys-Cup-Stage-3-2016',1464614337),(214,'png','Angry-Boys-Cup-Stage-3-2016',1464614910),(215,'png','3grom-klenovo-olympic-2016',1465897393),(216,'png','VestaBank-3Grom-sprint-triathlon-Krylatskoe-2016',1465899635),(218,'png','Icon-Livigno-triathlon-2016',1465905727),(219,'png','a1-swim-2016',1465906475),(220,'png','vyborgman-2016',1465908481),(221,'png','moscow-marathon-2016',1459679876),(222,'png','a1',1465920652),(223,'png','a1',1465920846),(224,'png','ironstar',1465921681),(225,'png','titan',1465982361),(226,'png','3sport',1465982557),(227,'jpg','marathon_titan_2016',1468145497),(229,'jpg','samsung_triathlon',1468146970),(230,'png','katusha_new_logo',1468147054),(231,'jpg','license_2016',1468147175),(232,'png','Grom-Vazuza-SwimRun-2016',1469986656),(233,'png','Grom-Vazuza-SwimRun-2016',1469987198),(235,'png','Bronnitsy-Marathon-Fall-2016',1472470341),(236,'png','Ironstar-113-Sochi-2017',1472474794),(237,'png','Ironstar-Sprint-Triathlon-Sochi-2017',1472536483),(238,'png','Titan-Marathon-2017',1472537459),(239,'png','Titan-Marathon-26-March-2017',1472538377),(240,'png','Titan-Olympic-Triathlon-Bronnitsy-2016',1472540036),(241,'png','triathlon_tv',1472661957),(242,'png','why_not_run',1472663175),(243,'png','jabra-sport-pulse-wireless',1472664019),(244,'png','sapik_team_camp_jan_2016',1472664690),(245,'png','malmsten_main',1472742722),(246,'png','Charity-Run-5275-2016',1472808869),(247,'png','Titan-Swim-3k-2016',1472812674),(248,'png','How-to-choose-goggles',1472813888),(249,'png','Stoit-li-trenirovatsya-na-pustoy-zheludok',1472815508),(250,'png','Titan-Triathlon-Festival-2017',1472907761),(251,'jpg','serp',1473084301),(252,'png','dobry-zabeg-2016',1473173788),(253,'png','moscow-marathon-2016',1473190916),(254,'png','serpantin-ladies-cup-2016',1473272273),(255,'png','serpantin',1473272583);
/*!40000 ALTER TABLE `fpm_file` ENABLE KEYS */;
UNLOCK TABLES;

--
-- Table structure for table `migration`
--

DROP TABLE IF EXISTS `migration`;
/*!40101 SET @saved_cs_client     = @@character_set_client */;
/*!40101 SET character_set_client = utf8 */;
CREATE TABLE `migration` (
  `version` varchar(180) NOT NULL,
  `apply_time` int(11) DEFAULT NULL,
  PRIMARY KEY (`version`)
) ENGINE=InnoDB DEFAULT CHARSET=latin1;
/*!40101 SET character_set_client = @saved_cs_client */;

--
-- Dumping data for table `migration`
--

LOCK TABLES `migration` WRITE;
/*!40000 ALTER TABLE `migration` DISABLE KEYS */;
INSERT INTO `migration` VALUES ('m000000_000000_base',1457235270),('m130524_201442_init',1457239773),('m160306_033443_create_race_table',1457239773),('m160306_033452_create_sport_table',1457239773),('m160306_033538_create_distance_table',1457239773),('m160306_033556_create_organizer_table',1457239773),('m160306_033620_create_coach_table',1457239773),('m160306_033631_create_post_table',1457239773),('m160306_033639_create_content_page_table',1457239773),('m160306_033649_create_product_table',1457239773),('m160306_045536_create_configuration_table',1457241215),('m160306_080017_create_fpm_file_table',1457254706),('m160306_084407_create_race_lang_table',1457254751),('m160327_083521_add_race_to_user_fk',1459067750),('m160327_083638_add_distance_to_sport_fk',1459081874),('m160327_083700_add_post_to_user_fk',1459081874),('m160327_084300_alter_race_table',1459081874),('m160327_091024_add_race_to_sport_fk',1459081874),('m160327_091244_create_distance_category_table',1459081874),('m160327_091323_create_distance_distance_category_ref',1459081874),('m160327_091345_add_distance_distance_category_ref_to_distance_fk',1459081874),('m160327_091352_add_distance_distance_category_ref_to_distance_category_fk',1459081874),('m160327_123028_add_race_to_organizer_fk',1459081874),('m160403_095238_create_seo_table',1459677232),('m160403_131227_alter_race_table',1459689233),('m160423_213840_alter_user_table',1461447842),('m160424_155232_alter_coach_table',1461513329),('m160424_155242_create_coach_sport_ref_table',1461513329),('m160424_170226_alter_distance_table',1461519175),('m160424_170231_alter_distance_category_table',1461557980),('m160425_035007_alter_race_table',1461558895),('m160425_044329_create_race_distance_category_ref_table',1461559444),('m160425_044431_add_race_distance_category_ref_to_race_fk',1461559559),('m160425_044438_add_race_distance_category_ref_to_distance_category_fk',1461559559),('m160425_065638_create_race_distance_ref_table',1461567601),('m160425_065658_add_race_distance_ref_to_distance_fk',1461567601),('m160425_065703_add_race_distance_ref_to_race_fk',1461567601),('m160425_095345_alter_race_table',1461578880),('m160425_100411_create_promo_table',1461579831),('m160516_174900_alter_sport_table',1463421010),('m160516_175341_alter_sport_table',1463421261),('m160526_171517_alter_race_rable',1464634362),('m160530_165715_create_will_go_table',1464634362),('m160605_024450_alter_race_table',1465114746),('m160605_210657_create_banner_table',1465161298),('m160613_075500_drop_banner_table',1465804577),('m160731_170715_alter_post_table',1469988264),('m160731_172338_alter_post_table',1469988264),('m160731_174948_alter_post_table',1469988264),('m160731_181143_alter_post_table',1469989488),('m160814_211310_create_cache_table',1471214041),('m160822_053201_insert_into_configuration_table',1472677950),('m160822_173709_insert_into_configuration_table',1472677950),('m160822_180357_insert_into_configuration_table',1472677950),('m160822_181907_insert_into_configuration_table',1472677950),('m160826_054101_insert_into_configuration_table',1472677950);
/*!40000 ALTER TABLE `migration` ENABLE KEYS */;
UNLOCK TABLES;

--
-- Table structure for table `organizer`
--

DROP TABLE IF EXISTS `organizer`;
/*!40101 SET @saved_cs_client     = @@character_set_client */;
/*!40101 SET character_set_client = utf8 */;
CREATE TABLE `organizer` (
  `id` int(11) NOT NULL AUTO_INCREMENT,
  `created` datetime NOT NULL,
  `label` varchar(255) COLLATE utf8_unicode_ci NOT NULL,
  `country` varchar(255) COLLATE utf8_unicode_ci NOT NULL,
  `site` varchar(255) COLLATE utf8_unicode_ci NOT NULL,
  `phone` varchar(255) COLLATE utf8_unicode_ci DEFAULT NULL,
  `email` varchar(255) COLLATE utf8_unicode_ci DEFAULT NULL,
  `image_id` int(11) NOT NULL,
  `promo` text COLLATE utf8_unicode_ci NOT NULL,
  `content` text COLLATE utf8_unicode_ci,
  `published` tinyint(1) DEFAULT NULL,
  PRIMARY KEY (`id`)
) ENGINE=InnoDB AUTO_INCREMENT=80 DEFAULT CHARSET=utf8 COLLATE=utf8_unicode_ci;
/*!40101 SET character_set_client = @saved_cs_client */;

--
-- Dumping data for table `organizer`
--

LOCK TABLES `organizer` WRITE;
/*!40000 ALTER TABLE `organizer` DISABLE KEYS */;
INSERT INTO `organizer` VALUES (2,'2016-03-27 11:29:00','Organizer 2','Russia','www.servr.ri','+42342','fkbr1993@yadnex.ru',489,'<p>sda</p>','',0),(4,'2016-05-16 05:47:00','Nike Running','','',NULL,NULL,0,'',NULL,NULL),(5,'2016-05-16 05:50:00','Ironman','','',NULL,NULL,0,'',NULL,NULL),(6,'2016-05-16 05:50:00','Москомспорт','','',NULL,NULL,0,'',NULL,NULL),(7,'2016-05-16 05:50:00','ITU','','',NULL,NULL,0,'',NULL,NULL),(8,'2016-05-16 06:13:00','SCC Events','','',NULL,NULL,0,'',NULL,NULL),(9,'2016-05-16 06:13:00','3sport','Россия','http://3sport.org/','','',226,'Старейший из ведущих организаторов соревнований по триатлону и бегу в России под руководством Михаила Громова. Весенний и Осенний громы, триатлон в Крылатском и Кленово — это их рук дело.','',NULL),(10,'2016-05-16 06:13:00','Russia Running','','',NULL,NULL,0,'',NULL,NULL),(11,'2016-05-16 06:13:00','Циклон','','',NULL,NULL,0,'',NULL,NULL),(12,'2016-05-16 06:13:00','China Olympic Road Running Co.','','',NULL,NULL,0,'',NULL,NULL),(13,'2016-05-16 06:13:00','Линия жизни','','',NULL,NULL,0,'',NULL,NULL),(14,'2016-05-16 06:13:00','Trentino','','',NULL,NULL,0,'',NULL,NULL),(15,'2016-05-16 06:13:00','Городская мэрия','','',NULL,NULL,0,'',NULL,NULL),(16,'2016-05-16 06:13:00','Challenge','','',NULL,NULL,0,'',NULL,NULL),(17,'2016-05-16 06:13:00','Провинция Пиза','','',NULL,NULL,0,'',NULL,NULL),(18,'2016-05-16 06:13:00','Chinese Athletic Association','','',NULL,NULL,0,'',NULL,NULL),(19,'2016-05-16 06:13:00','New Runners','','',NULL,NULL,0,'',NULL,NULL),(20,'2016-05-16 06:13:00','Titan','Россия','https://titan-race.ru/','','',225,'Блестящая команда организаторов под руководством Алексея Ческидова. Самые известные соревнования: триатлон в Бронницах и Зарайске, традиционный февральский зимний марафон вокруг Бельского озера.','',NULL),(21,'2016-05-16 06:13:00','Ironstar','Россия','http://iron-star.com/','','',224,'Ведущая российская компания-организатор триатлонных стартов. Основные площадки: Сочи, Казань и Киров.','',NULL),(22,'2016-05-16 06:13:00','NewRunners','','',NULL,NULL,0,'',NULL,NULL),(23,'2016-05-16 06:14:00','Московский марафон','','',NULL,NULL,0,'',NULL,NULL),(24,'2016-05-16 06:14:00','Город Барселона','','',NULL,NULL,0,'',NULL,NULL),(25,'2016-05-16 06:14:00','Город Рим','','',NULL,NULL,0,'',NULL,NULL),(26,'2016-05-16 06:14:00','Город Вена','','',NULL,NULL,0,'',NULL,NULL),(27,'2016-05-16 06:14:00','New York Road Runners','','',NULL,NULL,0,'',NULL,NULL),(28,'2016-05-16 06:14:00','Город Берлин','','',NULL,NULL,0,'',NULL,NULL),(30,'2016-05-16 06:20:00','Профессиональная лига плавания','','',NULL,NULL,0,'',NULL,NULL),(31,'2016-05-16 06:21:00','Город Санкт-Петербург','','',NULL,NULL,0,'',NULL,NULL),(32,'2016-05-16 06:21:00','Марафонская команда Шри Чинмоя','','',NULL,NULL,0,'',NULL,NULL),(33,'2016-05-16 06:21:00','Фонд «Обнаженные сердца»','','',NULL,NULL,0,'',NULL,NULL),(34,'2016-05-16 06:21:00','Wings for Life','','',NULL,NULL,0,'',NULL,NULL),(35,'2016-05-16 06:21:00','ETU','','',NULL,NULL,0,'',NULL,NULL),(36,'2016-05-16 06:22:00','Tri.by','','',NULL,NULL,0,'',NULL,NULL),(37,'2016-05-16 06:22:00','RussiaRunning','','',NULL,NULL,0,'',NULL,NULL),(38,'2016-05-16 06:23:00','Riga Triathlon','','',NULL,NULL,0,'',NULL,NULL),(39,'2016-05-16 06:23:00','Рейтинг','','',NULL,NULL,0,'',NULL,NULL),(40,'2016-05-16 06:23:00','Reebok ','','',NULL,NULL,0,'',NULL,NULL),(41,'2016-05-16 06:23:00','Zelrun','','',NULL,NULL,0,'',NULL,NULL),(42,'2016-05-16 06:23:00','Казань','','',NULL,NULL,0,'',NULL,NULL),(43,'2016-05-16 06:23:00','Федерация триатлона России','','',NULL,NULL,0,'',NULL,NULL),(44,'2016-05-16 06:23:00','New Balance','','',NULL,NULL,0,'',NULL,NULL),(45,'2016-05-16 06:23:00','Сбербанк','','',NULL,NULL,0,'',NULL,NULL),(46,'2016-05-16 06:23:00','RealRun','','',NULL,NULL,0,'',NULL,NULL),(47,'2016-05-16 06:24:00','Высшая лига','','',NULL,NULL,0,'',NULL,NULL),(48,'2016-05-16 06:24:00','River Trail Running Club','','',NULL,NULL,0,'',NULL,NULL),(49,'2016-05-16 06:24:00','Nike','','',NULL,NULL,0,'',NULL,NULL),(50,'2016-05-16 06:24:00','Московский Трейл','','',NULL,NULL,0,'',NULL,NULL),(51,'2016-05-16 06:24:00','Triathlon Estonia','','',NULL,NULL,0,'',NULL,NULL),(52,'2016-05-16 06:24:00','TriSmile','','',NULL,NULL,0,'',NULL,NULL),(53,'2016-05-16 06:24:00','Repat Armenia','','',NULL,NULL,0,'',NULL,NULL),(54,'2016-05-16 06:24:00','Париж','','',NULL,NULL,0,'',NULL,NULL),(55,'2016-05-16 06:24:00','Город Ницца','','',NULL,NULL,0,'',NULL,NULL),(56,'2016-05-16 06:24:00','ФСЦ «Молодежный»','','',NULL,NULL,0,'',NULL,NULL),(57,'2016-05-16 06:24:00','Бережковский триатлон','','',NULL,NULL,0,'',NULL,NULL),(58,'2016-05-16 06:24:00','Adidas','','',NULL,NULL,0,'',NULL,NULL),(59,'2016-05-16 06:24:00','Ростелеком','','',NULL,NULL,0,'',NULL,NULL),(60,'2016-05-16 06:24:00','Гепард','','',NULL,NULL,0,'',NULL,NULL),(61,'2016-05-16 06:24:00','21andMe','','',NULL,NULL,0,'',NULL,NULL),(62,'2016-05-16 06:24:00','Golden Ring Ultra Trail','','',NULL,NULL,0,'',NULL,NULL),(63,'2016-05-16 06:24:00','Мир','','',NULL,NULL,0,'',NULL,NULL),(64,'2016-05-16 06:24:00','Parkrun','','',NULL,NULL,0,'',NULL,NULL),(65,'2016-05-16 06:24:00','Альпиндустрия','','',NULL,NULL,0,'',NULL,NULL),(66,'2016-05-16 06:25:00','Let\'s Bike It','','',NULL,NULL,0,'',NULL,NULL),(67,'2016-05-16 06:25:00','A1 Triathlon','Россия','https://a1.ru','','',223,'Молодая и амбициозная команда организаторов из Санкт-Петербурга. Проводит старты серии А1. Отдельной заслугой можно считать возрождение знаменитого Выборгмена.','',NULL),(68,'2016-05-16 06:25:00','Ромашково','','',NULL,NULL,0,'',NULL,NULL),(69,'2016-05-16 06:33:00','Абсолютная Сибирь','','',NULL,NULL,0,'',NULL,NULL),(70,'2016-05-16 06:34:00','Red Bull','','',NULL,NULL,0,'',NULL,NULL),(71,'2016-05-16 06:34:00','SwimCup','','',NULL,NULL,0,'',NULL,NULL),(72,'2016-05-16 06:34:00','Russialoppet','','',NULL,NULL,0,'',NULL,NULL),(73,'2016-05-16 06:48:00','Sapik Team','','',NULL,NULL,0,'',NULL,NULL),(74,'2016-05-16 06:48:00','ВФО','','',NULL,NULL,0,'',NULL,NULL),(75,'2016-05-16 06:48:00','ФМВО','','',NULL,NULL,0,'',NULL,NULL),(76,'2016-05-16 06:48:00','Nireas Triathlon','','',NULL,NULL,0,'',NULL,NULL),(77,'2016-05-16 06:48:00','Другой','','',NULL,NULL,0,'',NULL,NULL),(78,'2016-05-30 16:19:00','Angry Boys','Россия','http://angryboys.pro','+7 985 318-65-65','go@angryboys.pro',214,'Команда, созданная Андреем Добрыниным, Алексеем Панферовым и Леонидом Богуславским.','',NULL),(79,'2016-09-07 21:18:00','Serpantin Cycling','Россия','http://serpantin-shop.ru/','','',255,'Велостудия, мастерская, кофейня — всё в одном и под руководством Юрия Левинзона.','',NULL);
/*!40000 ALTER TABLE `organizer` ENABLE KEYS */;
UNLOCK TABLES;

--
-- Table structure for table `post`
--

DROP TABLE IF EXISTS `post`;
/*!40101 SET @saved_cs_client     = @@character_set_client */;
/*!40101 SET character_set_client = utf8 */;
CREATE TABLE `post` (
  `id` int(11) NOT NULL AUTO_INCREMENT,
  `created` datetime NOT NULL,
  `author_id` int(11) NOT NULL,
  `label` varchar(255) COLLATE utf8_unicode_ci NOT NULL,
  `url` varchar(255) COLLATE utf8_unicode_ci NOT NULL,
  `promo` text COLLATE utf8_unicode_ci NOT NULL,
  `content` text COLLATE utf8_unicode_ci NOT NULL,
  `image_id` int(11) NOT NULL,
  `published` tinyint(1) DEFAULT NULL,
  `type` int(11) DEFAULT NULL,
  `popularity` int(11) DEFAULT NULL,
  `tags` varchar(255) COLLATE utf8_unicode_ci DEFAULT NULL,
  `featured` tinyint(1) DEFAULT NULL,
  PRIMARY KEY (`id`),
  UNIQUE KEY `url` (`url`),
  KEY `post_to_user_fk` (`author_id`),
  CONSTRAINT `post_to_user_fk` FOREIGN KEY (`author_id`) REFERENCES `user` (`id`)
) ENGINE=InnoDB AUTO_INCREMENT=13 DEFAULT CHARSET=utf8 COLLATE=utf8_unicode_ci;
/*!40101 SET character_set_client = @saved_cs_client */;

--
-- Dumping data for table `post`
--

LOCK TABLES `post` WRITE;
/*!40000 ALTER TABLE `post` DISABLE KEYS */;
INSERT INTO `post` VALUES (1,'2016-02-07 13:25:00',1,'Марафон «Титан» в Бронницах','Marafon-Titan-v-Bronnicah-2016','Как всегда в начале февраля прошел традиционный для этого времени марафон в Бронницах. Помимо марафона были ещё дистанции на 5 км, 10 км, полумарафон и 50 км. Делимся свежими впечатлениями!','<h2>Обо всём по порядку</h2><p>Традиционно регистрация открылась за несколько месяцев до старта. Но это не помешало многим отложить всё на последний момент и в итоге оказаться без слота. В этом году было 1000 слотов, все из которых были выкуплены. И это в феврале и в 40 километрах от Москвы. Когда я впервые бежал 10 км в Бронницах года 3 назад, то даже и представить себе не мог, что когда-нибудь здесь будет так много людей! Но обо всём по порядку.\r\n</p><img src=\"https://process.filestackapi.com/AMUpLpMHnQfWBIrqRcYd3z/resize=width:1200,height:750,fit:crop/http://www.fun-run.ru/wp-content/uploads/2016/02/marathon-titan-2016-38.jpg\" class=\"img-fluid m-t-1 m-b-1\"><p class=\"small\"><a href=\"http://www.fun-run.ru/2016/02/07/marafon-titan-2016/\" class=\"underline\">Фотография Марии Шальневой</a>\r\n</p><h2>Парковка</h2><p>Похоже, озеро Бельское и школьный спортзал выросли из забегов серии «Титан». Впервые были серьёзные проблемы с парковкой, но спасибо ребятам, которые быстро и эффективно расставляли приезжающие автомобили. В итоге «очередь» на парковку заняла не более 10 минут. Машин было очень много. В Москве на любом бы старте с таким количеством автомобилей точно случился бы коллапс.\r\n</p><h2>Стартовый пакет</h2><p>Во-первых, нужно отметить, что идея с предварительным получением стартовых пакетов работает отлично. Я побывал в магазине Триспорт на Курской, буквально за минуту получил номер и купил смазку для цепи. Это отличный симбиоз организаторов и спортивной розницы. Во-вторых, призываю всех получать стартовые пакеты заранее: это сэкономит вам время и нервы. На месте старта очередь за номерами была минут на 15—20.\r\n</p><img src=\"https://process.filestackapi.com/AMUpLpMHnQfWBIrqRcYd3z/resize=width:1200,height:750,fit:crop/http://www.fun-run.ru/wp-content/uploads/2016/02/marathon-titan-2016-3.jpg\" class=\"img-fluid m-t-1 m-b-1\"><p class=\"small\"><a href=\"http://www.fun-run.ru/2016/02/07/marafon-titan-2016/\" class=\"underline\">Фотография Марии Шальневой</a>\r\n</p><p>Немного расстроило, что в конверте было мало «подарков». Безусловно, это несущественная мелочь и современный тренд (сложно положить в пакет столько же, сколько и раньше, при дорогом долларе и таком же стартовом взносе), но раньше в пакетах были банданы, баффы, батончики, купоны, гели и ещё куча всего. А сейчас только номер, пара флаеров и булавки. Думаю, что это новый стандарт и к нему нужно привыкать.\r\n</p><h2>Камера хранения</h2><p>Как я писал выше, школьный спортзал стал слишком тесен для тысячи спортсменов и болельщиков. Поэтому ценный совет на будущее: переоденьтесь в машине. От парковки до тёплого здания метров 200, поэтому бегом замёрзнуть точно не успеете. Ни до гонки, ни после. В камеру хранения самая длинная и самая весёлая очередь (все в предвкушении первого большого старта сезона) — 20 минут.\r\n</p><h2>Экспо</h2><p>Количество продавцов приятно удивило. Во-первых, отличный стенд самого Титана. Брендированный велосипед, форма, шапочки, фляги и ещё куча всего триатлонного. Во-вторых, уже постоянные участники крупных спортивных событий — ребята с гелями <a href=\"http://www.trirussia.ru/magazine/read/?i=power-up\" class=\"underline\" target=\"_blank\">PowerUp</a>. Можно было купить практически всё, что угодно. Кроме одного: ни у кого не было шапок или баффов. Я легкомысленно не взял с собой шапку, поэтому использовал в качестве неё бафф. А вот горло осталось без прикрытия.\r\n</p><img src=\"https://process.filestackapi.com/AMUpLpMHnQfWBIrqRcYd3z/resize=width:1200,height:750,fit:crop/http://www.fun-run.ru/wp-content/uploads/2016/02/marathon-titan-2016-.jpg\" class=\"img-fluid m-t-1 m-b-1\"><p class=\"small\"><a href=\"http://www.fun-run.ru/2016/02/07/marafon-titan-2016/\" class=\"underline\">Фотография Марии Шальневой</a>\r\n</p><img src=\"https://process.filestackapi.com/AMUpLpMHnQfWBIrqRcYd3z/resize=width:1200,height:750,fit:crop/http://www.fun-run.ru/wp-content/uploads/2016/02/marathon-titan-2016-2.jpg\" class=\"img-fluid m-t-1 m-b-1\"><p class=\"small\"><a href=\"http://www.fun-run.ru/2016/02/07/marafon-titan-2016/\" class=\"underline\">Фотография Марии Шальневой</a>\r\n</p><h2>Трасса</h2><p>Многие знают трассу вокруг озера Бельского лучше, чем дорожки родного парка рядом с домом. Все знают, где ждать подвоха (около футбольных полей), где можно отпустить себя и ускориться на спуске (рядом с храмом), где потолкаться (перед последним перед финишем разворотом) и где начинать финишировать (сразу после выхода из узкой зоны). Но в этом году отдельно стоит отметить качество покрытия: идеальный ровный асфальт без снега и льда. У меня во дворе на третий день после снегопада не так чисто. Большие молодцы!\r\n</p><img src=\"https://process.filestackapi.com/AMUpLpMHnQfWBIrqRcYd3z/resize=width:1200,height:750,fit:crop/http://www.fun-run.ru/wp-content/uploads/2016/02/marathon-titan-2016-31.jpg\" class=\"img-fluid m-t-1 m-b-1\"><p class=\"small\"><a href=\"http://www.fun-run.ru/2016/02/07/marafon-titan-2016/\" class=\"underline\">Фотография Марии Шальневой</a>\r\n</p><h2>Болельщики</h2><p>С каждым годом зрителей всё больше и больше. Отдельно хочется отметить, что некоторые приезжают целыми дружными семьями: с детьми, бабушками и дедушками. Раздавать «хай файвы» довольным детишкам на финише — одно удовольствие! В следующем году Алексей Ческидов обещал, что старт будет проходить через центр города, поэтому количество болельщиков должно кратно увеличиться.\r\n</p><h2>Спасибо</h2><p>Хочу сказать спасибо всем, кто принимал участие в организации гонки, всем волонтёрам (вы вообще самые крутые), сотрудникам ДПС (я каждый год рад видеть таких приятных и участливых сотрудников), Алексею Ческидову, Ольге Шавыриной, Давиду Шахзадяну и 1000 человек, которые разделили со мной то отличное воскресенье!\r\n</p><h2>Выводы</h2><p>Февральский марафон «Титан» становится отличной традицией. В следующем году нужно что-то придумывать: всем желающим просто места не хватит!\r\n</p>',227,NULL,1,78,'',0),(2,'2016-01-11 13:45:00',1,'Триатлонные сборы на Кипре вместе с Sapik Team','sapik-cyprus-camp-2016','Впервые в жизни я решил провести новогодние каникулы не просто активно, а очень активно и отправился на триатлонные сборы, которые организовывали ребята из Sapik Team. 17 дней драйва, тренировок, отличных дорог, здоровой еды, солнца и веселья в компании друзей!','<h2>Как добраться</h2><p>После того, как Трансаэро перестала летать, авиабилеты на Кипр стали совсем дорогими. В среднем билет из Москвы до Ларнаки и обратно стоит от 14 000 рублей. На новогодние праздники цены, безусловно выше, но можно найти предложения около 17 000 рублей в оба конца. Аэрофлот, безусловно, ценовой лидер: цен ниже 30 000 рублей не было.</p><h2>Где жить</h2><p>Ларнака — это мекка для спортсменов в зимний период. Приемлемая погода от 15 до 20 С°, отличные дороги, море, бассейны, бесконечные беговые маршруты, свежие фрукты, хорошее мясо и практически полное отсутствие развлечений (чтобы не отвлекало). Если вы приедете в Ларнаку в феврале, то легко сможете встретить сборные России и Украины по триатлону и велоспорту. Такое ощущение, что велосипедистов на дорогах точно больше, чем закидывающихся с утра пивом туристов.</p><p>Вариантов проживания в Ларнаке масса. Можно жить в гостиницах, частных домах или апартаментах. Цены от 20 евро в день при длительном проживании. Но имейте ввиду, что хорошие места разбираются за несколько месяцев.</p><h2>Что делать</h2><p>Не скажу, что Ларнака зимой предлагает много возможностей для досуга, но вы ведь сюда не за этим приехали. А для здоровья и спорта здесь есть всё необходимое.</p><h3>Крутить и крутить</h3><p>Культура вождения на Кипре феноменальная. Такого уважения к велосипедистам я не видел ни в какой стране. Если обгоняют, то заранее и только по встречке. Никогда не погудят и не подрежут. Дороги все находятся в отличном состоянии, а из-за большого количества скоростных магистралей дублёры пустуют. Там все и катают. При этом вариантов масса: можно без рельефа ездить по побережью, по холмам или штурмовать очень крутые подъёмы. Главной велодостопримечательностью является «монастырь» — <a href=\"https://www.google.ru/maps/place/Stavrovouni+Monastery/@34.8860064,33.4332104,17z/data=!3m1!4b1!4m2!3m1!1s0x14e0a20b2723dadb:0x457481db035afaae\" class=\"underline\" target=\"_blank\">Stavrovouni Monastery</a>.</p><h3>Бегать</h3><p>Можно по пляжу или по английской военной базе <a href=\"https://www.google.ru/maps/place/Dhekelia,+Cyprus/@34.990962,33.7196633,15z/data=!3m1!4b1!4m2!3m1!1s0x14de2c3f6fbf8ccf:0xf9530da40a26f6e4\" class=\"underline\" target=\"_blank\">Dekelia</a>. Можно убежать в горы от моря и накручивать круги по плато под палящим кипрским солнцем, а потом вернуться вниз и искупаться в ледяном море (в январе температура воды не больше 15 С°).</p><h3>Плавать</h3><p>Просто посмотрите на этот 50-метровый открытый бассейн. Когда мы плавали, удивлялись, почему на Кипре так мало известных профессиональных спортсменов: здесь все условия, чтобы заниматься спортом.</p><h3>Вкусно есть</h3><p>У нас на сборах был один излюбленных маршрут: восстановительная тренировка по равнине длиной 40 км. И каждый раз мы заезжали на цитрусовую ферму. К сожалению, (или к счастью для нас) у фермы не было забора, и мы не нашли никого, кто мог бы нам разрешить или запретить есть спелые мандарины, толстокожие, но очень сочные апельсины и чумовые лимоны. Поэтому ферма стала нашим официальным пунктом питания во время тренировки.</p><p>Я не скажу, что кипрская кухня какая-то особенная. Те кто любит готовить, делают это определенно лучше, чем местные повары. Но стоит отметить кипрское мезе (от 15 евро на человека): это набор из 20 микроблюд с холодными и горячими закусками, грилем и основными блюдами, сыр Халуми (его очень вкусно делают на гриле), греческий йогурт, оливковое масло и маслины.</p><p>Конечно, тренер не приветствовал такой праздник живота, поэтому мы делали это без его ведома, когда ездили на экскурсию в Лимассол.</p><h3>Кормить кошек</h3><p>Если вы ранее не были не Кипре, то вас точно удивит огромное количество бездомных кошек, которые абсолютно везде: у магазинов, в кафе, на набережной, под лежаками. Согласно легенде кошек специально привезли на Кипр, чтобы они боролись с расплодившимися змеями, которые доставляли неудобства местным жителям. При этом все кошки довольно упитанные: каждый киприот считает своим долгом покормить бездомную кошку или котёнка</p><h3>Смотреть футбол</h3><p>Развлечение для любителей. Я собираю футбольные шарфы и стараюсь из каждого путешествия привезти себе не тарелку или магнитик, а шарф местной футбольной команды. Вот и Ларнака не стала исключением: лидер чемпионата ларнакский АЕК играл с аутсайдером, и я решил сходить посмотреть, как шизят местные ультрас. Билет на стадион стоит 10 евро, распределения по мест нет, но тысячи полторы болельщиков точно набралось. Стадион, кстати, находится рядом с открытым бассейном, в котором мы проводили свои тренировки.</p><h2>Делаем выводы</h2><p>Это самый спортивный и полезный для здоровья новый год в моей жизни. Мы не ждали курантов, а сели ужинать в обычное время: в 18:30. У нас не было «Оливье», «Селедки под шубой» и заливной рыбы, но торжественность ужина обозначила праздничная огромная индейка, которую приготовил наш тренер <a href=\"http://www.trirussia.ru/coach.php?id=Sapik%20Team\" class=\"underline\" target=\"_blank\">Даниил Сапунов</a> (кстати, не знал, что он так круто готовит). На следующий день в 11:00 у нас была велотренировка, во время которой я смалодушничал (испугался сильного холодного ветра) и заменил её на комфортный бег.</p><p>Если вы сомневаетесь, ехать на сбор или нет, то даже не думайте! Это очень крутой опыт, возможность правильно тренироваться в отличном месте, новые друзья и отличный заряд бодрости. Если ищете отличную компанию, то в апреле 2016 года пройдёт ещё один.</p>',244,NULL,1,83,'',0),(3,'2016-05-03 07:35:00',1,'Спортивные часы или фитнес-трекер Samsung Triathlon','samsung-triathlon','Даже лидеры мирового рынка потребительской электроники стараются держать нос по тренду и объявили о разработке не просто умных часов, а настоящего фитнес-трекера. Посмотрим, станут ли они достойным конкурентам Гарминам, Поларам и другим часам.','<p>В ноябре в прессе появились слухи, что Самсунг планирует выпустить спортивные часы под названием Samsung Triathlon. Сейчас появились первые фотографии этого фитнес-трекера. Можно оценить дизайн гаджета и оценить некоторые его возможности. Во-первых, сразу бросается в глаза его поворачивающийся безель. Скорее всего, так будет осуществляться навигация по меню. Также часы смогут измерять пульс и количество потребляемой воды (любопытно). Во-вторых, носить гаджет можно не только на руке, но и на одежде (не понятно, правда, зачем: наоборот — это ведь особый понт засветить новенькими 920 из под рукава костюма).\r\n</p><p><img src=\"https://process.filestackapi.com/AMUpLpMHnQfWBIrqRcYd3z/resize=width:1200,height:750,fit:crop/https://www.dropbox.com/s/lf845rzqf7be2k1/samsung_triathlon_01.jpg?raw=1\" class=\"img-fluid\">\r\n</p><p><br>\r\n</p><p><img src=\"https://process.filestackapi.com/AMUpLpMHnQfWBIrqRcYd3z/resize=width:1200,height:750,fit:crop/https://www.dropbox.com/s/r2brj78bwtuukzf/samsung_triathlon_02.jpg?raw=1\" class=\"img-fluid\">\r\n</p><p><br>\r\n</p><p><img src=\"https://process.filestackapi.com/AMUpLpMHnQfWBIrqRcYd3z/resize=width:1200,height:750,fit:crop/https://www.dropbox.com/s/rqqvviyfwdkj07w/samsung_triathlon_03.jpg?raw=1\" class=\"img-fluid\">\r\n</p><p>Сердцем часов станет разработанный в Самсунге биопроцессор, который компания запустила в серийное производство в 2015 году. Он умеет обрабатывать сразу пять разных биометрических сигналов: кожно-гальваническую реакцию, ЭКГ, температуру кожи, биоэлектрического импенданса и фотоплетизмограмму. Эти сложные процессы лежат в основе знакомых нам показателей сердечного пульса, процента содержания жира, уровня стресса, объёма потребляемой жидкости и других физиологических параметров.\r\n</p>',229,NULL,0,81,'',0),(4,'2015-12-01 02:10:00',1,'Российская велокоманда «Катюша» обновляет свой бренд','katusha-all-new','Отличная новости из расположения нашей профессиональной велокоманды «Катюша». Из официальных источников было объявлено о мероприятии для журналистов и спонсовров, на котором представят обновлённый бренд команды.','<p>Похоже, что Катюша собирается обзавестись новым стилем, который представит общественности 12 декабря. Сейчас Катюша — это сбалансированная команда из 28 велосипедистов, которые примут участие в гонках в течение 2016 года. Все они соберутся в Испании на сборы, которые пройдут с 1 по 13 декабря, а 12 декабря команда (и, судя по всему, обновлённый стиль) будет представлена спонсорам и прессе.</p><p>Заметим, что это должно пойти на пользу команде, т. к. вплоть до сегодняшнего дня основным стоппером для продаж официальной командной велоформы являлись не отсутствие желтой майки и ярких побед на гранд-турах, а невнятный дизайн велоформы. С нетерпением ждём обновления!</p>',230,NULL,0,102,'',0),(5,'2016-07-10 13:37:00',1,'Лицензии триатлетов 2016','license-2016','Если вы планируете участвовать хотя бы в одном соревновании в течение 2016 года, то лицензия триатлета — это главная покупка года. Помимо соревнований куча бонусов в виде скидок в спортсменоориентированных бизнесах.','<h2>Что это такое?</h2>\r\n<p>Лицензия триатлета — обязательный документ для регистрации на большинство международных соревнований. Конечно, вы можете купить однодневную лицензию у организаторов, но иногда её цена доходит до 40 евро, что гораздо дешевле годовой официальной российской лицензии.\r\n</p>\r\n<p>Лицензия нужна для участия в триатлонных стартах в большинстве европейских стран. В частности, во Франции, Италии или Швейцарии, поэтому мы настоятельно рекомендуем вам обзавестись пластиковой картой, если вы планируете участвовать в соревнованиях за рубежом.\r\n</p>\r\n<h2>Сколько стоит?</h2>\r\n<p>Любительская годовая лицензия стоит 800 рублей, если подадите заявку с 1 по 30 марта 2016 года, и 1100 рублей, если с 1 апреля по 31 августа 2016 года.\r\n</p>\r\n<h2>Как получить лицензию триатлета</h2>\r\n<p>Оформление заявки и оплата лицензий для любителей производится в онлайне. Для этого нужно заполнить анкету, загрузить фотографию и оплатить взнос.\r\n</p><a href=\"http://ftr.3sport.org/\" class=\"btn btn-primary-outline\" target=\"_blank\">Получить лицензию</a>\r\n<h4>График получения лицензий</h4>\r\n<table class=\"table table-hover\">\r\n<thead>\r\n<tr>\r\n	<th>Дата заявки\r\n	</th>\r\n	<th>Дата выдачи\r\n	</th>\r\n</tr>\r\n</thead>\r\n<tbody>\r\n<tr>\r\n	<td>1—14 февраля\r\n	</td>\r\n	<td>с 1 марта\r\n	</td>\r\n</tr>\r\n<tr>\r\n	<td>15—29 февраля\r\n	</td>\r\n	<td>с 15 марта\r\n	</td>\r\n</tr>\r\n<tr>\r\n	<td>1—14 марта\r\n	</td>\r\n	<td>с 1 апреля\r\n	</td>\r\n</tr>\r\n<tr>\r\n	<td>15—31 марта\r\n	</td>\r\n	<td>с 15 апреля\r\n	</td>\r\n</tr>\r\n<tr>\r\n	<td>1—14 апреля\r\n	</td>\r\n	<td>с 1 мая\r\n	</td>\r\n</tr>\r\n<tr>\r\n	<td>15—30 апреля\r\n	</td>\r\n	<td>с 15 мая\r\n	</td>\r\n</tr>\r\n<tr>\r\n	<td>1—14 мая\r\n	</td>\r\n	<td>с 1 июня\r\n	</td>\r\n</tr>\r\n<tr>\r\n	<td>15—30 мая\r\n	</td>\r\n	<td>с 15 июня\r\n	</td>\r\n</tr>\r\n<tr>\r\n	<td>1—30 июня\r\n	</td>\r\n	<td>с 15 июля\r\n	</td>\r\n</tr>\r\n<tr>\r\n	<td>1—31 июля\r\n	</td>\r\n	<td>с 15 августа\r\n	</td>\r\n</tr>\r\n<tr>\r\n	<td>1—31 августа\r\n	</td>\r\n	<td>с 15 сентября\r\n	</td>\r\n</tr>\r\n</tbody>\r\n</table>\r\n<h2>Бонусы</h2>\r\n<table class=\"table table-hover\">\r\n<thead>\r\n<tr>\r\n	<th>Партнёр\r\n	</th>\r\n	<th>Скидка\r\n	</th>\r\n	<th>На что\r\n	</th>\r\n</tr>\r\n</thead>\r\n<tbody>\r\n<tr>\r\n	<td>Ironstar\r\n	</td>\r\n	<td>10%\r\n	</td>\r\n	<td>При регистрации на все старты в 2016 году\r\n	</td>\r\n</tr>\r\n<tr>\r\n	<td>Velosport Lab\r\n	</td>\r\n	<td>10%\r\n	</td>\r\n	<td>На все процедуры тестирования и корректировки посадки\r\n	</td>\r\n</tr>\r\n<tr>\r\n	<td>Tyrrussia.ru\r\n	</td>\r\n	<td>12%\r\n	</td>\r\n	<td>На приобретение продукции TYR в России в интернет-магазине\r\n	</td>\r\n</tr>\r\n<tr>\r\n	<td>Кант\r\n	</td>\r\n	<td>15%\r\n	</td>\r\n	<td>На всю продукцию сети магазинов Кант в Москве, Санкт-Петербурге, Самаре, Екатеринбурге и Челябинске\r\n	</td>\r\n</tr>\r\n<tr>\r\n	<td>Триспорт\r\n	</td>\r\n	<td>8%\r\n	</td>\r\n	<td>На покупки в интернет-магазине и оффлайновом магазине\r\n	</td>\r\n</tr>\r\n<tr>\r\n	<td>Newtonrunning.ru\r\n	</td>\r\n	<td>15%\r\n	</td>\r\n	<td>На покупки в интернет-магазине\r\n	</td>\r\n</tr>\r\n<tr>\r\n	<td>Лаборатория бега Runlab\r\n	</td>\r\n	<td>10%\r\n	</td>\r\n	<td>На товары и услуги в интернет-магазине и оффлайновом магазине\r\n	</td>\r\n</tr>\r\n<tr>\r\n	<td>Triatleta\r\n	</td>\r\n	<td>10%\r\n	</td>\r\n	<td>На товары в магазинах в Красноярске и в Санкт-Петербурге\r\n	</td>\r\n</tr>\r\n<tr>\r\n	<td>Веломаркет ЦСКА\r\n	</td>\r\n	<td>10%\r\n	</td>\r\n	<td>На товары в магазине\r\n	</td>\r\n</tr>\r\n<tr>\r\n	<td>Ювента спорт\r\n	</td>\r\n	<td>10%\r\n	</td>\r\n	<td>На товары в магазинах в Москве и Перми\r\n	</td>\r\n</tr>\r\n<tr>\r\n	<td>Compressport.ru\r\n	</td>\r\n	<td>15%\r\n	</td>\r\n	<td>На покупки в интернет-магазине\r\n	</td>\r\n</tr>\r\n<tr>\r\n	<td>Клиники «Чайка»\r\n	</td>\r\n	<td>10%\r\n	</td>\r\n	<td>На один прием терапевта и спортивного врача (в том числе для оформления медицинской справки для участия в соревнованиях)\r\n	</td>\r\n</tr>\r\n<tr>\r\n	<td>Манн-Иванов-Фербер\r\n	</td>\r\n	<td>25%\r\n	</td>\r\n	<td>На покупку на электронных версий (pdf, mobi, epub) книг направления спорт, а также по теме «здоровье и саморазвитие»)\r\n	</td>\r\n</tr>\r\n</tbody>\r\n</table>',231,NULL,0,163,'',0),(6,'2016-06-02 07:35:00',1,'Где смотреть триатлон по телевизору и в вебе','gde-smotret-triathlon','Главные ссылки для просмотра триатлона по телевизору или в вебе. Платно и бесплатно. Промокоды внутри.','<p>Тренироваться и участвовать в соревнованиях, конечно, увлекательно, полезно и весело, но иногда хочется посмотреть, как проходят дистанции профессионалы. Не у каждого есть возможность просто понаблюдать за гонкой вживую: либо ты сам бежишь вместе с профиками, либо соревнования проходят далеко и ради них ехать куда-то не очень хочется.\r\n</p><h4>Triathlonlive.tv</h4><p>К сожалению, даже такой крутой телевизионный канал, как Евроспорт, не показывает триатлон. И это несмотря на ту популярность, которую спорт постепенно набирает в Европе, поэтому любители триатлона и велоспорта в частности могут наслаждаться гонками Гранд тура: Вуэльтой, Тур де Франсом и Джиро д\'Италией. Но здесь нам на помощь приходят Международный союз триатлона, новейшие технологии и высокоскоростной интернет. На сайте <a href=\"http://www.triathlonlive.tv\" class=\"underline\" target=\"_blank\">Triathlonlive.tv</a> можно купить подписку и в прямой трансляции наблюдать за гонками мировой серии (WTS), в которой участвуют сильнейшие триатлеты на олимпийской дистанции.\r\n</p><p style=\"width: 100%; background-color: black; padding: 30px; margin: 30px 0;\">\r\n	<a href=\"http://www.triathlonlive.tv\" target=\"_blank\"><img src=\"https://triathlon-images.s3.amazonaws.com/triathlonlive/triathlonlive_wts_logo.svg\"></a>\r\n</p><h4>Это не бесплатно, но у нас есть промокод для Triathlonlive.tv</h4><p>Подписка на сервис стоит 20 евро в год. В этом году прошла только одна гонка в Абу-Даби, осталось еще 9 гонок, последняя из которых пройдёт в Чикаго в сентябре 2015 года. Показывают мужчин и женщин, комментируют на английском. При этом каждую из гонок можно посмотреть в повторе. И, что немаловажно, у сервиса есть мобильная версия, поэтому видео можно смотреть с телефона. Это даже круче, чем Евроспорт плеер.\r\n</p><p>Чтобы немного сэкономить, мы предлагаем вам промокод, который даёт 10% скидку. Проверяли лично, работает. При заказе введите <strong>WTS2015</strong>.\r\n</p><p>Еще есть //непроверенные// промокоды с большими скидками:\r\n</p><ul>\r\n	<li><strong>Trimaglive</strong> обещает скидку на 20%</li>\r\n	<li><strong>Groff</strong> должен давать скидку 20%</li>\r\n</ul><h4>IRONMAN World Championship</h4><p>Каждый год телеканал NBC делает часовой фильм про главную триатлонную гонку сезона. В итоге получаются отличные фильмы по лучшим мотивам жанра: реальные истории обычных людей, непростой путь к победе, фантастическая мотивация, отличная звукорежиссерская работа, трогательные моменты и отличная картинка.\r\n</p>',241,NULL,0,65,'триатлон, тв',0),(7,'2016-09-01 05:25:00',1,'10 вещей, которые запрещено делать бегунам','10-no-things-for-runners','Правила и советы для бегунов, которые помогут правильно войти в тренировку и получить от неё удовольствие.','<h4>Никогда не игнорируйте боль</h4><p>Безусловно, составляющей частью любого состязания на выносливость, будь то триатлон, бег, плавание, лыжный спорт или велогонка, является умение преодолевать себя и боль. Но для этого необходимо провести четкую границу, отделяющую боль физическую от боли ментальной. Физическая боль может быть кратковременной или постоянной, она висит будто в фоне, но ведёт к серьёзным травмам. Боль ментальная — это ваша борьба с собой.</p><p>Если у вас есть хотя бы малейшее подозрение, что с вами что-то не так. Если болит там, где раньше не болело, и это продолжается уже не одну тренировку, то обязательно поговорите с тренером и сходите ко врачу. Как известно, любую болячку на ранней стадии вылечить гораздо легче.</p><h4>Не пропускайте разминку</h4><p>Мало времени на тренировку? Уже поздно, а завтра рано вставать? Так и тянет пропустить разминку? Никогда не пропускайте разминку! Слышите?! Ни-ког-да! Каждому бегуну когда-нибудь да хотелось выбежать из дома и рвануть на тренировку, попутно поставив личный рекорд на излюбленном отрезке от подъезда до \"того поворота\". Но очень часто такая недальновидность и спешка ведёт к серьёзным травмам: растяжения и микронадрывы мышц, даже если вы находитесь в отличной форме.</p><p>Хорошая разминка с элементами ходьбы, растяжки и согревающих движений способствует подготовке ваших мышц, костей и суставов к предстоящей работе. Это займёт у вас не более 10—15 минут, но поможет избежать травм. Кстати, если у вас тренировка по времени, смело включайте таймер: разминка считается частью тренировки.</p><h4>Бегайте перед завтраком, а не после</h4><p>Для многих бегать до завтрака представляется довольно непростой задачей, но это стоит сделать привычкой. Даже если вы проснулись и чувствуете сильный голод (это вполне нормально), не стоит готовить себе яичницу или кастрюлю каши с орехами. Достаточно выпить воды с мёдом и съесть половинку банана. Этого должно хватить на небольшую утреннюю пробежку. Если вам совсем тяжело обойтись без полноценного приёма пищи или вам предстоит сложная утренняя беговая тренировка, то устройте себе небольшой перекус в 200—300 ккал за час до тренировки. Это должно помочь.</p>',242,NULL,0,440,'триатлон, советы, жизнь, бег, правила',0),(8,'2016-08-30 09:45:00',1,'Обзор спортивных беспроводных наушников Jabra Sport Pulse Wireless','obzor-jabra-sport-pulse-wireless','Возможно, это те самые наушники, которых ждали многие. Или это шаг в правильном направлении к тому, каким должно быть правильное спортивное оборудование.','<p>Возможно, это те самые наушники, которых ждали многие. Или это шаг в правильном направлении к тому, каким должно быть правильное спортивное оборудование. После тестов, тренировок и двух стартов готовы делиться впечатлениями о беспроводных наушниках Jabra Sport Pulse Wireless. Мне друзья сказали, что правильно говорить \"беспроводная гарнитура\", но я предпочитаю олдскульный вариант: беспроводные наушники.</p><h4>Коробка</h4><p>Встречают по одёжке. Коробка очень приятная и сразу видно, что Jabra.</p><p>Внутри лежат сами наушники, micro-USB зарядка, куча насадок по уши разных размеров и очень приятный чехол. Кстати, впервые в жизни я пользовался чехлом, который шел вместе с наушниками.</p><h4>Сами наушники</h4><p>Несмотря на то, что я всегда со определенной долей скепсиса относился к наушникам, у которых помимо самих затычек есть \"лишние детали\", здесь эти детали оказались очень нужными — благодаря сменным насадкам (назовём их так) ваши наушники будут сидеть, как литые. Даже во время длинного забега в жару они не будут выскальзывать.</p><p>Отдельно приятно, что есть шнур достаточно длинный, чтобы нигде ничего не тянуло. При этом \"лишнюю\" длину можно убрать при помощи очень удобных держателей (в комплекте их два — желтый и черный). На фотографии справа.</p><h4>Подключение наушников к телефону</h4><p>Процесс подключения довольно прост:</p><ol>\r\n	<li>Зажимаете главную кнопку секунд на 6—8 до тех пор, пока лампочка не начнет мигать синим «блютусовским» цветом.</li>\r\n	<li>Заходите в управление Блютусом на телефоне, ищете Jabra PULSE a3.8.0. *ВАЖНО* Выбирайте именно этот девайс, а не Jabra PULSE Smart.</li>\r\n	<li>Через пару секунд они спарятся и теперь у вас свободные руки, а в ушах любимые треки.</li>\r\n</ol><p>Обязательно скачайте приложение ((<a href=\"https://itunes.apple.com/ru/app/jabra-sport-life/id917045895?mt=8\">https://itunes.apple.com/ru/app/jabra-sport-life/i...</a> Jabra Sport Life)). Оно позволит воспользоваться функционалом наушников в полной мере. Настройка пульсометра, который находится в левом \"ухе\", крайне простая и понятная. Просто следуйте инструкциям приложения.</p><h4>Побежали!</h4><h5>Режимы</h5><p>В приложении можно выбрать массу режимов: от бега и велосипеда до лыж и легких прогулок по беговой дорожке в зале. Но пока у нас лето, мы его проводим на улице.</p><h5>Пульсометр</h5><p>Я читал, что у кого-то не совпадал пульс на Гармине с пульсом, которые показывали наушники. Я думаю, что проблема в том, что наушник не очень плотно сидел в ухе. У меня пару раз было расхождение в 1—2 удара в минуту, что абсолютно несущественно. И, конечно, очень круто, что ничего не жмёт и не мешает, а руки при этом свободные. Это очень необычно и сложно объяснить словами.</p><h5>«Девушка из телефона»</h5><p>Каждый километр по умолчанию девушка из телефона говорит, сколько пробежал, с каким темпом, на каком пульсе и в какой пульсовой зоне. Это тоже очень впечатляет! Особенно если планируется длинная тренировка, она отлично помогает и отвлекает от долгого монотонного бега. И, конечно, в конце подведение итогов, как в Nike+ Running.</p><h5>Тесты внутри приложения</h5><p>По умолчанию в приложении есть несколько тестов:</p><ul>\r\n	<li>Rockport тест на выносливость</li>\r\n	<li>Тест на перетренированность (впервые такое вижу)</li>\r\n	<li>Тест на определение пульсовых зон</li>\r\n	<li>Тест Купера на определение выносливости</li>\r\n</ul><p>По большому счету приложение может стать полноценной заменой Найк Раннинга. Но при этом во время тренировок я использовал оба. Просто тогда девушки из телефона говорят по очереди.</p><h4>Соревнования</h4><p>Первым соревнованием был старт в адскую жару в Парке «Сокольники». И тут я впервые услышал, что бегу со средним пульсом 190, что меня немного испугало. На часах это как-то не так страшно смотрится. Наушники отлично справились: не мешали, не выпадали, отвлекали от тяжелого дыхания.</p><p>А вторым соревнованием были 5 км на ((<a href=\"http://www.trirussia.ru/last_race.php?id=234\">http://www.trirussia.ru/last_race.php?id=234</a> Adidas Run High)). Вот это было настоящее испытание: дождь, грязь, пот. И опять же они отлично справились. На коробке написано, что наушники созданы с использование стандартов защиты от дождя, песка, грязи и падений американских военных.</p><h4>Что не понравилось</h4><p>Столкнулся с проблемой, что не мог спарить наушники с телефоном. Всё из-за того, что законнектил Jabra PULSE Smart. С этим устройством телефон работать не хотел. Долго гуглил, но в итоге нашел, как решить проблему. Нужно секунд на 10 зажать кнопку, которая отвечает за пульсометр на левом ухе и после этого Smart отключится. Затем зажимает \"главную кнопку\" на 6—8 секунд до момента, когда начинает мигать синяя лампочка. Теперь заходим в телефон и спариваем устройства.</p><p>Уже почти год, как вышел Айфон 6, а приложение Jabra Sport Life сделано для более молодых телефонов. Мелочь, конечно, но взгляд зацепился за низкое разрешение.</p><h4>В итоге</h4><p>Это объективно лучшие наушники для занятий спортом. Даже если вы фанаты темповых тренировок, они умеют их считать. Плюс с этими наушниками очень удобно заниматься в зале, они понимают, что вы делаете упражнения или бежите на беговой дорожке (используется педометр). И самое приятное — во время бега ты не думаешь о проводах, можешь спокойно махать руками, не боясь, что наушники вылетят из уха. А батарейки в наушниках хватит на марафон пешком.</p>',243,NULL,3,73,'jabra, обзор, наушники, спорт',0),(9,'2016-09-01 18:10:00',1,'Обзор ультралёгких классических шведских очков-стекляшек Malsmten','malmsten-goggles-review','Обзор знаменитых «шведок», или ещё их называли «стекляшками». Шведские очки без уплотнителя, простые, но при этом невероятно стильные и притягивающие взгляды.','<h4>На стиле</h4>\r\n<p>Выводы обычно делают в конце, но мы нарушим правило и скажем сразу: очки Malmsten — это стиль. Их можно обожать или ненавидеть, но равнодушно к этим очкам относиться нельзя. Они как Mustang Shelby 1967 года: любой современный суперкар оставит его далеко позади, но мало кто из ценителей прекрасного променяет этот маслкар на более технологичный Nissan GTR или супермощный итальянский Ferrari.</p>\r\n\r\n<h4>Привет из прошлого</h4>\r\n<p>Если вам больше 30 лет, и вы когда-либо занимались плаванием, то вы прекрасно помните знаменитые «стекляшки» или «шведки». Да, это те самые невесомые стартовые очки из детства. За десятилетия конструкция, похоже, не изменилась совсем: те же жесткие и плотноприлегающие к коже линзы и та же резинка, которой хватит ещё и на плавки. Изменились сами линзы: они стали поляризационными, с диоптриями, затемнёнными и разноцветными. Если вы никогда не видели эти очки, то посмотрите любой плавательный старт конца 20 века — половина пловцов будут в «шведках».</p>\r\n<h4>Простые до невозможности</h4>\r\n<p>Перейдём к самому интересному. В упаковке с очками ничего лишнего. Даже инструкции, как вдевать веревочку (о ней мы расскажем подробнее). Упаковка представляет собой простой прозрачный пакет из плотного полиэтилена. Внутри лежат «разобранные» очки: две линзы, длинная резинка, хлопчато-бумажный шнурок и силиконовая трубочка, предназначенная для смягчения трения шнурка о переносицу. Мы долго спорили, почему их не собрали на заводе: экономия на сборке, олдскульный DIY или что-то ещё, но так и не пришли к единому мнению. Видимо, это фишка производителя, который делает «самые копируемые» очки с 1975 года.</p>\r\n\r\n<img src=\"http://www.trirussia.ru/img/magazine/malmsten_01.jpg\" class=\"img-fluid m-b-1\" alt=\"Обзор очков-стекляшек Malsmten\">\r\n\r\n<h4>Сборка очков и плавание</h4>\r\n<p>Несмотря на то, что очки продаются в разобранном состоянии, сборка их занимает около 3 минут. Самое сложное — вдеть шнурок, соединяющий линзы в области переносицы. И при этом не забыть спрятать его в силиконовую трубочку, чтобы не натирало. Хотя на практике шнурок мало кто использует, гораздо проще вдеть между линзами кусочек резинки (она очень длинная). Что сразу нравится в очках: они очень маленькие и лёгкие. Вот так, кстати, выглядят очки в сборе у профессиональных спортсменов (обратите внимание, что в районе переносицы именно резинка):</p>\r\n\r\n<img src=\"http://www.trirussia.ru/img/magazine/malmsten_02.png\" class=\"img-fluid m-b-1\" alt=\"Обзор очков-стекляшек Malsmten\">\r\n\r\n<p>Очки не протекают, очень плотно прилегают к глазам, из-за отсутствия резиновых стенок угол обзора гораздо больше, но это условно, потому что верхние прозрачные стенки очков заметно искажают картинку. Через 2—3 занятия вообще не замечаешь и не обращаешь на шведки никакого внимания: сидят хорошо, не натирают, не запотевают. Но всё время ловишь на себе взгляды соседей по дорожкам. Однажды девушка, плавающая чуть ли не в маске, подошла и спросила, что это за такие модные мини-очки.</p>\r\n<p>Самыми модными можно считать поляризационные очки:</p>\r\n<img src=\"http://www.trirussia.ru/img/magazine/malmsten_03.jpg\" class=\"img-fluid m-b-1\" alt=\"Обзор очков-стекляшек Malsmten\">\r\n\r\n<h4>Что не понравилось</h4>\r\n<p>Несмотря на ряд преимуществ, у шведок Malmsten есть два недостатка:</p>\r\n<ul>\r\n	<li>К ним нужно привыкать. Первые два похода в бассейн их всё время хотелось поправить, хотя они не протекали</li>\r\n	<li>Они очень быстро царапаются. Возможно, потому что в них не нужно тренироваться, и они должны быть только стартовыми</li>\r\n</ul>\r\n\r\n<h4>Цены</h4>\r\n<p>В России очки Malmsten можно купить в Магазине <a href=\"http://www.proswim.ru/catalog/ochki-dlya-plavaniya/malmsten/\" class=\"underline\" target=\"_blank\">www.proswim.ru</a>. Цены варьируются от 450 рублей за базовую версию без антифога до 1 350 рублей за очки с поляризационными линзами.</p>\r\n<h4>Выводы</h4>\r\n<p>Отличные очки для тех, кто ходит в бассейн получать наслаждение. Возможно, есть очки лучше, но у каждого спортсмена-любителя точно должна быть пара «шведок» или «стекляшек». Хотя бы просто для того, чтобы иметь своё мнение. Лёгкой воды!</p>',245,NULL,3,186,'шведки, стекляшки, Malmsten, обзор, очки, плавание',0),(10,'2016-09-02 13:47:00',1,'Как выбрать правильные плавательные очки','How-to-choose-goggles','Если вы с детства профессионально не занимаетесь плаванием, наверное, не так уж много плавательных очков вы попробовали. В этой статье мы подробно остановимся на вопросе, как выбрать правильные и удобные очки для тренировок и соревнований.','<p>Большинство современных плавательных очков защищают ваши глаза не только от воды, но и от солнца, позволяя вам видеть под водой ещё лучше! Вы ведь носите очки в солнечную погоду? Так почему бы не делать того же самого в воде?</p>\r\n\r\n<p>Купальник, плавки и прочие плавательные вещи вы можете выбрать, исходя из ваших эстетических и личных предпочтений, с очками — другая история! Множество спортивных брэндов предлагают целые линейки различных плавательных очков, в этом многообразии легко запутаться в поиске идеальной пары.</p>\r\n<p>С виду модные и продвинутые  очки могут просто не подойти строению вашего лица, быть непригодными для вашего стиля плавания  или не обладать нужными вам свойствами. Итог — выкинутые деньги на ветер. Ниже мы предлагаем вам наш простой гид по выбору очков.</p>\r\n\r\n<h2>Главное</h2>\r\n\r\n<p>Итак, главное правило выбора очков: они должны подходить вашему лицу! Достаньте очки из упаковки и слегка прижмите к вашим глазам. Уберите руки. Если вы чувствуете, что силикон немного присосался к коже, и очки не падают несколько секунд, значит очки сидят герметично и не будут пропускать воду.</p>\r\n\r\n<h2>Цвет линз</h2>\r\n\r\n<p>Если вы плаваете в закрытом бассейне, вам подойдёт большинство очков. Только очень тёмные и зеркальные не берите! Для плавания на открытой воде лучше иметь хотя бы парочку линз. Тёмные зеркальные линзы — для солнечной погоды. Красные или голубые линзы хороши в облачную погоду и увеличивают контрастность цветов, что особенно важно, когда вам за доли секунды нужно рассмотреть яркий буй.</p>\r\n\r\n<h2>Размер и форма</h2>\r\n\r\n<p>Кроме того, что очки должны подходить вашему типу лица, следует обратить внимание  на их размер  и функциональность. Так для тренировки в бассейне подойдут  очки с небольшой гладкой силиконовой прокладкой, которые  минимизируют риск смещения во время плавания и проникновение воды. И хотя маленькие очки – оптимальный выбор, лучше избегать классическую модель Шведок, которые обычно вообще не имеют мягкой прокладки между очками и кожей. Выбирайте такие очки в которых вам будет комфортно\r\nнесколько часов в неделю.</p>\r\n\r\n<p>Сложнее выбрать очки для плавания в открытой воде. Тут нужно подобрать очки, которые дадут вам хорошую видимость в разных условиях и останутся на глазах даже при сильных волнах. Широкие очки или маска увеличивают ваше поле зрения в открытой воде, и как правило имеют очень мягкую силиконовую прокладку. Наш совет: протестируйте ваши очки в разную погоду и в разной воде, удостоверьтесь что они вас не подведут в день соревнований.</p>\r\n\r\n<p>Надеемся, наши советы помогут вам в выборе идеальных очков.</p>',248,NULL,0,159,'очки, совет',0),(11,'2016-09-03 19:35:00',1,'Стоит ли тренироваться на голодный желудок','Stoit-li-trenirovatsya-na-pustoy-zheludok','Еда — это наше топливо, которое позволяет нам жить и тренироваться. Поэтому резонно себя спросить: стоит ли проводить тренировки и заниматься спортом на пустой желудок? Мы об этом подробно рассказываем в нашей статье.','<p>Согласно данным Президентского совета США по спорту, питанию и здоровому образу жизни (President\'s Council on Fitness, Sports & Nutrition) американцы едят меньше овощей, фруктов, цельнозерновых и молочных продуктов, а также масел, чем требуется для поддержания здорового питания. И это касается не только американцев, но и жителей других развитых стран. Когда мы говорим о результатах в спорте и о здоровье в целом, то еда и то, что мы едим, имеют огромное значение.</p>\r\n<p>Также нужно отметить, что важно не только, что мы едим, а как и когда мы это едим. Возможно, вы не чувствуете голод, но отправляетесь на пробежку, в бассейн или зал. Повлияет ли отсутствие питания на ваши результаты?</p>\r\n<h2>Почему тренироваться на пустой желудок опасно</h2>\r\n<p>Многие исследования подтверждают, что тренировка на голодный желудок увеличивает скорость сжигания жира. Однако польза для организма от переработки углеводов и белков значительно превышает пользу от усиленного сжигания жира во время тренировки, будучи голодным. Вот три основные причины есть перед тренировкой:</p>\r\n<ul>\r\n<li>Небольшой перекус перед тренировкой уменьшает кол-во разрушенного белка в организме. Это особенно важно, если вы пытаетесь сохранить или набрать мышечную массу.</li>\r\n<li>Если вы предпочитаете заниматься по утрам, то с большой вероятностью у вас в ранние часы будет низкий уровень сахара. Поэтому вам просто необходим небольшой завтрак, чтобы получить удовольствие от тренировки, а не вернуться без сил.</li>\r\n<li>Также на тренировочный процесс имеет значительное воздействие ваш метаболизм. Вашему телу нужно топливо, чтобы поддерживать метаболизм на необходимом уровне. Если вы не запустите этот процесс перед тренировкой, то вы не получите симметричного эффекта после неё: ваш метаболизм останется на прежнем уровне.</li>\r\n</ul>\r\n<h2>Сколько есть и когда есть</h2>\r\n<p>Нет четких правил, сколько нужно съесть перед тренировкой. Это зависит от интенсивности и длительности занятий. Мы рекомендуем придерживаться следущей схемы: за 1 час до тренировки (или чуть меньше) съедать 1 грамм углеводов на 1 кг вашего веса. Небольшой перекус лучше, чем его отсутствие, однако не стоит переусердствовать. Всегда слушайте своё тело, а не советы окружающих. Для простой тренировки можно съесть фрукт, кашу или отлично подойдёт небольшой бутерброд с арахисовым маслом.</p>\r\n<p>Также нет правила, когда вы должны есть. Бывает очень сложно спланировать приёмы пищи, исходят из тренировок, которые запланированы на день, особенно если у вас плотный график и вы едва находите время для тренировок, но ни в коем случае не стоит пренебрегать питанием перед тренировкой. Перед пробежкой или походом в зал задумайтесь: когда вы ели в последний раз. Если два часа назад у вас был обед, богатый углеводами, то этого будет достаточно. А если вы ели более двух часов назад, то советуем вам сделать небольшой перекус.</p>\r\n<h2>Что делать, если вы не едите перед тренировкой</h2>\r\n<p>Возможно, у вас слишком чувствительный желудок, и вы испытываете дискомфорт, если поедите перед тренировкой. Есть несколько альтернатив лёгкому перекусу. Выпейте стакан сока. Это повысит уровень сахара в крови и даст вам необходимый запас энергии. Если и этот вариант вам не подходит, то старайтесь не быть голодным в течение всего дня.</p>\r\n<p>В любом случае нет универсальных правил. Каждый организм и каждый человек сам определяет, как ему питаться перед тренировкой. Испробовав несколько вариантов, вы точно поймёте, что вам нужно.</p>\r\n',249,NULL,0,109,'еда, питание, голод, физкультура',0),(12,'2016-09-05 15:30:00',1,'Лучший велосипедный сервис в Москве — Serpantin','serpantin','Мы побывали во многих мастерских и сервисных центрах, где ремонтируют и делают ТО для велосипедов, и Серпантин оказался лучшим из них','<p>Это не реклама. Более того, Юрий Левинзон, который придумал и сделал магазин Серпантин, не в курсе, что про него и его команду мы напишем небольшую статью. Это тот самый случай, когда хочется рассказать о людях, которые любят свою работу и делают её на высшем уровне.</p><h2>Начнем с плохого</h2><p>У Серпантина самый неудобный сайт, который только может быть: <a href=\"http://serpantin-shop.ru\" class=\"underline\" target=\"_blank\">Serpantin-shop.ru</a>. Из-за того, что сайт сделан на Яваскрипте, кнопка назад не работает, чтобы вернуться на предыдущую страницу, нужно нажать на один из пунктов главного меню, половина разделов пустая, шаблон на английском, поэтому многие названия и заголовки тоже на английском. Но это тот самый случай, когда не стоит встречать по одёжке. Самое интересное — внутри.</p><h2>Как добраться</h2><p>На Яндекс.Картах до недавнего времени Серпантина не было, поэтому навигатору нельзя было сказать: «серпантин велосипеды», чтобы он построил маршрут. Уверен, что-то поменяется, потому что в Гугле именно по такому запросу отлично ищется. Поэтому специально для тех, кто ещё не был на велотреке, а только слышал, что вся велосипедно-триатлонная жизнь столицы сосредоточена именно в Крылатском, мы делаем подробную схему проезда.</p><p>Заезд на велотрек с Крылатской улицы вот здесь:</p><p class=\"m-t-1\">Далее по схеме:</p><p class=\"m-t-1\">Видите белую лестницу? Это вход в Серпантин:</p><h2>Невероятные велосипеды</h2><p>Даже если вы не разбираетесь в велосипедах, но знаете толк в красивых и хороших вещах, то сразу обратите внимание на велосипеды, которые встретят вас перед входом. Возможно, это лучшие образцы современной велоиндустрии. Мы мечтаем когда-нибудь стать обладателями хотя бы одного из них. При этом у каждого велосипеда есть цена и его можно купить. О самых лучших и самых доступных велосипедах мы напишем в отдельной статье.</p><p><img src=\"http://www.trirussia.ru/img/magazine/serp_01.jpg\" class=\"img-fluid m-b-1\"></p><h2>Что внутри</h2><p>Если честно, то с позиционированием Серпантина мы немного запутались. Там есть и велостудия (на фото ниже), и услуги механика, и bike fitting (о нём подробно в следующих статьях), и магазин (продаются не только велосипеды, можно купить гели, велоформу, руль или седло), и какой-то магический кофейный аппарат, и душевые с раздевалками. Скорее всего, при создании бизнеса хотели сделать место, где любителю велоспорта будет уютно и комфортно.</p><p><img src=\"http://www.trirussia.ru/img/magazine/serp_05.jpg\" class=\"img-fluid m-b-1\"></p><h3>Bike Fit</h3><p><img src=\"http://www.trirussia.ru/img/magazine/serp_02.jpg\" class=\"img-fluid m-b-1\"></p><p>Как и обещали, подробно про байк фит расскажем в большой статье. А пока в двух словах: это довольно длинная процедура (не менее часа), когда вы сидите на таком аппарате, который настраивается под вас. Сейчас на нём установлен разделочный руль, но можно сделать байк фит и для шоссейного велосипеда. Вы крутите, вас снимают и замеряют, а потом, к примеру, говорят: вам подойдёт Pinarello Bolide или Scott Plasma Premium — они идеально вам подойдут.</p><h3>Мастерская</h3><p><img src=\"http://www.trirussia.ru/img/magazine/serp_04.jpg\" class=\"img-fluid m-b-1\"></p><p><img src=\"http://www.trirussia.ru/img/magazine/serp_03.jpg\" class=\"img-fluid m-b-1\"></p><p>Наконец-то мы дошли. Просторная мастерская со всем необходимым. Нас встречает Егор (по крайней мере доверяем велосипеды ему), сам в прошлом профессиональный велогонщик. Окинул взглядом велосипед и предположил, что нужно сделать ТО. Но прежде всего велосипед нужно помыть. И здесь для этого есть специальная «душевая» с шампунем и Керхером. То есть это полноценная бережная мойка велосипеда. Не с губочкой и ведёрком, как в Сокольниках, а с пеной и 10 литрами чистой воды. После этого были проверены буквально все части велосипеда: рулевая колонка, вынос, покрышки, спицы и обода, исправлены небольшие «восьмёрки», настроены тормоза и трансмиссия. И, что очень важно, проверены и затянуты все болты. Велосипед стал, как новый за исключением нескольких повреждений в результате удачных падений.</p><p><img src=\"http://www.trirussia.ru/img/magazine/serp_06.jpg\" class=\"img-fluid m-b-1\"></p><h2>Выводы</h2><p>Вся процедура заняла около 2 часов. Но можно было оставить велосипед на 1—2 дня. Стоимость ТО составила <nobr>1 500</nobr> рублей. Если вы проезжаете на улице 500 км в месяц, то рекомендуем вам делать такую процедуру ежемесячно. И велосипед идеально чистый, и всё настроено, и если что-то начинает ломаться, быстро поправят. Крутите на здоровье!</p>',251,NULL,3,213,'Серпантин, Serpantin, мастерская, веломастерская, ремон, велосипед',1);
/*!40000 ALTER TABLE `post` ENABLE KEYS */;
UNLOCK TABLES;

--
-- Table structure for table `product`
--

DROP TABLE IF EXISTS `product`;
/*!40101 SET @saved_cs_client     = @@character_set_client */;
/*!40101 SET character_set_client = utf8 */;
CREATE TABLE `product` (
  `id` int(11) NOT NULL AUTO_INCREMENT,
  `created` datetime NOT NULL,
  `label` varchar(255) COLLATE utf8_unicode_ci NOT NULL,
  `url` varchar(255) COLLATE utf8_unicode_ci NOT NULL,
  `promo` text COLLATE utf8_unicode_ci,
  `content` text COLLATE utf8_unicode_ci,
  `image_id` int(11) DEFAULT NULL,
  `published` tinyint(1) DEFAULT NULL,
  PRIMARY KEY (`id`),
  UNIQUE KEY `url` (`url`)
) ENGINE=InnoDB DEFAULT CHARSET=utf8 COLLATE=utf8_unicode_ci;
/*!40101 SET character_set_client = @saved_cs_client */;

--
-- Dumping data for table `product`
--

LOCK TABLES `product` WRITE;
/*!40000 ALTER TABLE `product` DISABLE KEYS */;
/*!40000 ALTER TABLE `product` ENABLE KEYS */;
UNLOCK TABLES;

--
-- Table structure for table `promo`
--

DROP TABLE IF EXISTS `promo`;
/*!40101 SET @saved_cs_client     = @@character_set_client */;
/*!40101 SET character_set_client = utf8 */;
CREATE TABLE `promo` (
  `id` int(11) NOT NULL AUTO_INCREMENT,
  `label` varchar(255) COLLATE utf8_unicode_ci DEFAULT NULL,
  `content` text COLLATE utf8_unicode_ci,
  `position` int(11) DEFAULT NULL,
  `published` tinyint(1) DEFAULT '1',
  `created` datetime NOT NULL,
  PRIMARY KEY (`id`)
) ENGINE=InnoDB AUTO_INCREMENT=7 DEFAULT CHARSET=utf8 COLLATE=utf8_unicode_ci;
/*!40101 SET character_set_client = @saved_cs_client */;

--
-- Dumping data for table `promo`
--

LOCK TABLES `promo` WRITE;
/*!40000 ALTER TABLE `promo` DISABLE KEYS */;
INSERT INTO `promo` VALUES (3,'блок 3','<div class=\"card card-block text-xs-center\">\r\n<img src=\"img/discount-50-red.png\">\r\n<h4 class=\"card-title m-t-1\"><a href=\"http://www.trirussia.ru/magazine/serpantin\" class=\"underline-black\" target=\"_blank\">Плановое ТО и ремонт велосипедов</a></h4>\r\n<p class=\"card-text\">Первоклассное обслуживание шоссейных и горных велосипедов. Техобслуживание, сложный ремонт и настройка. Будет как новенький.\r\n</div>',NULL,1,'2016-07-10 13:40:00'),(4,'','<div class=\"card\">\r\n<a href=\"http://gel4u.ru/?utm_source=trirussia&utm_medium=main-promo&utm_term=triathlon&utm_campaign=triathlon-sponsorship\" target=\"_blank\">\r\n<img class=\"card-img-top img-fluid\" src=\"img/gel4u.png\" alt=\"Спортивные гели в магазине Gel4u\">\r\n</a>\r\n<div class=\"card-block text-xs-center\">\r\n<h4 class=\"card-title\"><a href=\"http://gel4u.ru/?utm_source=trirussia&utm_medium=main-promo&utm_term=triathlon&utm_campaign=triathlon-sponsorship\" class=\"underline-black\" target=\"_blank\">Отличные английские гели Sis</a></h4>\r\n<p class=\"card-text\">Удобные гели, которые не нужно запивать, батончики, изотоники и удобные прозрачные фляги</p>\r\n</div>	\r\n</div>',NULL,1,'2016-07-10 22:35:00'),(5,'','<div class=\"card card-block bg-pink text-xs-center\">\r\n<img src=\"img/quote-50.png\">\r\n<h3 class=\"card-title m-t-1\">Владимир Гусев</h3>\r\n<p class=\"card-text\">Невероятно стильная цитата про триатлон</p>\r\n</div>',NULL,1,'2016-07-10 22:37:00'),(6,'','<div class=\"card card-block\">\r\n<div class=\"card-container\">\r\n<h4 class=\"card-title\"><a href=\"#\" class=\"no-underline\">Очень модный заголовок</a></h4>\r\n<div class=\"divider\"></div>\r\n<p class=\"card-text\">This is a wider card with supporting text below as a natural lead-in to additional content. This card has even longer content than the first to show that equal height action.</p>\r\n<p class=\"card-text\"><small class=\"text-muted\">Last updated 3 mins ago</small></p>\r\n</div>\r\n</div>',NULL,1,'2016-07-10 22:37:00');
/*!40000 ALTER TABLE `promo` ENABLE KEYS */;
UNLOCK TABLES;

--
-- Table structure for table `race`
--

DROP TABLE IF EXISTS `race`;
/*!40101 SET @saved_cs_client     = @@character_set_client */;
/*!40101 SET character_set_client = utf8 */;
CREATE TABLE `race` (
  `id` int(11) NOT NULL AUTO_INCREMENT,
  `created` datetime NOT NULL,
  `author_id` int(11) NOT NULL,
  `start_date` date NOT NULL,
  `finish_date` date DEFAULT NULL,
  `start_time` varchar(5) COLLATE utf8_unicode_ci DEFAULT NULL,
  `country` varchar(100) COLLATE utf8_unicode_ci NOT NULL,
  `region` varchar(100) COLLATE utf8_unicode_ci NOT NULL,
  `place` varchar(255) COLLATE utf8_unicode_ci DEFAULT NULL,
  `label` varchar(255) COLLATE utf8_unicode_ci NOT NULL,
  `url` varchar(255) COLLATE utf8_unicode_ci NOT NULL,
  `price` float DEFAULT NULL,
  `currency` varchar(255) COLLATE utf8_unicode_ci DEFAULT NULL,
  `organizer_id` int(11) DEFAULT NULL,
  `site` varchar(255) COLLATE utf8_unicode_ci DEFAULT NULL,
  `main_image_id` int(11) DEFAULT NULL,
  `promo` text COLLATE utf8_unicode_ci NOT NULL,
  `content` text COLLATE utf8_unicode_ci,
  `instagram_tag` varchar(50) COLLATE utf8_unicode_ci DEFAULT NULL,
  `facebook_event_id` varchar(255) COLLATE utf8_unicode_ci DEFAULT NULL,
  `published` tinyint(1) DEFAULT NULL,
  `sport_id` int(11) DEFAULT NULL,
  `coord_lon` float DEFAULT NULL,
  `coord_lat` float DEFAULT NULL,
  `special_distance` varchar(255) COLLATE utf8_unicode_ci DEFAULT NULL,
  `popularity` int(11) DEFAULT NULL,
  `display_type` int(11) DEFAULT '0',
  PRIMARY KEY (`id`),
  UNIQUE KEY `url` (`url`),
  KEY `race_to_sport_fk` (`sport_id`),
  KEY `race_to_organizer_fk` (`organizer_id`),
  CONSTRAINT `race_to_organizer_fk` FOREIGN KEY (`organizer_id`) REFERENCES `organizer` (`id`),
  CONSTRAINT `race_to_sport_fk` FOREIGN KEY (`sport_id`) REFERENCES `sport` (`id`)
) ENGINE=InnoDB AUTO_INCREMENT=404 DEFAULT CHARSET=utf8 COLLATE=utf8_unicode_ci;
/*!40101 SET character_set_client = @saved_cs_client */;

--
-- Dumping data for table `race`
--

LOCK TABLES `race` WRITE;
/*!40000 ALTER TABLE `race` DISABLE KEYS */;
INSERT INTO `race` VALUES (22,'2016-05-16 06:09:00',1,'2014-09-07',NULL,NULL,'Канада','Мон-Трамблан',NULL,'Ironman 70.3 Mont-Tremblant','22-ironman-70-3-mont-tremblant',NULL,'рубли',5,'http://www.ironman.com/triathlon/events/americas/ironman-70.3/mont-tremblant.aspx',NULL,'Красочный и гостеприимный городок Мон-Тремблан преобразится во время чемпионата мира.','Visitors to Mont-Tremblant will find that the area is filled with endless entertainment and recreational options. The pedestrian layout makes the city inviting and accessible, and boutiques, bistros and restaurants can all be found within walking distance of the IRONMAN Village.\n\nIf it’s family-oriented fun you’re looking for, activities such as mini golf, water games and a Kids’ Club are all conveniently located throughout the Mont-Tremblant Resort. Additionally, the beach, transition area and bike and run courses are centrally located and easily accessible.\n\nThe 1.2-mile swim takes place in Tremblant Lake, followed by a 1-loop, 56-mile bike through Mont-Tremblant’s mountains. Athletes will then embark on the 13.1-mile run course, finishing in the city\'s pedestrian village.\n\nThere are 35 qualifying slots to the IRONMAN 70.3 World Championship.','IronmanMontTremblant',NULL,1,1,NULL,NULL,NULL,NULL,0),(23,'2016-05-16 06:09:00',1,'2014-09-14',NULL,NULL,'Россия','Москва',NULL,'We Run Moscow','23-we-run-moscow',NULL,'рубли',4,'http://www.nike.com/ru/ru_ru/c/running',NULL,'Традиционный осенний забег Nike под названием We Run Moscow 2014 пройдет 14 сентября на территории МГУ','92 дня мы бежим со скоростью лета, открывая новые маршруты. В памяти остается каждая минута, каждый миг, каждый шаг. Город, который подарил нам лето, дает тебе шанс вспомнить и пережить его мгновения еще раз.\n\nМы добавим еще один день к беговому лету. Выходи на старт главного забега сезона 14 сентября.','WeRunMoscow',NULL,1,2,NULL,NULL,NULL,NULL,0),(24,'2016-05-16 06:09:00',1,'2014-09-14',NULL,NULL,'Великобритания','Уэльс',NULL,'Ironman Wales','24-ironman-wales',NULL,'рубли',5,'http://eu.ironman.com/triathlon/events/emea/ironman/wales.aspx',NULL,'Рекордсмен по числу замков Пемброкшир принимает непростой этап серии Ironman.','Pembrokeshire is the host county for IRONMAN Wales and is rightly famous for its coastline, protected by the Pembrokeshire Coast National Parks authority and boasts more castles than any other county in the UK.\n\nThe race has quickly gained a reputation with a challenging bike and run courses, but also for the enthusiasm of the local residents in hosting the event. The crowds have turned out huge numbers for the start of the race, on Tenby’s North Beach being one of the most iconic settings for an IRONMAN swim anywhere in the world.\n\nThere are 50 qualifying slots for the IRONMAN World Championship in Kailua-Kona, HI.','IronmanWales',NULL,1,1,NULL,NULL,NULL,NULL,0),(25,'2016-05-16 06:09:00',1,'2014-09-14',NULL,NULL,'Германия','Рюген',NULL,'Ironman 70.3 Rugen','25-ironman-70-3-rugen',NULL,'рубли',5,NULL,NULL,'Юбилейный старт на острове Рюген в Балтийском море. Песочные пляжи, северный ветер и густые леса.','Pearly-white chalk cliffs, lush beech forests and fine-sandy beaches – on the island of Ruegen the Baltic Sea’s landscape is showing its most beautiful face. The pristine scenery, enchanting fishing villages, and the nostalgic architecture of Ruegen’s seaside resorts form a unique setting for athletic records.\n\nThere will be 50 for the IRONMAN 70.3 World Championship 2015 in Zell am See – Kaprun, Austria.','IronmanRugen',NULL,1,1,NULL,NULL,NULL,NULL,0),(26,'2016-05-16 06:09:00',1,'2014-09-20',NULL,NULL,'Испания','Ланцароте',NULL,'Ironman 70.3 Lanzarote','26-ironman-70-3-lanzarote',NULL,'рубли',5,'http://eu.ironman.com/triathlon/events/emea/ironman/lanzarote.aspx',NULL,'Один из самых сложных Айронменов в мире. Попробуйте свои силы в гонке на Канарских островах.','Located on the northern edge of the Canary Islands off the northwest coast of Africa, this race is considered by many to be one of the toughest IRONMAN events in the world.\r\nThe swim course takes place at Playa Grande, Puerto del Carmen, the main tourist resort of the island. It is a two-lap course with a short running passage between the two laps.\r\n\r\nThe bike course, well known for challenging athletes with strong winds, takes you all around the island with over 2551 m. of climbing. Participants will enjoy amazing views and will have lots of support from volunteers along the way. \r\n\r\nFinally, consisting of 3 laps, the run course leads you along the flat sea front of Puerto del Carmen, towards the airport and back. You will enjoy beautiful views of the ocean under the intense Lanzarote sun, while feeling the impressive support of thousands of spectators lining the streets. \r\n\r\nWe award 40 qualifying slots for the IRONMAN World Championships.','IronmanLanzarote',NULL,1,1,NULL,NULL,NULL,NULL,0),(27,'2016-05-16 06:09:00',1,'2014-09-21',NULL,NULL,'Россия','Москва',NULL,'Московский Марафон','27-moskovskiy-marafon',NULL,'рубли',6,'http://moscowmarathon.org/ru/',NULL,'Главный спортивный старт в России для любителей и профессионалов. Великолепная трасса и превосходная организация.','В прошлом году у нас появилась мечта — провести марафон в самом сердце Москвы. Мы хотели увидеть, как люди бегут по главным улицам города к своей cобственной мечте — финишу в «Лужниках». В 2013 году нашу идею разделили 2366 человек — именно столько бегунов в первый раз пробежали по уникальному маршруту Московского Марафона. Так был побит рекорд современной России по количеству финишировавших марафонцев, а мечта о городском празднике превратилась в реальность.\n\n«ОТ МЕЧТЫ К РЕАЛЬНОСТИ» — ЭТО СЛОГАН МОСКОВСКОГО МАРАФОНА 2014.\nО чём мечтаете вы? Преодолеть дистанцию 42 км 195 м в первый раз или установить личный рекорд на марафонской дистанции? Пробежать по центральным улицам Москвы и запечатлеть в памяти незабываемые виды города или повторить прошлогодний успех, снова пробежав Московский Марафон? Какую бы цель вы ни поставили перед собой — мы будем рады вам и вашей мечте. \n\nЖдём вас 21 сентября 2014 года в «Лужниках».','МосковскийМарафон',NULL,1,2,NULL,NULL,NULL,NULL,0),(28,'2016-05-16 06:09:00',1,'2014-09-21',NULL,NULL,'США','Калифорния',NULL,'Ironman Lake Tahoe','28-ironman-lake-tahoe',NULL,'рубли',5,'http://www.ironman.com/triathlon/events/americas/ironman/lake-tahoe.aspx',NULL,'Быстро набирающий популярность старт в США. Знаменитое озеро, интересная дистанция и великолепные виды.','If you\'re looking for the ultimate IRONMAN challenge, Lake Tahoe is the race for you. In Europe there’s IRONMAN France, with 5,000 feet of climbing through the Alps and IRONMAN Lanzarote, with two mountain climbs and incredible winds. In Asia there’s IRONMAN Malaysia featuring the highest recorded temperatures at an IRONMAN race. North America now has its own race where normal limits do not apply: IRONMAN Lake Tahoe.\n\nWith over 8,000 feet of climbing on the bike course, added to the normal challenges of 2.4-mile swim and marathon run, IRONMAN Lake Tahoe is arguably the world’s toughest course. Do all of that at 6,000 feet of altitude, and join a select group of IRONMAN finishers.\n\nRace morning starts at the Kings Beach State Recreation Area, where sandy, beach-front shores deliver athletes to the clean, clear waters of North Lake Tahoe. A lakeside transition and the start of the bike course bring riders along the shore with spectacular views down the 21-mile length of the Lake as riders enter Tahoe City. Cyclists race through the Truckee River corridor, following the Truckee River past Squaw Valley and into the town of Truckee. Here the course turns south back toward the lake, rolling past Northstar California and the start of the climb to Brockway Summit at a 7,200 foot elevation.\n\nBack at Kings Beach, athletes repeat another loop before finishing at Squaw Valley, home to the 1960 Winter Olympics. With a transition at Squaw Valley, runners will proceed back up the Truckee River corridor along the Truckee River bike path. Athletes will be treated to a relatively flat course along one of the most scenic stretches in the world before returning back to Squaw Valley and the satisfying finish of IRONMAN Lake Tahoe.\n\nIRONMAN Lake Tahoe offers 50 qualifying slots for the IRONMAN World Championship in Kailua-Kona, HI.','IronmanLakeTahoe',NULL,1,1,NULL,NULL,NULL,NULL,0),(29,'2016-05-16 06:09:00',1,'2014-09-27',NULL,NULL,'Турция','Алания',NULL,'Кубок мира ITU','29-kubok-mira-itu',NULL,'рубли',7,'http://www.triathlonalanya.com/',NULL,'Любимый русскими старт на теплом побережье Турции часто считается закрытием триатлонного сезона.',NULL,'AlanyaTriathlon',NULL,1,1,NULL,NULL,NULL,NULL,0),(30,'2016-05-16 06:09:00',1,'2014-09-27',NULL,NULL,'Малайзия','Лангкави',NULL,'Ironman Malaysia','30-ironman-malaysia',NULL,'рубли',5,'http://www.ironman.com/triathlon/events/asiapac/ironman/malaysia.aspx',NULL,'Возвращение полюбившегося старта на райском острове Лангкави. Бирюзовая вода, белый песок и жара.','IRONMAN makes its much anticipated return to Langkawi Island in September 2014. Located within a cluster of tropical islands that attract visitors the world over, the race will take athletes on a truly Malaysian cultural journey through tropical, hilly and demanding terrain passing traditional kampungs (villages), mangrove clusters and rainforest vistas.\n\nIRONMAN Malaysia Experience\n\nThe ocean swim starts from a sandy beach on Legenda Park with a two-loop triangle out to Eagle Point and back. A two-loop bike course heads out of Kuah town on to an anti-clockwise loop from the Southeast up around Gunung Raya mountain and into the northwest. Athletes return to Kuah town for the run: four loops that wind through Legenda Park, market places and the local stadium before returning to cross the line at Dataran Lang—where the giant eagle sculpture creates a formidable backdrop for this already imposing finish line.','IronmanMalaysia',NULL,1,1,NULL,NULL,NULL,NULL,0),(53,'2016-05-16 06:13:00',1,'2014-09-28',NULL,NULL,'Германия','Берлин',NULL,'Берлинский марафон','53-berlinskiy-marafon',NULL,'рубли',8,'http://www.bmw-berlin-marathon.com/en/',NULL,'Один из самых известных марафонов мира, в котором участвуют лучшие бегуны со всей планеты.','The registration is possible until the participation limit has been reached.\r\n\r\nBefore we send you over to the general registration, we would like to ask to you first fill out an initial assessment of your individual health risk for participating in sports, the so-called “Personal Activity and Prevention Screening Test (PAPS Test)”. This “online preventive medical exam” will provide you with a basis for your next doctors visit or check up in just 2-3 minutes. The test is recommended by both the German Athletics Association and in a similar form by the German Society for Sports Medicine and Prevention as an important tool for prevention. Regular physical activity has a positive effect on one’s health and is recommended by the German Olympic Sports Association and all medical societies. Participation in sports, however, is no guarantee for a risk-free health status. Familial anamnesis, as well as lifestyle risk factors can be in part unrelated to one’s training condition, and one should be aware of them ahead of time. For this reason, please be honest with yourself in answering the questions. This questionnaire has the intent of making you aware of your physical condition; there are no consequences relating to your right to participate. The resulting recommendation from the questionnaire is for your personal and voluntary utilisation. The PAPS test does not replace a visit to the doctor and cannot give 100% certitude about any existing or developing risks. Such a test can, however, give you and your doctor important indications as to what you should have investigated at your next doctor’s visit.\r\n\r\nYour personal data will not be provided to the event organiser. It will only be used in anonymous and encrypted form for research purposes by the Department of Sports Medicine of the Humboldt University of Berlin. The study has been registered and approved by the data protection officials of the Humboldt University of Berlin. The data protection officials of the Humboldt University of Berlin are in charge of the data collection, anonymisation, analysis, and use of the data.\r\n\r\nYou can register online at MikaTiming. You can pay by credit card. After the successful registration you instantly receive your confirmation by email. You can pay via credit card (VISA, Eurocard). After the successful registration, you will receive a confirmation letter via Email.','BerlinMarathon',NULL,1,2,NULL,NULL,NULL,NULL,0),(54,'2016-05-16 06:09:00',1,'2014-09-28',NULL,NULL,'США','Чаттануга',NULL,'Ironman Chattanooga','54-ironman-chattanooga',NULL,'рубли',5,'http://www.ironman.com/triathlon/events/americas/ironman/chattanooga.aspx',NULL,'Великолепные пейзажи, быстрое плавание по течению в реке и быстрый велоэтап с шикарными видами на горы.','Dubbed the Scenic City, outdoorsy Chattanooga offers a course nestled against the towering Cumberland Plateau and the Tennessee River.\n\nThe site of the eleventh race in the IRONMAN U.S. Series, Chattanooga, Tennessee will lure athletes with its dramatic scenery, idyllic weather and low-key southern charm.\n\nIRONMAN Chattanooga will begin with a point to point, 2.4-mile swim in the Tennessee River with ample spectator vantage points alongside the city\'s famous Riverwalk. Athletes can look forward to a fast, down-current swim. The bike will be two loops of a 56-mile course (112 miles) with scenic farmland and mountain views. The two-and-a-half loop, 26.2-mile run course will showcase beautiful downtown Chattanooga, the South Side, Riverview and the North Shore. Overall, expect a fast, rolling course.\n\nAccording to Chattanooga mayor Andy Berke, the city is already home to a thriving athletic community. \"Chattanooga was a natural fit for this event,\" he says, adding that the race will introduce the city praised by hang-gliding and rock-climbing enthusiasts to a whole new breed of athletes. Berke says he looks forward to seeing how the IRONMAN event grows over the next few years as it builds upon the city\'s reputation as an outdoor adventure mecca.\n\nIRONMAN Chattanooga offers 50 slots to the IRONMAN World Championship in Kailua-Kona, Hawaii.','IronmanChattanooga',NULL,1,1,NULL,NULL,NULL,NULL,0),(104,'2016-05-16 06:13:00',1,'2014-10-05',NULL,NULL,'Россия',' Москва',NULL,'Осенний гром','104-osenniy-grom',NULL,'рубли',9,'http://3sport.org/meets/autumn/',23,'Один из лучших беговых стартов в Москве во второй раз пройдет в Мещерском парке с непростым рельефом.',NULL,'ОсеннийГром',NULL,1,2,NULL,NULL,NULL,NULL,0),(105,'2016-05-16 06:13:00',1,'2014-09-13',NULL,'13:15','Россия','Ярославль',NULL,'Ярославский полумарафон','105-yaroslavskiy-polumarafon',NULL,'рубли',10,'http://www.yaroslavlhalfmarathon.com/',24,'Хорошая организация и живописный маршрут. Помимо полумарафона заявлены дистанции на 3 и 10 км.','Первый \"Ярославский Полумарафон \"Золотое кольцо\" состоится 13 сентября 2014 года и будет проходить с 10 до 17 часов. В рамках соревновательного дня вам предлагается попробовать свои силы на одной из трёх предложенных дистанций: 3 км, 10 км и 21,1 км.\n\nМаршруты всех дистанций практически полностью проложены в охранной зоне ЮНЕСКО.\n\nОсновная часть дистанций проходит по набережной реки Волги и вписана в один круг протяженностью 10,55 км.\n\nМаршрут протяженностью 21,1 км представляет собой два равных круга. \nНа протяжении всей дистанции будут размещены указатели километров. \nОсновное покрытие трассы асфальтовое.\n\nСтарты на дистанциях состоятся в разное время:\n3 км в 11:00 и 11:40\n10 км в 13:00\n21,1 км в 13:15.','ЯрославскийПолумарафон',NULL,1,2,NULL,NULL,NULL,NULL,0),(106,'2016-05-16 06:13:00',1,'2014-10-19',NULL,NULL,'Китай','Пекин',NULL,'Пекинский марафон','106-pekinskiy-marafon',NULL,'рубли',12,'http://www.beijing-marathon.com/en/',26,'Старт золотой серии IAAF начинается на площади Тяньаньмэнь и заканчивается на олимпийском стадионе.',NULL,'BeijingMarathon',NULL,1,2,NULL,NULL,NULL,NULL,0),(110,'2016-05-16 06:13:00',1,'2014-10-11',NULL,NULL,'США','Гавайи',NULL,'Ironman Hawaii','110-ironman-hawaii',NULL,'рубли',5,'http://www.ironman.com/triathlon/events/americas/ironman/world-championship.aspx',27,'Самый долгожданный старт года. Чемпионат мира в Коне, где встретятся сильнейшие железные люди.',NULL,'IronmanKona',NULL,1,1,NULL,NULL,NULL,NULL,0),(111,'2016-05-16 06:13:00',1,'2014-10-05',NULL,NULL,'Испания','Барселона',NULL,'Ironman Barcelona','111-ironman-barcelona',NULL,'рубли',5,'http://www.ironman.com/triathlon/events/emea/ironman/barcelona.aspx',28,'Раньше в Барселоне проходили соревнования на длинные дистанции серии Challenge. Теперь — Ironman.',NULL,'IronmanBarcelona',NULL,1,1,NULL,NULL,NULL,NULL,0),(112,'2016-05-16 06:13:00',1,'2014-09-07',NULL,'10:00','Россия','Москва',NULL,'Grom 10k','112-grom-10k',NULL,'рубли',9,'http://3sport.org/meets/grom-10k/',29,'Первый старт серии пройдет по велокольцам в Крылатском. Сложный рельеф и великолепные виды на Москву',NULL,'Гром10',NULL,1,2,NULL,NULL,NULL,NULL,0),(113,'2016-05-16 06:13:00',1,'2015-05-03',NULL,NULL,'Франция','Прованс',NULL,'Ironman 70.3 Pays d\'Aix','113-ironman-70-3-pays-d-aix',NULL,'евро',5,'http://eu.ironman.com/triathlon/events/emea/ironman-70.3/pays-d-aix.aspx',30,'Возможно, один из самых красивых стартов в Европе по весенним цветущим лугам Прованса.',NULL,'IronmanPaysDaix',NULL,1,1,NULL,NULL,NULL,NULL,0),(114,'2016-05-16 06:13:00',1,'2015-05-09',NULL,NULL,'Испания','Майорка',NULL,'Ironman 70.3 Mallorca','114-ironman-70-3-mallorca',NULL,'евро',5,'http://eu.ironman.com/triathlon/events/emea/ironman-70.3/mallorca.aspx',31,'Любимый среди россиян старт в самом начале сезона. Один из самых массовых в Европе. К тому же 9 мая.',NULL,'IronmanMallorca',NULL,1,1,NULL,NULL,NULL,NULL,0),(115,'2016-05-16 06:13:00',1,'2015-05-17',NULL,NULL,'Австрия','Сент-Пёльтен',NULL,'Ironman 70.3 St. Pölten','115-ironman-70-3-st-p-lten',NULL,'евро',5,'http://eu.ironman.com/triathlon/events/emea/ironman-70.3/st.-poelten.aspx',32,'Отличный старт для начала сезона. Недорогие билеты, прохладная погода и втягивающая половинка.',NULL,'IronmanStPolten',NULL,1,1,NULL,NULL,NULL,NULL,0),(116,'2016-05-16 06:13:00',1,'2015-05-17',NULL,NULL,'Испания','Барселона',NULL,'Ironman 70.3 Barcelona','116-ironman-70-3-barcelona',NULL,'евро',5,'http://eu.ironman.com/triathlon/events/emea/ironman-70.3/barcelona70.3.aspx',33,'Отличная возможность открыть сезон в прекрасной Барселоне. Есть надежда, что будет не так холодно.',NULL,'IronmanBarcelona',NULL,1,1,NULL,NULL,NULL,NULL,0),(117,'2016-05-16 06:13:00',1,'2014-09-28',NULL,NULL,'Россия','Москва',NULL,'Благотворительный забег 5275','117-blagotvoritelnyy-zabeg-5275',NULL,'рубли',13,'http://www.5275.ru/',34,'Третий по счету благотворительный забег 5275 пройдет в Парке Горького. Есть дистанция на 10550 м.','Благотворительные марафоны очень популярны во многих городах нашей планеты. Ежегодно тысячи людей преодолевают сотни километров для того, чтобы присоединиться к общему движению, покорить поставленную дистанцию и помочь тем, кто нуждается в помощи.\n\nВ России культура благотворительных марафонов практически не развита. Именно поэтому фонд спасения тяжелобольных детей «Линия жизни» и фонд «Дорога вместе» объединились, чтобы создать добрую традицию — предоставить возможность каждому желающему совместить полезное для здоровья занятие — бег — с возможностью внести свой посильный вклад в решение социальных задач. Именно поэтому 28 сентября 2014 года уже в третий раз в Москве в Парке им. Горького пройдет благотворительный Забег 5275.','5275',NULL,1,2,NULL,NULL,NULL,NULL,0),(120,'2016-05-16 06:13:00',1,'2014-10-25',NULL,'13:00','Россия','Сочи',NULL,'Титан триатлон','120-titan-triatlon',NULL,'рубли',11,'http://triathlon-race.ru',25,'Первый старт серии «Титан». Отличное завершение сезона и возможность проехать по трассе Формулы-1.','Это будет первый старт новой серии «Титан». И, возможно, это будет самый масштабный триатлонный старт для любителей. Он пройдет в Олимпийском парке, который находится недалеко от Адлера. Организаторы предлагают проживание в гостиничных номерах, которые раньше использовались в качестве жилья для олимпийцев.\r\n\r\nЧасть велоэтапа пройдет по трассе Формулы-1, была построена в 2014 году. Поэтому с драфтингом можно будет смело ориентироваться на личный рекорд. Возможно, на трибуны пустят зрителей и прессу, что обеспечит им отличный обзор гонки.\r\n\r\nБег пройдет по парку, трасса получится абсолютно ровной и довольно быстрой. Для гонки заявлен лимит в 500 участников. На следующий день 26 октября заявлен финал Кубра России по триатлону, Кубок ФТР.','ТриатлонСочи',NULL,1,1,NULL,NULL,NULL,NULL,0),(121,'2016-05-16 06:13:00',1,'2014-11-09',NULL,'10:00','Италия','Гарда',NULL,'Полумарафон на озере Гарда','121-polumarafon-na-ozere-garda',NULL,'евро',14,'http://www.trentinoeventi.it/en',35,'Очень популярный старт среди россиян. Проходит в живописном регионе Трентино, вдоль озера Гарда.',NULL,'GardaMarathon',NULL,1,2,NULL,NULL,NULL,NULL,0),(122,'2016-05-16 06:13:00',1,'2014-11-16',NULL,'09:00','Турция','Стамбул',NULL,'Стамбульский марафон','122-stambulskiy-marafon',NULL,'доллары',15,'http://www.istanbulmarathon.org',36,'Отличный повод выбраться в еще теплый Стамбул — пробежать там марафон и устроить отличный ужин.',NULL,'IstanbulMarathon',NULL,1,2,NULL,NULL,NULL,NULL,0),(123,'2016-05-16 06:13:00',1,'2014-11-30',NULL,NULL,'Таиланд','Пхукет',NULL,'Challenge Laguna Phuket','123-challenge-laguna-phuket',NULL,'доллары',16,'http://www.challengelagunaphuket.com',37,'Один из самых теплых стартов ноября пройдет на Пхукете как всегда вместе с Крисом Маккормаком.',NULL,'ChallengePhuket',NULL,1,1,NULL,NULL,NULL,NULL,0),(124,'2016-05-16 06:13:00',1,'2014-12-21',NULL,'09:00','Италия','Пиза',NULL,'Марафон в Пизе','124-marafon-v-pize',NULL,'евро',17,'http://www.pisacitymarathon.com/wordpress/?lang=en',38,'Городской марафон в Пизе начнется у самой Пизанской башни и пройдет по городу и его окрестностям.','Отличный старт для тех, кто хочет начать сезон или поздно закрыть. Прекрасная возможность съездить в город, знаменитый своей башней, до рождественских праздников и наплыва туристов.\r\n\r\nСтарт будет дан в 9 утра около Пизанской башни. Бегуны пробегут через все основные достопримечательности города. Как всегда, будет весело и шумно.','PisaMarathon',NULL,1,2,NULL,NULL,NULL,NULL,0),(125,'2016-05-16 06:13:00',1,'2014-12-06',NULL,NULL,'Бахрейн','Бахрейн',NULL,'Challenge Bahrain','125-challenge-bahrain',NULL,'доллары',16,'http://www.challenge-bahrain.com.bh/',39,'Возможность сделать половинку в декабре в крайне теплых условиях. Для тех, кому в межсесонье скучно.','Старты серии Challenge порой бывают гораздо интереснее их конкурентов из Ironman. Во-первых, цены несколько ниже, во-вторых, организаторы выбирают интересные места, в-третьих, приглашают именитых спортсменов, назначая высокие призовые.\r\n\r\nБахрейн в этом плане не исключение. Помимо великолепных условий у спортсменов есть возможность увидеть новую страну и провести теплый старт в холодный сезон, когда все готовятся к праздникам, гуляют на корпоративах и пока не строят планы на следующий год.','ChallengeBahrain',NULL,1,1,NULL,NULL,NULL,NULL,0),(126,'2016-05-16 06:13:00',1,'2014-12-07',NULL,NULL,'Австралия','Басселтон',NULL,'Ironman Western Australia','126-ironman-western-australia',NULL,'доллары',5,'http://www.ironman.com/triathlon/events/asiapac/ironman/western-australia.aspx',40,'Отличная возможность съездить на зеленый континет и поучаствовать в одной из самых красивых гонок.','Старт проводится уже в 10 раз и в этом году празднует свою годовщину. За это время в гонке приняли участие тысячи спортсменов, и многие из них возвращаются сюда каждый год.\r\n\r\nНевероятная по красоте Западная Австралия привлекает не только туристов, но и спортсменов, создавая уникальные по своим характеристикам условия для занятия спортом. Настоящий большой океан, бесконечные дороги и простая беговая трасса. Кстати, велоэтап на этом старте считается одним из самых плоских среди всех гонок Ironman.\r\n\r\nНа старте разыгрывается 40 слотов на Чемпионат мира Ironman в Коне на Гавайях.','IronmanAustralia',NULL,1,1,NULL,NULL,NULL,NULL,0),(127,'2016-05-16 06:13:00',1,'2014-12-20',NULL,NULL,'Китай','Сямень',NULL,'Сяменьский марафон','127-syamenskiy-marafon',NULL,'доллары',18,'http://www.xmim.org/en/',41,'Если вы оказались 2 января в Сямени, то почему бы не пробежать там марафон? Есть и другие дистанции.',NULL,'XiamenMarathon',NULL,1,2,NULL,NULL,NULL,NULL,0),(128,'2016-05-16 06:13:00',1,'2015-01-11',NULL,NULL,'Чили','Пукон',NULL,'Ironman 70.3 Pucon','128-ironman-70-3-pucon',NULL,'рубли',5,'http://www.ironman.com/triathlon/events/americas/ironman-70.3/pucon.aspx',42,'Один из самых недоступных стартов для россиян. Далеко, не сезон и слоты на гонку купить невозможно.',NULL,'IronmanPucon',NULL,1,1,NULL,NULL,NULL,NULL,0),(129,'2016-05-16 06:13:00',1,'2014-11-03',NULL,'11:30','Россия','Сочи',NULL,'Сочинский полумарафон','129-sochinskiy-polumarafon',NULL,'рубли',19,'http://newrunners.ru/race/sochinskij-polumarafon/',43,'Новое соревнование на беговой карте России. Возможность провести ноябрьские праздники в тёплом Сочи.','Теплый приём: ноябрьские праздники в Сочи \r\nВозможность продлить соревновательный беговой сезон и провести выходные дни (1-4 ноября) в комфортных климатических условиях. Для участников Сочинского полумарафона действует специальное предложение по размещению в гостинице.\r\n\r\nЗабег по следам XXII Зимних Олимпийcких игр \r\nВозможность посетить Олимпийский парк, увидеть обновленный город Сочи и пробежать мимо объектов Зимних Олимпийских игр 2014.\r\n\r\nСтарт и финиш на трассе Формулы-1 \r\nВ октябре этого года Гран-при Формулы-1 впервые в истории пройдет в России. Старт и финиш Сочинского полумарафона состоится на новой трассе этой всемирно известной гонки.','МарафонСочи',NULL,1,2,NULL,NULL,NULL,NULL,0),(131,'2016-05-16 06:13:00',1,'2015-05-31',NULL,NULL,'Великобритания','Лондон',NULL,'World Triathlon London','131-world-triathlon-london',NULL,'рубли',7,'http://worldtrilondon.com/',NULL,'Соревнования пройдут в Гайд Парке, где проходили Олимпийские игры в 2012 году. Также будет спринт.','Отличная возможность посоревноваться с любителями со всего мира. Также можно будет увидеть ведущих триатлетов World Triathlon Series.\r\n\r\nДистанция будет аналогична той, на которой соревновались в 2012 году. Очень плоский рельеф, десятки тысяч болельщиков и отличная организация. Мест, как всегда, будет очень мало, поэтому рекомендуем регистрироваться заранее.\r\n\r\nИ главное — отличная возможность выступить в составе сборной России по триатлону. Да, на любительском уровне, но зато можно сказать, что участвовал в этапе Кубка мира по триатлону.','TriathlonLondon',NULL,1,1,NULL,NULL,NULL,NULL,0),(132,'2016-05-16 06:13:00',1,'2015-03-07',NULL,NULL,'ОАЭ','Абу-Даби',NULL,'World Triathlon Abu Dhabi','132-world-triathlon-abu-dhabi',NULL,'рубли',7,'http://abudhabi.triathlon.org/',44,'Первый раз этап Кубка мира пройдет в Абу-Даби. Серьезный конкурент традиционному старту в марте.','Отличный вариант для начала сезона. Можно совместить с 8 марта и на выходные съездить в теплый Абу-Даби. Гонка здесь пройдет впервые, поэтому никакой информации пока нет.\r\n\r\nВозможно, этот старт будет очень серьезным конкурентом для традиционного мартовского Abu Dhabi International Triathlon, который собирал большое количество профессиональных спортсменов благодаря очень высоким призовым. Также город очень популярен среди россиян, которые любят открывать сезон именно здесь.','ThiathlonAbuDhabi',NULL,1,1,NULL,NULL,NULL,NULL,0),(133,'2016-05-16 06:13:00',1,'2015-07-13',NULL,'07:30','Германия','Гамбург',NULL,'World Triathlon Hamburg','133-world-triathlon-hamburg',NULL,'рубли',7,'http://hamburg.triathlon.org/',45,'Крупнейшее соревнование по триатлону в центре Гамбурга. Очень сложно зарегистрироваться.','Для проведения соревнований перекрывают центр города, куда съезжаются болельщики со всей Европы. Одно из самых массовых соревнований по триатлону в мире.\r\n\r\nВыступают сильнейшие спортсмены со всего мира, а также очень сильные любители, большинство из которых европейцы. Дистанции: спринт и олимпийская. Соревнования проходят целых два дня.','TriathlonHamburg',NULL,1,1,NULL,NULL,NULL,NULL,0),(135,'2016-05-16 06:13:00',1,'2015-02-07',NULL,'10:00','Россия','Бронницы',NULL,'Бронницкий марафон','135-bronnickiy-marafon',NULL,'рубли',20,'http://titan-race.ru/starts/07-02-2015',47,'Первый зимний старт пройдёт в подмосковных Бронницах. Бег вокруг озера с небольшими подъёмами','Отличная организация, тёплые раздевалки, горячая каша всем участникам и большое количество болельщиков делают этот старт довольно привлекательным для бегунов и триатлетов.\r\n\r\nВ рамках этого соревнования будут забеги на 5, 10 и 50 км, а также марафон и полумарафон. Размер взносов для каждой дистанции отличается, но находится на комфортном уровне для спортсменов-любителей.','БронницкийМарафон',NULL,1,2,NULL,NULL,NULL,1,0),(136,'2016-05-16 06:13:00',1,'2015-06-28',NULL,'12:30','Россия','Бронницы',NULL,'Бронницкий триатлон','136-bronnickiy-triatlon',NULL,'рубли',20,'http://titan-race.ru/starts/28-06-2015',46,'Второй триатлонный старт на олимпийской дистанции серии Титан в Бронницах. В самый разгар сезона.','Старт пройдёт в подмосковных Бронницах. Несмотря на довольно высокий стартовый взнос ожидается большое количество спортсменов-любителей, т.к. в 2014 году этот старт отличился прекрасной организацией.\r\n\r\nВ рамках соревновательного дня будут проведены старты на суперспринтерскую дистанцию. Также приглашаются участники эстафет и дети.\r\n\r\nОсобое внимание мы хотим уделить заплывы на 5 км. Это довольно сложная, но очень интересная дистанция.','БронницкийТриатлон',NULL,1,1,NULL,NULL,NULL,NULL,0),(137,'2016-05-16 06:13:00',1,'2015-04-12',NULL,NULL,'Россия','Москва',NULL,'Первый забег','137-pervyy-zabeg',NULL,'рубли',22,'http://newrunners.ru/race/',49,'Первый из подготовительных стартов к Московскому марафону 2015. Пологая трасса и отличное настроение','12 апреля, в День космонавтики, состоится Первый забег на 5 км. Это соревнование станет началом подготовки к Московскому марафону 2015. Дистанция будет очень пологой, поэтому тем, кто готовился зимой, ничто не помешает установить личный рекорд.<br><a href=\"https://newrunners.ru/race/pervyj-zabeg/\" target=\"_blank\">Регистрация на забег</a>','ПервыйЗабег',NULL,1,2,NULL,NULL,NULL,NULL,0),(138,'2016-05-16 06:13:00',1,'2015-07-19',NULL,'09:00','Россия','Бронницы',NULL,'Бронницкий кросс-кантри триатлон','138-bronnickiy-kross-kantri-triatlon',NULL,'рубли',20,'http://titan-race.ru/starts/19-07-2015',50,'Первый в Бронницах кросс-кантри триатлон по бездорожью с нестандартной дистанцией: 300—12—4','Первый в своём роде кросс-кантри старт в подмосковных Бронницах, которые становятся одним из самых спортивных городов. Отличная организация и поддержка болельщиков, которые всегда присутствуют на бронницких стартах.\r\n\r\nПосмотрим, что подготовят организаторы в этот раз. Надеемся, что любителям МТБ понравится, и этот триатлон станет традиционным кросс-кантри стартом в России.','БронницыТриатлон',NULL,1,1,NULL,NULL,NULL,NULL,0),(139,'2016-05-16 06:14:00',1,'2015-05-17',NULL,NULL,'Россия','Москва',NULL,'Московский полумарафон','139-moskovskiy-polumarafon',NULL,'рубли',22,'http://newrunners.ru/race/',51,'Очень спокойный и плоский забег по набережным столицы. Отличная возможность установить рекорд.','В рамках соревнования будут доступны дистанции на 10 км и полумарафон. Как всегда, ожидается много участников, поэтому не опоздайте с регистрацией!\r\n\r\nМы уверены, что уровень соревнований, которые делают ребята из NewRunners, будет только выше, несмотря на невысокую конкуренцию и ограниченную поддержку властей.','МосковскийПолумарафон',NULL,1,2,NULL,NULL,NULL,NULL,0),(140,'2016-05-16 06:14:00',1,'2015-06-21',NULL,NULL,'Россия','Москва',NULL,'Красочный забег','140-krasochnyy-zabeg',NULL,'рубли',22,'http://newrunners.ru/race/',52,'Самый яркий, самый веселый и самый незабываемый забег в году! Если не бежали, то бегите обязательно!','Один из самых ярких и запоминающихся забегов в году проходит в середине лета, поэтому теплая погода, сотни болельщиков и тысячи участников гарантированы!\r\n\r\nЕсли вы никогда не принимали участие в Красочном забеге, то настоятельно рекомендуем. Берите самые старые кросовки, видавшие виды шорты и участвуйте! Они вам больше не понадобятся. Кстати, краска безвредная.','КрасочныйЗабег',NULL,1,2,NULL,NULL,NULL,NULL,0),(141,'2016-05-16 06:14:00',1,'2015-07-18',NULL,NULL,'Россия','Москва',NULL,'Ночной забег','141-nochnoy-zabeg',NULL,'рубли',22,'http://newrunners.ru/race/',53,'Интересный забег с фонариками на лбу и светоотражающих полосках на руках и ногах. 10 км веселья.','Очень любопытный забег по ночной Москве. Когда все бегут, кажется, что по Москве курсирует стая гигантских сверчков: шумно, весело и очень ярко. Отличный повод не ехать за город, а провести его в компании бегунов-любителей и посмотреть на Москву в другом свете.','НочнойЗабег',NULL,1,2,NULL,NULL,NULL,NULL,0),(142,'2016-05-16 06:14:00',1,'2015-08-16',NULL,NULL,'Россия','Москва',NULL,'Музыкальный полумарафон','142-muzykalnyy-polumarafon',NULL,'рубли',22,'http://newrunners.ru/race/',54,'Во время бега услышите композиции от разных музыкальных групп. При этом будет всего лишь один круг.','В отличие от прошлого года организаторы несколько изменили формат, поэтому в 2015 году Музыкальный полумарафон будет состоять из одной дистанции. При этом полумарафон будет в виде одного круга по Москве. Это должно быть интересно. Посмотрим.','МузыкальныйПолумарафон',NULL,1,2,NULL,NULL,NULL,NULL,0),(143,'2016-05-16 06:14:00',1,'2015-09-20',NULL,'09:10','Россия','Москва',NULL,'Московский марафон','143-moskovskiy-marafon',NULL,'рубли',23,'http://moscowmarathon.org/ru/',55,'Главный старт года. Суперкрасивая трасса. Очень сложный рельеф. Невероятно красивые медали. Бежать!','С каждым годом Московский марафон становится лучше, интереснее и представительнее. В этом году будет еще больше участников, поэтому не откладывайте регистрацию. Скорее всего, регистрация на Московский марафон начнется в марте-апреле 2015 года.\r\n\r\nДля тех, кто сомневается в своих силах, есть опция на 10 км. Но можно будет со спокойной душой сказать, что был или была на Московском марафоне.','МосковскийМарафон',NULL,1,2,NULL,NULL,NULL,NULL,0),(144,'2016-05-16 06:14:00',1,'2015-04-26',NULL,NULL,'Россия','Москва',NULL,'Весенний гром','144-vesenniy-grom',NULL,'рубли',9,'http://3sport.org/meets/spring/',56,'Одно из лучших и старейших в Москве беговых соревнований. В 2014 году проходило в Парке Мещерский.','Несмотря на сложности, связанные с организацией соревнований серии «Гром», мы очень надеемся, что в этом году Весенний гром соберет еще больше людей, чем было в прошлом.\r\n\r\nОтличная организация, самые красивые стартовые футболки и непередаваемая музыкальная поддержка чуть ли не каждые 2 километра. Обязательный старт для каждого бегуна-любителя.','ВесеннийГром',NULL,1,2,NULL,NULL,NULL,NULL,0),(145,'2016-05-16 06:14:00',1,'2015-08-16',NULL,'09:00','Россия','Москва',NULL,'VestaBank Триатлон в Крылатском','145-vestabank-triatlon-v-krylatskom',NULL,'рубли',9,'http://3sport.org/meets/triathlon/',57,'Обязательный старт для всех любителей триатлона. Непростой велоэтап, но много друзей и улыбок.','Традиционный ежегодный триатлонный старт в Крылатском. Очень непростой плавательный этап в гребном канале с абсолютно непрозрачной и прохладной водой, суперсложный велоэтап по Олимпийской велотрассе и длинный пятикилометровый круг на прилегающей к гребному каналу территории.\r\n\r\nВысокий стартовый взнос легко оправдывается большим количеством спонсорских подарков, великолепным питанием и поддержкой болельщиков.\r\n\r\nОбязательный старт для всех триатлетов Москвы и России.','ТриатлонКрылатское',NULL,1,1,NULL,NULL,NULL,NULL,0),(146,'2016-05-16 06:14:00',1,'2015-08-02',NULL,'09:30','Россия','Бронницы',NULL,'Бронницкий полуайронмен','146-bronnickiy-poluayronmen',NULL,'рубли',20,'http://titan-race.ru/starts/02-08-2015',58,'Первый в истории старт в Бронницах на длинную дистанцию (половинка Айронмена). Стоит участвовать.','Пока нечего сказать о предстоящем старте, но он обещает быть интересным: в разгар сезона организаторы успешных стартов по бегу и триатлону должны преподнести приятный сюрприз всем участникам. Впервые стоимость участия в соревновании становится сравнимой с небольшими европейскими стартами.\r\n\r\nВ рамках соревновательного дня можно принять участие в суперспринте и народном триатлоне. Как всегда, ожидается большое количество болельщиков. Мы рекомендуем участвовать в этом старте.','БронницкийПолуайронмен',NULL,1,1,NULL,NULL,NULL,NULL,0),(151,'2016-05-16 06:14:00',1,'2015-02-28',NULL,'09:00','Россия','Москва',NULL,'Ironstar Indoor Triathlon','151-ironstar-indoor-triathlon',NULL,'рубли',21,'http://iron-star.ru/#aindoor',59,'Третий старт из серии Ironstar Indoor Triathlon пройдет в фитнес-клубе World Class Город столиц.',NULL,'Ironstar',NULL,1,1,NULL,NULL,NULL,NULL,0),(152,'2016-05-16 06:14:00',1,'2015-03-28',NULL,'09:00','Россия','Москва',NULL,'Ironstar Indoor Triathlon','152-ironstar-indoor-triathlon',NULL,'рубли',21,'http://iron-star.ru/#aindoor',60,'Четвертый старт из серии Ironstar Indoor Triathlon пройдет в фитнес-клубе World Class Город столиц.','Все участники соревнований поддерживают Благотворительный Фонд помощи детям с органическими поражениями центральной нервной системы «ГАЛЧОНОК».\r\n\r\nПобедитель определяется по сумме пройденной дистанции с трех дисциплин (плавание, вело и бег) По итогам четырех стартов определяется обладатель кубка IRONSTAR INDOOR TRIATHLON 2015.','Ironstar',NULL,1,1,NULL,NULL,NULL,NULL,0),(153,'2016-05-16 06:14:00',1,'2015-09-20',NULL,NULL,'Хорватия','Пула',NULL,'Ironman 70.3 Pula','153-ironman-70-3-pula',NULL,'евро',5,'http://eu.ironman.com/triathlon/events/emea/ironman-70.3/pula.aspx',61,'Новый старт в Хорватии в очень красивом и древнем городе Пула. Отличная возможность закрыть сезон.','Город Пула находится на Адриатическом побережье в тихом и защищенном заливе. Пула — очень древний город, каждый камень которого имеет более чем 3000-летнюю историю.\r\n\r\nПлавательный этап пройдет в тихих прозрачных водах залива. Велоэтап обещает быть очень быстрым и будет состоять из одного 90-километрового круга. Во время велогонки участники проедут через небольшие сёла и деревни, виноградники и поля прежде чем вернутся в бухту. Беговой этап будет состоять из трёх кругов без больших перепадов. Спортсмены смогут видеть знаменитые достопримечательности города.\r\n\r\nУверены, что в этом старте примет участие большое количество россиян.','IronmanPula',NULL,1,1,NULL,NULL,NULL,NULL,0),(154,'2016-05-16 06:14:00',1,'2015-10-25',NULL,NULL,'Турция','Белек',NULL,'Ironman 70.3 Turkey','154-ironman-70-3-turkey',NULL,'евро',5,'http://eu.ironman.com/triathlon/events/emea/ironman-70.3/turkey.aspx',62,'Первый старт на Анталийском побережье соберет большое количество россиян, заканчивающих сезон.','Соревнование пройдёт впервые, поэтому привлекает большое внимание среди участников из Азии, Европы и России.\r\n\r\nПобережье Анталии всегда было известно в качестве прекрасного места для пляжного отдыха. Белек, в котором будет непосредственно проходить гонка, также славится своими великолепными полями для гольфа, мягким климатом и, конечно же, близостью к историческим памятникам времен Римской империи.\r\n\r\nС открытием в начале 2015 года Gloria Sports Arena, крупнейшего многофункционального спортивного центра, Белек стал круглогодичным центром подготовки спортсменов любого уровня. Половинка Айронмена в Белеке — это отличная возможность завершить сезон и отлично провести время с семьёй или другими спортсменами.\r\n\r\nПлавательный этап пройдёт в в море и обещает быть довольно простым. Велоэтап будет состоять из одного круга, во время которого спортсмены смогут увидеть основные достопримечательности региона и быт турецких жителей. Беговой этап пройдёт по территории отеля Gloria Hotels and Resorts, где находится огромное поле для гольфа на 45 лунок.','IronmanTurkey','512832198864968',1,1,NULL,NULL,NULL,NULL,0),(156,'2016-05-16 06:14:00',1,'2015-08-22',NULL,NULL,'Венгрия','Будапешт',NULL,'Ironman 70.3 Budapest','156-ironman-70-3-budapest',NULL,'евро',5,'http://eu.ironman.com/triathlon/events/emea/ironman-70.3/budapest.aspx',63,'Единственный старт под брендом Ironman в Венгрии пройдёт в самом центре очень красивого Будапешта.','Теперь соревнование из серии Ironman проходит и в одном из самых красивых городов Европы — Будапеште. Излюбленное место для туристов станет на несколько дней гостеприимным домом для триатлетов.\r\n\r\nПлавательный этап пройдет по Дунаю, спортсмены за время гонки увидят Буду, центр города, знаменитый мост и другие достопримечательности города, о которых многие не знают. Из-за холмистой местности района Буды велоэтап обещает быть довольно сложным.\r\n\r\nНо, наверно, самое интересное будет после соревнования: знаменитые термальные источники и бани Венгрии откроют свои двери для триатлетов, которые не откажутся расслабиться в одних из лучших европейских спа-курортах. Также Будапешт славится своей гастрономией и ночной жизнью: огромное количество ресторанов, баров и ночных клубов дадут вам заряд на долгое время.\r\n\r\nПо результатам гонки будет выдано 30 слотов на 2016 IRONMAN 70.3 World Championship.','IronmanBudapest',NULL,1,1,NULL,NULL,NULL,NULL,0),(157,'2016-05-16 06:14:00',1,'2015-10-04',NULL,NULL,'Испания','Барселона',NULL,'Ironman Barcelona','157-ironman-barcelona',NULL,'рубли',5,'http://eu.ironman.com/triathlon/events/emea/ironman/barcelona.aspx',64,'Молодой и очень популярный старт серии Ironman. Слоты на участие раскупаются за несколько дней.','Ironman Barcelona проходит в историческом и культурном центре Испании. В наиболее богатом и красивом регионе страны — Каталонии. Сам старт пройдёт в местечке Калелла в регионе Барселона-Марезм. Считается, что именно там проходит наиболее захватывающий по своей красоте маршрут среди всех айронменов.\r\n\r\nЕсли вы ни разу не были в Барселоне, то бесконечное количество достопримечательностей, многие из которых охраняются Юнеско, готические соборы, великолепная архитектура не оставят вас равнодушным. Музеи, храмы, рынки, магазины, базары и бесконечное количество пеших маршрутов будут удерживать вас в городе целый день, поэтому в гостинице вы будете только спать, если, конечно, вы не решите провести ночь в одном из знаменитейших ночных клубов города.','IronmanBarcelona',NULL,1,1,NULL,NULL,NULL,NULL,0),(158,'2016-05-16 06:14:00',1,'2015-08-23',NULL,NULL,'Дания','Копенгаген',NULL,'Ironman Copenhagen','158-ironman-copenhagen',NULL,'рубли',5,'http://eu.ironman.com/triathlon/events/emea/ironman/copenhagen.aspx',65,'Теперь дорога в гавайскую Кону лежит через сердце Европы: Копенгаген, красивейший европейский город.','Этим летом один из стартов серии Ironman пройдёт в одном из самых красивых европейских городов, Копенгагене. Участники соревнования смогут увидеть основные достопримечательности города, включая Оперный дом, статую русалочки, резиденцию Королевы Дании и другие места.\r\n\r\nПлавательный этап состоит из одного круга по заливу в Amager Beach Park. Идеальное место для болельщиков, которые смогут разместиться на набережной или на одном из мостов.\r\n\r\nВелоэтап состоит из двух кругов. Сначала спортсмены будут проедут по центру города, а затем отправятся на довольно холмистый север. Многие из участников вспомнят чемпионат мира по велоспорту в 2011 году, который проходил в этих местах.\r\n\r\nБеговой этап будет состоять из 4 кругов, наблюдать за которым будут 150 тысяч болельщиков. Вообще Ironman Copenhagen — это большое событие для города, поэтому спортсмены точно не будут обделены вниманием.','IronmanCopenhagen',NULL,1,1,NULL,NULL,NULL,NULL,0),(159,'2016-05-16 06:14:00',1,'2015-08-15',NULL,NULL,'Швеция','Кальмар',NULL,'Ironman Kalmar','159-ironman-kalmar',NULL,'рубли',5,'http://eu.ironman.com/triathlon/events/emea/ironman/kalmar.aspx',66,'Один из самых уютных европейских стартов. Кальмар — новая гонка, которая очень популярна у россиян.','Впервые полный Ironman в шведском Кальмаре провели в 2012 году и за непродолжительное время стал излюбленным местом профессионалов и триатлетов-любителей.\n\nПлавательный этап проходит в акватории Балтийского моря. Велоэтап является одним из самых запоминающихся среди всех европейских Айронменов. Беговой этап проходит в городе Кальмар с финишем на центральной площади.\n\nПо результатам соревнования разыгрывается 50 слотов на Чемпионат мира в Коне.\n\n<iframe width=\"100%\" height=\"315\" src=\"//www.youtube.com/embed/nUdrdiREvUs\" frameborder=\"0\" allowfullscreen></iframe>','IronmanKalmar',NULL,1,1,NULL,NULL,NULL,NULL,0),(160,'2016-05-16 06:14:00',1,'2015-07-05',NULL,NULL,'Германия','Франкфурт',NULL,'Ironman Frankfurt','160-ironman-frankfurt',NULL,'рубли',5,'http://eu.ironman.com/triathlon/events/emea/ironman/frankfurt.aspx',67,'Чемпионат Европы по триатлону пройдёт во Франкфурте. Событие, которое собирает тысячи болельщиков.','Это Чемпионат Европы, и этим всё сказано. Слоты раскупаются за считанные часы, ажиотаж неимоверный, организация выше всяких похвал.\r\n\r\nВо Франкфурте не так много исторических мест, здесь больше банков и головных офисов многих компаний, но всё же город имеет долгую историю и может порадовать большинство туристов интересными достопримечательностями, включая Музей Гёте, старое здание Оперы, Зоологический сад и др.\r\n\r\nПлавательный этап проходит в спокойном озере, но в два круга с небольшим выходом на берег. В день старта температура воды будет 22—24 градуса по Цельсию.\r\n\r\nВелоэтап достаточно сложный с холмистым рельефом. Состоит из двух кругов, каждый из которых пройдёт через центр города. Вы встретите огромное количество болельщиков, которые неистово будут поддерживать участников.\r\n\r\nМарафонская дистанция пройдет в городе вдоль набережной, этап очень плоский, поэтому у вас будет возможность показать лучшее время. В этом месте будет самая большая концентрация болельщиков, которые могут расположиться в кафе и ресторанах.\r\n\r\nПо результатам гонки будет вручено 75 слотов на Чемпионат мира в Коне.','IronmanFrankfurt',NULL,1,1,NULL,NULL,NULL,NULL,0),(161,'2016-05-16 06:14:00',1,'2015-06-28',NULL,NULL,'Франция','Ницца',NULL,'Ironman France','161-ironman-france',NULL,'рубли',5,'http://eu.ironman.com/triathlon/events/emea/ironman/france.aspx',68,'Один из самых сложных и красивых Айронменов не только в Европе, но и в мире. Центр вселенной — Ницца','Соревнование проходит в центре Лазурного берега среди шикарных вилл и отелей, изысканных ресторанов и великолепной природы.\r\n\r\nСпортсмены начнут плавательный этап в море, проплыв обязательные 3,8 км в два круга. Велоэтап — это жемчужина всего соревнования, легендарные подъемы и спуски, невероятные по красоте пейзажи. Набор высоты зашкаливает: почти 2 000 метров.\r\n\r\nБеговой этап будет значительно проще: четыре круга по Английской набережной в окружении толпы болельщиков, которые будут поддерживать спортсменов в течение всей марафонской дистанции.\r\n\r\nПо результатам лучшие спортсмены получат 50 слотов на Чемпионат мира на Гавайях.','IronmanFrance',NULL,1,1,NULL,NULL,NULL,NULL,0),(162,'2016-05-16 06:14:00',1,'2015-06-28',NULL,NULL,'Австрия','Клагенфурт',NULL,'Ironman Austria','162-ironman-austria',NULL,'рубли',5,'http://eu.ironman.com/triathlon/events/emea/ironman/austria.aspx',69,'3 000 триатлетов из 60 стран, тысячи болельщиков, незабываемая природа — это всё Ironman Austria.','Ironman Austria считается одной из самых красивых гонок в мире и стала уже легендарной среди спортсменов всех возрастов. Особенно запоминается конец гонки, когда тысячи разгоряченных болельщиков встречают каждого, кто пересекает финишную черту.\r\n\r\nКлагенфурт находится на берегу красивого озера, средняя температура которого колеблется около 22 градусов по Цельсию. После плавательного этапа спортсмены начинают исследование знаменитых австрийских пейзажей на своих суперскоростных велосипедах. Непередаваемая атмосфера Тур де Франса достигается за счет двух крутых подъемов, на которых сотни болельщиков буквально несут спортсменов. Беговой этап довольно простой и не таит в себе никаких сложностей: плоский, много тени, рядом с озером.\r\n\r\nПо результатам гонки 50 лучших спортсменов получат слоты в Кону на Чемпионат мира.','IronmanAustria',NULL,1,1,NULL,NULL,NULL,NULL,0),(163,'2016-05-16 06:14:00',1,'2015-02-15',NULL,'08:45','Испания','Барселона',NULL,'Полумарафон в Барселоне','163-polumarafon-v-barselone',NULL,'евро',24,'http://edreamsmitjabarcelona.com/',NULL,'Отличная возможность начать сезон с полумарафона в прекрасном городе в окружении лучших бегунов.','Полумарафон в Барселоне — второе по значению беговое событие в городе после ежегодного марафона. Соревнование проводится каждый март, но в 2015 году оно пройдёт чуть раньше: сразу после Дня Святого Валентина. Этот полумарафон также известен под названием Mitja Marató de Barcelona.','BarcelonaHalfMarathon',NULL,1,2,NULL,NULL,NULL,NULL,0),(164,'2016-05-16 06:14:00',1,'2015-03-01',NULL,'09:00','Италия','Рим',NULL,'Римский полумарафон','164-rimskiy-polumarafon',NULL,'евро',25,'http://www.romaostia.it/',70,'Значимое событие столице Италии, на которое собираются тысячи бегунов со всей Италии и Европы.','Римский полумарафон (Roma Ostia Half Marathon) впервые был проведен в 1974 году, с тех пор он проводится в феврале каждого года. В нём принимают участие порядка 12 000 бегунов, многие из которых приезжают из-за границы.','RomeHalfMarathon',NULL,1,2,NULL,NULL,NULL,NULL,0),(165,'2016-05-16 06:14:00',1,'2015-04-12',NULL,'09:00','Австрия','Вена',NULL,'Венский марафон','165-venskiy-marafon',NULL,'евро',26,'http://www.vienna-marathon.com/',71,'Один из лучших и наиболее интересных марафонов в Европе несмотря на небольшое количество участников.','Лучший способ отметить 12 апреля — пробежать полумарафон в Вене. Отличная организация, большая история, забег по чистому и зеленому центру города. Один из лучших и наиболее интересных марафонов в Европе несмотря на небольшое количество участников.','ViennaMarathon',NULL,1,2,NULL,NULL,NULL,NULL,0),(166,'2016-05-16 06:14:00',1,'2015-03-15',NULL,'07:30','США','Нью-Йорк',NULL,'Нью-йоркский полумарафон NYC Half','166-nyu-yorkskiy-polumarafon-nyc-half',NULL,'рубли',27,'http://www.nyrr.org/races-and-events/2015/united-airlines-nyc-half',72,'Большое событие в беговой жизни Нью-Йорка. Забег по центру города с толпой болельщиков на обочине.','Уникальная возможность остановить дорожное движение на Таймс Сквер — это участие в Нью-Йоркском полумарафоне. Помимо любителей в забеге примут участие сильнейшие бегуны со всей планеты.\r\n\r\nПолумарафон пройдет по Манхеттену, Централ парку и Таймс Скверу. Уникальная возможность побегать по Нью-Йорку.','NYCHalf',NULL,1,2,NULL,NULL,NULL,NULL,0),(167,'2016-05-16 06:14:00',1,'2015-11-01',NULL,NULL,'США','Нью-Йорк',NULL,'Нью-Йоркский марафон','167-nyu-yorkskiy-marafon',NULL,'рубли',27,'http://www.tcsnycmarathon.org/',73,'Вывеска, которая не нуждается в комментариях. Крупнейший в мире марафон, который собирает лучших.','Вывеска, которая не нуждается в комментариях. Крупнейший в мире марафон, который собирает лучших.\r\n\r\n4:34:35 — среднее время преодоления дистанции.\r\nБолее 50 000 участников.\r\n\r\nПопасть в число участников этого марафона — мечта для многих спортсменов-любителей.','NYCMarathon','519295338226383',1,2,NULL,NULL,NULL,NULL,0),(168,'2016-05-16 06:14:00',1,'2015-03-29',NULL,'10:00','Германия','Берлин',NULL,'Берлинский полумарафон','168-berlinskiy-polumarafon',NULL,'евро',28,'http://www.vattenfall-berliner-halbmarathon.de/',74,'30 000 участников и все слоты уже достались бегунам-счастливчикам. Отличная гонка в центре Европы.','Быстрая гонка с длинной историей, которая началась с 1981 года. Более сотни тысяч болельщиков и 30 000 участников со всего мира будут соревноваться за подиум.','BerlinHalfMarathon',NULL,1,2,NULL,NULL,NULL,NULL,0),(169,'2016-05-16 06:15:00',1,'2015-09-27',NULL,NULL,'Россия','Сочи',NULL,'Ironstar 113 в Сочи','169-ironstar-113-v-sochi',NULL,'рубли',21,'http://iron-star.ru/',75,'Длинный триатлон Ironstar 113 в Сочи пройдёт на следующий день после  финала Чемпионата Европы ETU.','26 и 27 сентября 2015 года Сочи станет европейской столицей триатлона, где состоится сразу несколько стартов. Во-первых, 26 сентября состоится финал Чемпионата Европы по триатлону ETU. Во-вторых, 27 сентября будет дан старт любительскому триатлону на длинную дистанцию (1,9 км плавание, 90 км велоэтап и 21,1 км бег).<br><br>Соревнования пройдут в Олимпийском парке и соберут большое количество спортсменов и болельщиков.<br><br><a href=\"http://iron-star.ru/\" target=\"_blank\">Регистрация открыта</a>','Ironstar113',NULL,1,1,NULL,NULL,NULL,NULL,0),(170,'2016-05-16 06:15:00',1,'2015-06-06',NULL,NULL,'Россия','Сочи',NULL,'Ironstar триатлон в Сочи','170-ironstar-triatlon-v-sochi',NULL,'рубли',21,'http://iron-star.ru/',NULL,'Олимпийская дистанция в начале лета в относительно свободном Сочи, куда еще не приехали туристы.','Ironstar открывает серию \"открытых\" соревнований по триатлону (до этого были соревнования indoor-формата в московском World Class Город столиц). Все соревнования этой серии пройдут в олимпийском Сочи непосредственно в Олимпийском парке.\r\n\r\nСоревнования для любителей состоятся в 6 или 7 июня. Точная дата пока не известна, также на момент публикации 21 января 2015 года не открыта регистрация на старт.\r\n\r\nЗа более подробной информацией следите в на нашей <a href=\"https://www.facebook.com/trirussia\">странице в Фейсбуке</a>.','Ironstar',NULL,1,1,NULL,NULL,NULL,NULL,0),(171,'2016-05-16 06:13:00',1,'2015-11-28',NULL,'09:00','Россия','Москва',NULL,'Ironstar Indoor Triathlon','171-ironstar-indoor-triathlon',NULL,'рубли',21,'http://iron-star.ru/#aindoor',48,'Третий из четырёх стартов в 2014 году серии Ironstar Indoor Triathlon пройдёт в World Class.',NULL,'Ironstar',NULL,1,1,NULL,NULL,NULL,NULL,0),(172,'2016-05-16 06:15:00',1,'2015-12-19',NULL,'09:00','Россия','Москва',NULL,'Ironstar Indoor Triathlon','172-ironstar-indoor-triathlon',NULL,'рубли',21,'http://iron-star.ru/#aindoor',77,'Последний в 2014 году старт серии Ironstar Indoor Triathlon пройдёт в World Class Город столиц.',NULL,'Ironstar',NULL,1,1,NULL,NULL,NULL,NULL,0),(173,'2016-05-16 06:15:00',1,'2015-05-31',NULL,'09:30','Россия','Москва','','Кубок чемпионов по плаванию в Москве','173-kubok-chempionov-po-plavaniyu-v-moskve',NULL,'рубли',77,'',210,'','<p>--</p>','','',1,3,NULL,NULL,'',NULL,0),(174,'2016-05-16 06:20:00',1,'2015-06-28',NULL,NULL,'Россия','Сочи',NULL,'Кубок чемпионов по плаванию в Сочи','174-kubok-chempionov-po-plavaniyu-v-sochi',NULL,'рубли',30,'http://www.swimcup.ru/',78,'Третий этап Кубка чемпионов по плаванию в открытой воде стартует в на черноморском побережье Сочи.','Дистанция 1 морская миля (1852 метра) является мировым стандартом в плавании на открытой воде для любителей и профессионалов. Старт общий для всех возрастов и категорий участников. Соревнования проводятся в соответствии с правилами соревнований по плаванию на открытой воде FINA.','SwimCup',NULL,1,3,NULL,NULL,'1852 метра',NULL,0),(175,'2016-05-16 06:21:00',1,'2015-06-07',NULL,NULL,'Россия','Липецк',NULL,'Кубок чемпионов по плаванию в Липецке','175-kubok-chempionov-po-plavaniyu-v-lipecke',NULL,'рубли',30,'http://www.swimcup.ru/',79,'Второй этап Кубка чемпионов по плаванию в открытой воде пройдёт в городе Липецке в реке Воронеж.','Дистанция 1 морская миля (1852 метра) является мировым стандартом в плавании на открытой воде для любителей и профессионалов. Старт общий для всех возрастов и категорий участников. Соревнования проводятся в соответствии с правилами соревнований по плаванию на открытой воде FINA.','SwimCup',NULL,1,3,NULL,NULL,'1852 метра',NULL,0),(176,'2016-05-16 06:21:00',1,'2015-07-03',NULL,NULL,'Россия','Воронеж',NULL,'Кубок чемпионов по плаванию в Воронеже','176-kubok-chempionov-po-plavaniyu-v-voroneghe',NULL,'рубли',30,'http://www.swimcup.ru/',80,'Четвертый этап Кубка чемпионов по плаванию в открытой воде пройдёт в одноименной реке в Воронеже.','Дистанция 1 морская миля (1852 метра) является мировым стандартом в плавании на открытой воде для любителей и профессионалов. Старт общий для всех возрастов и категорий участников. Соревнования проводятся в соответствии с правилами соревнований по плаванию на открытой воде FINA.','SwimCup',NULL,1,3,NULL,NULL,'1852 метра',NULL,0),(177,'2016-05-16 06:21:00',1,'2015-09-06',NULL,NULL,'Россия','Листвянка',NULL,'Кубок чемпионов по плаванию в Иркутске','177-kubok-chempionov-po-plavaniyu-v-irkutske',NULL,'рубли',30,'http://www.swimcup.ru/',81,'Третий этап Кубка чемпионов по плаванию в открытой воде стартует в на черноморском побережье Сочи.','Дистанция 1 морская миля (1852 метра) является мировым стандартом в плавании на открытой воде для любителей и профессионалов. Старт общий для всех возрастов и категорий участников. Соревнования проводятся в соответствии с правилами соревнований по плаванию на открытой воде FINA.\r\n\r\nПока писали описание поняли, что это соревнование — мечта любого спортсмена. Только представьте себе: невероятная красота, ледяная чистейшая вода и великолепная природа. Отличный повод съездить и посмотреть на это знаменитое озеро.','SwimCup',NULL,1,3,NULL,NULL,'1852 метра',NULL,0),(178,'2016-05-16 06:21:00',1,'2015-06-28',NULL,'09:00','Россия','Санкт-Петербург',NULL,'Марафон «Белые ночи»','178-marafon-belye-nochi',NULL,'рубли',31,'http://www.wnmarathon.ru/',82,'Один из главных марафонских стартов в России становится всё более и более популярным с каждым годом.','Один из главных марафонских стартов в России становится всё более и более популярным с каждым годом. Обязательный для участия старт для каждого спортсмена-любителя из России. Очень надеемся, что в этом году старт пройдёт на высоком уровне (как минимум не хуже, чем Московский марафон).\n\nРегистрация открывается 1 февраля 2015 года.','МарафонБелыеНочи',NULL,1,2,NULL,NULL,NULL,NULL,0),(179,'2016-05-16 06:21:00',1,'2015-03-07',NULL,'10:00','Россия','Москва',NULL,'Марафон «Вдохновение»','179-marafon-vdohnovenie',NULL,'рубли',32,'http://ru.srichinmoyraces.org/races/russia/moscow',83,'Прекрасная возможность пробежать марафон на Севере Москвы по Лиственичной аллее.',NULL,NULL,NULL,1,2,NULL,NULL,NULL,NULL,0),(181,'2016-05-16 06:21:00',1,'2015-05-16',NULL,'10:00','Россия','Москва',NULL,'Бегущие сердца 2015','181-beguschie-serdca-2015',NULL,'рубли',33,'http://runninghearts.ru/',84,'Традиционный благотворительный забег в компании Натальи Водяновой и Полины Киценко в Парке Горького','Обязательный старт в календаре любого неравнодушного человека и спортсмена в частности. Самый добрый и открытый старт соберет тысячи участников в отличном месте — Парке Горького.В рамках мероприятия будет дано два старта: на 5 и на 10 км. Регистрация на забег «Бегущие сердца» открыта.','бегущиесердца',NULL,1,2,NULL,NULL,NULL,NULL,0),(182,'2016-05-16 06:21:00',1,'2015-06-14',NULL,'12:00','Россия','Нижний Новгород',NULL,'Красочный бууум','182-krasochnyy-buuum',NULL,'рубли',22,'http://newrunners.ru/race/krasochnyj-bum-nizhnij-novgorod/',85,'Первый забег серии «Красочный Бууум» пройдет в Нижнем Новгороде и соберет 3000 любителей бега','14 июня 2015 года в Нижнем Новгороде проводится беговое мероприятие под любопытным названием «Красочный бууум». Это один из забегов, которые организовывают New Runners. Он является подготовительным стартом для главного бегового состязания года — Московского марафона. В этот день 3000 человек смогут пробежать 5 км по живописному Сормовскому парку.\r\n\r\nПредполагается, что это будет \"красочный\" забег, то есть участники будут бежать в россыпи безвредной краски. Старт и финиш состоится на открытом стадионе «Труд».\r\n\r\nРегистрация открыта.','красочныйбууум',NULL,1,2,NULL,NULL,NULL,NULL,0),(183,'2016-05-16 06:21:00',1,'2015-05-03',NULL,'14:00','Россия','Коломна',NULL,'Wings for Life','183-wings-for-life',NULL,'рубли',34,'http://www.wingsforlifeworldrun.com/ru/ru/kolomna-moscow/',86,'Благотворительный забег, который проводится одновременно во всём мире. В  России стартуют в Коломне','Благотворительный забег, который собирает неравнодушных спортсменов-любителей во всём мире. Старт примечателен тем, что у него нет четкой дистанции или лимита по времени. Вы должны бежать пока вас не догонит «финиш».\r\n\r\nРоссийский забег стартует из самого центра Коломны, которая находится недалеко от Москвы (около 100 км на Восток). Забег пройдет вдоль стен великолепного Коломенского кремля. Далее трасса ведет за город, где участники смогут любоваться прекрасными майскими пейзажами.\r\n\r\nМногие дороги в Коломне и на подъезде к городу будут перекрыты, поэтому рассчитывайте время, если собираетесь ехать на автомобиле.','wingsforlife',NULL,1,2,NULL,NULL,NULL,NULL,0),(184,'2016-05-16 06:21:00',1,'2015-07-10',NULL,'11:00','Швейцария','Женева',NULL,'Чемпионат Европы по триатлону','184-chempionat-evropy-po-triatlonu',NULL,'евро',35,'http://www.geneva2015.ch/en/races/',87,'Чемпионат Европы по триатлону среди юниоров, профессионалов и любителей пройдёт в прекрасной Женеве','Чемпионат Европы по триатлону среди юниоров, профессионалов и любителей пройдёт в прекрасной Женеве. В рамках соревнования будут даны старты на спринтерской и олимпийской дистанции.\r\n\r\nЗарегистрироваться на старт можно только через национальную федерацию триатлона. Из обязательных условий — участвовать можно только имея лицензию и утвержденный ФТР стартовый костюм.\r\n\r\nВелоэтап очень непростой с очень крутым подъемом и суперскоростным спуском. Беговой этап проходит по великолепной набережной Монблан.','geneva2015',NULL,1,1,NULL,NULL,NULL,NULL,0),(185,'2016-05-16 06:22:00',1,'2015-07-12',NULL,'06:30','Швейцария','Женева',NULL,'Чемпионат мира по триатлону','185-chempionat-mira-po-triatlonu',NULL,'евро',35,'http://www.geneva2015.ch/en/races/',88,'Чемпионат Европы по триатлону среди юниоров, профессионалов и любителей пройдёт в прекрасной Женеве','Чемпионат Европы по триатлону среди юниоров, профессионалов и любителей пройдёт в прекрасной Женеве. В рамках соревнования будут даны старты на спринтерской и олимпийской дистанции.\r\n\r\nЗарегистрироваться на старт можно только через национальную федерацию триатлона. Из обязательных условий — участвовать можно только имея лицензию и утвержденный ФТР стартовый костюм.\r\n\r\nВелоэтап очень непростой с очень крутым подъемом и суперскоростным спуском. Беговой этап проходит по великолепной набережной Монблан.','geneva2015',NULL,1,1,NULL,NULL,NULL,NULL,0),(187,'2016-05-16 06:22:00',1,'2015-06-28',NULL,'07:00','Беларусь','Минск',NULL,'Триатлон в Минске','187-triatlon-v-minske',NULL,'евро',36,'http://tri.by/Event/Triby/2015',NULL,'Главное большое триатлонное событие в Минске. Популярные соревнования пройдут уже в седьмой  раз.',NULL,'minsktriathlon',NULL,1,1,NULL,NULL,NULL,NULL,0),(189,'2016-05-16 06:23:00',1,'2015-08-09',NULL,'08:00','Латвия','Рига',NULL,'Riga Triathlon','189-riga-triathlon',NULL,'евро',38,'http://www.rigatriathlon.eu/en/',90,'Большое спортивное событие в спортивной жизни Риги. Гонка пройдёт по улицам и набережным города',NULL,'rigatriathlon',NULL,1,1,NULL,NULL,NULL,NULL,0),(190,'2016-05-16 06:23:00',1,'2015-05-23',NULL,'10:30','Россия','Нижний Новгород',NULL,'Беги, герой!','190-begi-geroy',NULL,'рубли',39,'http://www.runhero.ru/',91,'В Нижнем Новгороде состоится первый благотворительный полумарафон и забеги-спутники «Беги, герой!». ',NULL,'runhero',NULL,1,2,NULL,NULL,NULL,NULL,0),(193,'2016-05-16 06:23:00',1,'2015-08-09',NULL,NULL,'Россия','Москва',NULL,'Красочный Бууум','193-krasochnyy-buuum',NULL,'рубли',22,'http://newrunners.ru/race/',92,'Веселый и яркий забег по Крылатским холмам соберет около 5000 человек. Отличный семейный праздник!',NULL,'красочныйбууум',NULL,1,2,NULL,NULL,NULL,NULL,0),(194,'2016-05-16 06:23:00',1,'2015-04-25',NULL,'11:00','Россия','Санкт-Петербург',NULL,'Петербургский полумарафон','194-peterburgskiy-polumarafon',NULL,'рубли',31,'http://newrunners.ru/race/peterburgkij-polumarafon-2015/',93,'На Крестовском острове состоится Петербургский полумарафон, старт также является Чемпионатом города',NULL,'spbhalfmarathon',NULL,1,2,NULL,NULL,NULL,NULL,0),(195,'2016-05-16 06:23:00',1,'2015-04-25',NULL,'12:00','Россия','Москва',NULL,'Ветреный субботник Reebok','195-vetrenyy-subbotnik-reebok',NULL,'рубли',40,'http://www.reebok.ru/',94,'Поклонники активного образа жизни смогут принять участие в 100-метровом забеге на скорость ZPump.','25 апреля в одном из самых красивых парков столицы Музеоне при поддержке Департамента культуры города Москвы пройдет медиасубботник онлайн-журнала VeterMagazine1. В этот день читатели, блогеры, редакторы журнала и все желающие смогут приобщиться к работе парка, помочь в уборке и провестисолнечную апрельскуюсубботу с пользой.<br><br>C 11:00 до 13:00 каждый сможет присоединиться к субботнику, затем участников ждет насыщенная программа от организаторов, а также откомпании Reebok. Поклонники активного образа жизни и городского фитнеса смогут принять участие в 100-метровом забеге на скорость ZPump: участникам будут на время выдаваться новые беговые кроссовки ReebokZPumpFusion, чтобы они смогли по достоинству оценить систему воздушной подкачки Pump, позволяющую подогнать обувь точно по ноге, и фирменную подошву ZRATED, созданную по аналогии с высокоскоростными гоночными шинами.<br><br>Забеги по набережной парка будут проходить каждый час с 12:00 до 19:00, а 5 девушек и 5 парней, показавшие лучшее время по итогам дня, получат в подарок сертификат на новые кроссовки ZPumpFusion от Reebok. Все участники забега, вне зависимости результата, получат памятные сувениры от Reebok и смогут насладиться сетом от DJ Sunnet.<br><br>Любителей классики стритстайла ждет мини-выставка кроссовок серии ReebokVentilator сезона 2015: в этом году культовая модель, прославившаяся благодаря вентиляционным вставкам из прочной сетки по бокам, отмечает свое 25-летие. Кроме того, все желающие смогут сфотографироваться в уникальной фотобудке, в которой можно будет запечатлеть вид своего лица на скорости 180 км/ч!<br><br>Кроме того, посетителей ждут розыгрыши, лекции и мастер-классы от партнеров VeterMagazine.','Reebok ',NULL,1,2,NULL,NULL,NULL,NULL,0),(197,'2016-05-16 06:23:00',1,'2015-05-24',NULL,'10:00','Россия','Москва',NULL,'Зеленоградский полумарафон','197-zelenogradskiy-polumarafon',NULL,'рубли',41,'http://zel-marathon.ru/',95,'Зеленый и очень позитивный полумарафон в Зеленограде при поддержке мэрии города.','Зеленоградский полумарафон ведет свою историю с 1997 года. Инициатором проведения и основным организатором стал Борис Прокопьев — редактор журнала «Бег и мы», а ближайшими соратниками в реализации этого проекта — Олег Козлов и Николай Кокорев. Идея была поддержана руководством города, предоставившим необходимую инфраструктуру для организации пробега.\r\n\r\nЗеленоградский полумарафон в первый же год собрал на старте около 500 участников, более половины которых (277 человек) пробежали основную дистанцию 21,1 км. Новое беговое событие стремительно развивалось, и уже в 2000 году Зеленоградский полумарафон стал крупнейшим в стране, зафиксировав на финише 21-километровой дистанции 617 участников. Примерно столько же любителей бега вышли на старт спутниковой дистанции 7 км.\r\n\r\nПервую строчку в рейтинге по массовости Зеленоградский полумарафон сохранил за собой и в 2001 году (624 финишировавших).\r\n\r\nВ разные годы на полумарафон в Зеленоград приезжали любители бега из более чем сорока субъектов РФ. Зеленоград принимал гостей из Австралии, США, Франции, Германии, Норвегии, Индии, Кореи, Алжира, Эфиопии, других стран дальнего и ближнего зарубежья.\r\n\r\nСильнейшие российские бегуны — участники Олимпийских игр, чемпионатов мира и Европы, победители и призеры крупнейших международных марафонов и полумарафонов неоднократно становились участниками Зеленоградского полумарафона. Благодаря их усилиям были установлены рекорды Зеленоградского полумарафона — 1:10.23 у женщин (Лидия Василевская, 2000 г.) и 1:03.50 у мужчин (Александр Васильев, 2004 г.).\r\n\r\nВ 2007 году Зеленоградский полумарафон был принят в Ассоциацию международных марафонов и пробегов (AIMS), став в то время четвертым российским пробегом, признанным этой авторитетной организацией.','zelrun',NULL,1,2,NULL,NULL,NULL,NULL,0),(198,'2016-05-16 06:23:00',1,'2015-05-11',NULL,'09:00','Россия','Казань',NULL,'Казанский марафон','198-kazanskiy-marafon',NULL,'рубли',42,'http://kazanmarathon.org/',96,'Казанский марафон и забеги-спутники: полумарафон и 5 км снова в списках любителей бега со всей России.','Бег все активнее входит в нашу жизнь. Многие люди, заботящиеся о своем здоровье начинают делать пробежки, постепенно переходящие в тренировки. Странно подумать, но в мире существуют тысячи пробегов и марафонов. Но в России это направление не было развито так массово. И вот время пришло!\r\n\r\nСпортивная столица России возрождает Казанский легкоатлетический марафон! В новом современном формате, формате шоу и удовольствия от бега всех.\r\n\r\n11 мая 2015 года на площади стадиона Казань-арена будет дан старт всем желающим покорить 42,195 км по красивейшим улицам столицы Татарстана.','kazanmarathon',NULL,1,2,NULL,NULL,NULL,NULL,0),(199,'2016-05-16 06:23:00',1,'2015-05-16',NULL,'09:00','Россия','Углич',NULL,'Угличский полумарафон','199-uglichskiy-polumarafon',NULL,'рубли',37,'http://goldenringrun.ru/Steps/Uglich',97,'Забеги на 2,5 км, 9 км и 21,1 км пройдут по берегу Волги с невероятным панорамным видом на Кремль','Впервые в Угличе состоится \"Угличский полумарафон \"Волжский берег\". Дистанция проложена вдоль берега Волги, где река делает поворот почти в 90 градусов и открывается великолепная панорама Угличского Кремля и ансамбля угличской гидроэлектростанции. Вас ждет по-настоящему семейный активный праздник в историческом центре города с тысячелетней историей.\r\n\r\n\"Угличский полумарафон \"Волжский берег\" пройдет в рамках празднования Международного дня семьи и Международной акции \"Европейская ночь музеев\", поэтому каждый сможет отпраздновать свою личную победу в рамках яркой культурной программы. А многоцветным закатом на Волге можно будет насладиться во время тематических вечерних экскурсий!\r\n\r\nДистанции: 2,5 км, 9 км, 21,1 км','russiarunning',NULL,1,2,NULL,NULL,NULL,NULL,0),(200,'2016-05-16 06:23:00',1,'2015-06-06',NULL,'09:00','Россия','Переславль-Залесский',NULL,'Переславский полумарафон','200-pereslavskiy-polumarafon',NULL,'рубли',37,'http://goldenringrun.ru/Steps/Pereslavl',NULL,'Пробегите по берегу Плещеева озера и отпразднуйте 800-летие Александра Невского','6 июня 2015 года родина русского полководца и святого благоверного князя Александра Невского — город Переславль-Залесский — ждет Вас на Переславский полумарафон \"Александровские версты\". Наше беговое событие посвящено 800-летию со дня рождения великого князя. Основная часть трассы пройдет по берегу Плещеева озера и историческим местам, связанным с именем Александра Невского.Вера в себя и воля к победе — всё, что нужно для вашего участия! Выбирайте свою версту и побеждайте, как наш великий предок!Дистанции: 3 км, 10 км, 21,1 км','russiarunning',NULL,1,2,NULL,NULL,NULL,NULL,0),(201,'2016-05-16 06:23:00',1,'2015-06-14',NULL,'13:00','Россия','Москва',NULL,'Московский триатлон','201-moskovskiy-triatlon',NULL,'рубли',43,'http://ftr.org.ru/news/mt_2015/',NULL,'Традиционный старт, который открывает триатлонный сезон в Москве. Лимит для любителей всего 300 мест','14 июня 2015 года в Москве в Крылатском пройдет традиционный старт «Московский триатлон». Через неделю после завершения чемпионата и первенства страны, которое пройдёт в Сочи 6—7 июня, выйдут участники первого этапа Кубка России и первого этапа Кубка Федерации триатлона России. Также в рамках этого старта состоятся детские соревнования по акватлону и юношеские старты на первенство Москвы. И, конечно, главное событие для любителей — спринт-триатлон.','moscowtriathlon',NULL,1,1,NULL,NULL,NULL,NULL,0),(206,'2016-05-16 06:23:00',1,'2015-06-27',NULL,'10:00','Беларусь','Минск',NULL,'Триатлон в Минске','206-triatlon-v-minske',NULL,'евро',36,'http://tri.by/Event/Triby/2015',NULL,'Главное большое триатлонное событие в Минске. Популярные соревнования пройдут уже в седьмой  раз.',NULL,'minsktriathlon',NULL,1,1,NULL,NULL,NULL,NULL,0),(207,'2016-05-16 06:22:00',1,'2015-08-29',NULL,'09:00','Россия','Рыбинск',NULL,'Рыбинский полумарафон','207-rybinskiy-polumarafon',NULL,'рубли',37,'http://goldenringrun.ru/Steps/Rybinsk',89,'В рамках праздничных мероприятий, посвящённых празднику дня города, состоится Рыбинский полумарафон','29 августа 2015 года в Рыбинске в рамках праздничных мероприятий, посвящённых празднику дня города, состоится «Рыбинский полумарафон «Великий хлебный путь». Своим названием он обязан тому факту, что в XVIII веке через Рыбинск пролегал «Великий хлебный путь», соединивший Санкт-Петербург с низовьями Волги. Торговля многомиллионными партиями хлеба велась в хлебных биржах, где собирались промышленники и торговцы от Белого моря до Каспия. Архитектурные сооружения \"старой\" и \"новой\" хлебных бирж демонстрировали всей России богатство, силу и мощь рыбинского купечества.\r\n\r\nПредварит старт «Рыбинского полумарафона «Великий хлебный путь» театрализованный пролог «ЗаБег в Рыбинске: от истории к современности».\r\n\r\nДля участников бегового события, жителей и гостей города приготовлены концертные площадки и мастер-классы по различным видам спорта.\r\n\r\nДистанции: 3 км, 8 км, 21,1 км','russiarunning',NULL,1,2,NULL,NULL,NULL,NULL,0),(208,'2016-05-16 06:23:00',1,'2015-05-23',NULL,'11:00','Россия','Москва',NULL,'Благотворительный пробег New Balance','208-blagotvoritelnyy-probeg-new-balance',NULL,'рубли',44,'https://www.nbrun.ru/',98,'V Благотворительный пробег New Balance — это отличный способ провести выходные активно и полезно',NULL,'nbrun',NULL,1,2,NULL,NULL,NULL,NULL,0),(209,'2016-05-16 06:23:00',1,'2015-05-23',NULL,'12:00','Россия','Москва',NULL,'Зеленый марафон Сбербанка','209-zelenyy-marafon-sberbanka',NULL,'рубли',45,'http://www.sberbank-marathon.ru/',99,'Ежегодное спортивное беговое событие Сбербанка, на которое приглашаются не только сотрудники',NULL,'ЗеленыйМарафон',NULL,1,2,NULL,NULL,NULL,NULL,0),(210,'2016-05-16 06:23:00',1,'2015-09-13',NULL,NULL,'Россия','Москва',NULL,'Осенний гром','210-osenniy-grom',NULL,'рубли',9,'http://3sport.org/meets/og-2015/',100,'Знаковое событие каждой осени и обязательный старт для всех любителей бега и отличных соревнований','Знаковое событие каждой осени и обязательный старт для всех любителей бега и отличных соревнований.\r\n\r\nВесенний гром в 2015 году раскупили буквально за несколько часов. Поэтому точно не нужно оттягивать покупку слота. Если организатора не изменят сами себе, то вас ожидает отличная трасса, сотни болельщиков, улыбчивые волонтёры, масса подарков, интересное экспо и ещё масса приятных моментов.','ОсеннийГром',NULL,1,2,NULL,NULL,NULL,NULL,0),(211,'2016-05-16 06:23:00',1,'2015-09-06',NULL,NULL,'Россия','Москва',NULL,'Grom 10k в Крылатском','211-grom-10k-v-krylatskom',NULL,'рубли',9,'http://3sport.org/meets/10k-2015/',101,'Очень сложная по рельефу трасса на 10 км с эпическими подъемами, на которых неистовствуют болельщики',NULL,'Grom10k',NULL,1,2,NULL,NULL,NULL,NULL,0),(212,'2016-05-16 06:23:00',1,'2015-09-12',NULL,NULL,'Россия','Москва',NULL,'Осенний гром. Kids&Girls','212-osenniy-grom-kids-girls',NULL,'рубли',9,'http://3sport.org/meets/og-2015/',102,'Спрос на детские забеги оказался настолько высок, что для маленьких спортсменов выделили целый день!',NULL,'ОсеннийГром',NULL,1,2,NULL,NULL,NULL,NULL,0),(213,'2016-05-16 06:23:00',1,'2015-05-31',NULL,'09:00','Россия','Москва',NULL,'RealRun первый забег','213-realrun-pervyy-zabeg',NULL,'рубли',46,'http://realrun.ru/',103,'Первый забег серии RealRun пройдет в парке «Тропарево». Есть всё: питание, пейсмейкеры и даже судьи',NULL,'realrun',NULL,1,2,NULL,NULL,NULL,NULL,0),(214,'2016-05-16 06:24:00',1,'2015-05-31',NULL,NULL,'Россия','Сочи',NULL,'Сочинский полумарафон','214-sochinskiy-polumarafon',NULL,'рубли',47,'http://topligaclub.ru/action/',104,'Большое спортивное событие в Сочи с забегом по трассе Формулы 1 и мимо олимпийских объектов',NULL,'сочиполумарафон',NULL,1,2,NULL,NULL,NULL,NULL,0),(215,'2016-05-16 06:24:00',1,'2015-05-31',NULL,'11:00','Россия','Посёлок Автополигон',NULL,'Тяжелый грунт','215-tyaghelyy-grunt',NULL,'рубли',48,'http://heavyground.rivertrail.ru/',105,'Трейл-забег по закрытому автополигону НАМИ в Дмитровском районе. Хардкорное название — Тяжелый грунт','На этот раз в поисках интересной трассы для забега мы попали в Дмитровский район с его бесконечными холмами. Кроме города-героя Дмитрова и канала имени Москвы интереснейшим объектом района является закрытый автополигон НАМИ.\r\n\r\nАвтополигон обладает комплексом дорог протяжённостью более 110 км среди которых дорога под внутренним названием «Тяжёлый грунт».\r\n\r\nМаршрут забега проходит по лесу. Особенностью маршрута является чистейший воздух, ведь в радиусе 10 км нет ни одной крупной автодороги.\r\n\r\nНеобычным оказался круг, его длина 13 км. В результате дистанции длиной 13, 26 и 52 км станут для многих бегунов постепенным переходом на новый уровень с уже поддавшихся 10, 21 и 42 км дистанций.\r\n\r\n«Тяжёлый грунт» — это дорога, предназначенная для проведения испытаний полноприводных грузовых автомобилей в тяжелых условиях пересеченной местности, с глубокими колеями, ухабами, часто повторяющимися поворотами малых радиусов и крутыми подъемами. Половина дороги разбита грузовиками, другая же часть заросла и слабо проходима.','ТяжелыйГрунт',NULL,1,2,NULL,NULL,NULL,NULL,0),(216,'2016-05-16 06:24:00',1,'2015-07-26',NULL,'10:00','Россия','Село Комягино',NULL,'Pioneer Camp Trail','216-pioneer-camp-trail',NULL,'рубли',48,'http://pctv2.rivertrail.ru/',106,'7 километровый круг с двумя переходами через реку по территории бывшего пионерского лагеря',NULL,'ВтораяСмена',NULL,1,2,NULL,NULL,NULL,NULL,0),(217,'2016-05-16 06:24:00',1,'2015-06-21',NULL,'09:00','Россия','Москва',NULL,'Nike Women\'s 10k','217-nike-women-s-10k',NULL,'рубли',49,'https://www.nike.com/events-registration/event?id=9184',107,'Большое бесплатное беговое событие не только для девушек в Парке Горького с лимитом в 5000 человек',NULL,'NikeWomens10k',NULL,1,2,NULL,NULL,NULL,NULL,0),(218,'2016-05-16 06:24:00',1,'2015-09-05',NULL,'09:00','Россия','Мышкин',NULL,'Мышкинский полумарафон','218-myshkinskiy-polumarafon',NULL,'рубли',37,'http://goldenringrun.ru/Steps/Myshkin',108,'Один из красивейших длинных забегов в провинциальном Мышкине по берегу великой русской реки Волге','5 сентября 2015 года уникальный провинциальный город Мышкин, в котором что ни дом – то история, что ни человек – то личность, приглашает вас на Мышкинский полумарафон «По шести холмам».\r\n\r\nВ самом сердце Ярославской области среди заповедных сосновых лесов на высоком берегу синеокой красавицы Волги стоит город Мышкин, богатый своими традициями, щедрый на затейливые легенды и предания.\r\n\r\nЦеркви с соборами, гостевые дома и ресторации, пристани корабельные и ремесленные слободки, мельница и торговые ряды, музеи и выставки ждут вас!\r\n\r\nМы приготовили для вас интересные дистанции по исторической части города, Волжской набережной и сосновому бору.\r\n\r\nНадеемся, что неповторимая атмосфера, которую создают мышкинцы, оставит незабываемые впечатления от посещения старинного русского городка.\r\n\r\nДистанции: 3 км, 7 км, 21,1 км','МышкинскийПолумарафон',NULL,1,2,NULL,NULL,NULL,NULL,0),(219,'2016-05-16 06:24:00',1,'2015-09-12',NULL,'09:00','Россия','Ярославль',NULL,'Ярославский полумарафон','219-yaroslavskiy-polumarafon',NULL,'рубли',37,'http://goldenringrun.ru/Steps/Yaroslavl',109,'Живописнейший маршрут по охранной зоне ЮНЕСКО в столице Золотого кольца — прекрасном Ярославле','12 сентября 2015 года вас вновь ждет Ярославль и настоящий праздник спорта, здоровья и позитива! Гостеприимный Ярославль вновь приготовил для вас живописнейшую дистанцию, восторг от преодоления которой просто невозможно сдержать!\r\n\r\nМеждународный стандарт проведения, современные технологии сопровождения бегового события, насыщенная и динамичная культурная программа, награждение победителей сразу после закрытия дистанции, интерактивная зона мастер-классов — все это захватит с первых минут и создаст настроение, которое останется с вами надолго и будет мотивировать на новые победы!\r\n\r\nНа финише момент вашего триумфа над собой будут снимать с разных точек, что бы вы могли сохранить свои яркие эмоции и поделиться ими с родными и друзьями! Фото и видео своего финиша вы сможете скачать на официальном сайте пробега. Столица Золотого кольца ждет вас 12 сентября 2015!','ЯрославскийПолумарафон',NULL,1,2,NULL,NULL,NULL,NULL,0),(220,'2016-05-16 06:24:00',1,'2015-09-27',NULL,'10:00','Россия','Ростов Великий',NULL,'Полумарафон «Ростов Великий»','220-polumarafon-rostov-velikiy',NULL,'рубли',37,'http://goldenringrun.ru/Steps/Rostov',110,'Большое спортивное событие Ростова Великого: забег по древним улицам города мимо Кремля и монастырей','27 сентября 2015 г. в Международный День туризма полумарафон «Ростов Великий» объединит профессионалов и начинающих бегунов, любителей путешествий и активного семейного отдыха. Грандиозный спортивный праздник подарит участникам уникальную возможность пробежать по древним улицам Ростова, наполненным очарованием древности, вдохнуть воздух просторов великого озера Неро и насладиться видами архитектурных ансамблей Кремля, монастырей и других достопримечательностей Ростова Великого.\r\n\r\nВ рамках полумарафона пройдет фестиваль «Добавь движения» — осенний заряд хорошего настроения и позитива. На протяжении всего дня участников и зрителей ожидает множество приятных сюрпризов: мастер-классы «Таланты земли ростовской», концерт с участием лучших творческих коллективов Ростова и других городов Ярославской области, ярмарка умельцев «Ростовский сувенир» и многое другое.\r\n\r\nДистанции: 3 км, 10 км, 21,1 км','РостовПолумарафон',NULL,1,2,NULL,NULL,NULL,NULL,0),(221,'2016-05-16 06:24:00',1,'2015-07-04',NULL,NULL,'Россия','Яхрома',NULL,'Московский трейл 2015','221-moskovskiy-treyl-2015',NULL,'рубли',50,'http://www.mtrunning.ru/',111,'Отличный трейл-забег с набором высоты в 300 метров на 10 км круг в сердце горнолыжного Подмосковья','Московский трейл — один из самых захватывающих трейлранинг стартов предстоящего сезона, который состоится на территории горнолыжной базы Сорочаны 4 июля 2015 года при участии клуба Moscow Trail Running и поддержке Ассоциации Скайраннинга России!\r\n\r\nСорочаны нередко называют подмосковной Швейцарией, природный ландшафт притягивает к себе своей контрастностью: леса сменяются полями, а возвыщающиеся холмы опоясываются красавицей-рекой.\r\n\r\nГорнолыжная база находится В 49 км от МКАД по Дмитровскому шоссе, а это\r\nзначит, что забег пройдет вдали от шума, пыли и бензиновых выхлопов большого города.\r\n\r\nКомплекс обладает отличной современной инфраструктурой, включая парковку, раздевалки, туалеты, оборудованную зону для питания, а это говорит о том, что мероприятие пройдет с максимальным комфортом для участников.\r\n\r\nСпонсорами и партнерами забега являются компании Salomon, Olly, Bodyrec и VertComm.','МосковскийТрейл',NULL,1,2,NULL,NULL,NULL,NULL,0),(222,'2016-05-16 06:24:00',1,'2015-08-16',NULL,NULL,'Эстония','Саку',NULL,'Triathlon Estonia','222-triathlon-estonia',NULL,'евро',51,'http://triathlonestonia.ee/en',112,'Единственный полный Ironman в странах Балтии с очень пологим профилем. Идеальный старт для личника.',NULL,'triathlonestonia',NULL,1,1,NULL,NULL,NULL,NULL,0),(223,'2016-05-16 06:24:00',1,'2015-08-01',NULL,'10:00','Эстония','Отепя',NULL,'Kalev TriSmile Triathlon','223-kalev-trismile-triathlon',NULL,'евро',52,'http://trismiletri.ee/et/',113,'Два очень быстрых триатлона с необычной дистанцией. Один из любимых стартов наших триатлетов.','1 августа 2015 года состоится два старта: 11.1 и 33.3. Читать их стоит следующим образом:\r\n\r\n11.1 = 100 метров плавания, 10 км велосипеда и 1 км бегом\r\n33.3 = 300 метров плавания, 30 км велосипеда и 3 км бегом\r\n\r\nНо, конечно, главный старт этого соревнования состоится на следующий день. Очень быстрый (благодаря велоэтапу), но длинный триатлон TriSmile 111.','trismile',NULL,1,1,NULL,NULL,NULL,NULL,0),(224,'2016-05-16 06:24:00',1,'2015-08-02',NULL,'11:00','Эстония','Отепя',NULL,'TriSmile 111','224-trismile-111',NULL,'евро',52,'http://trismiletri.ee/et/',114,'Один из самых популярных стартов среди россиян: близко, вкусно, недорого, красиво, в конце сезона',NULL,'trismile',NULL,1,1,NULL,NULL,NULL,NULL,0),(227,'2016-05-16 06:24:00',1,'2015-10-04',NULL,'09:30','Армения','Ереван',NULL,'Ереванский полумарафон','227-erevanskiy-polumarafon',NULL,'рубли',53,'http://armeniamarathon.org/ru/',115,'Великолепный Ереван принимает гостей на любую дистанцию. Вы же понимаете, что это просто повод','4 октября 2015 года в Ереване пройдет первый городской полумарафон. Улицы солнечной столицы наполнят сотни любителей спорта и вместе пробегут по её живописным улицам, мимо исторических достопримечательностей, наслаждаясь красотами горной природы и свежим южным воздухом.\r\n\r\nЕреванский Полумарафон станет международным мероприятием, которое каждый год будет привлекать все больше участников как из Армении,\r\nтак и из других стран.\r\n\r\nПолумарафон — это настоящий праздник для всех любителей бега, независимо от уровня подготовки. Если вы еще только задумываетесь о беге, попробуйте свои силы на дистанции 2.1 км. Добавьте месяц-два беговой тренировки — вам покорится дистанция 10 км. Даже начинающий бегун через несколько месяцев подготовки сможет преодолеть дистанцию 21.1 км.\r\n\r\nПоставьте себе амбициозную цель и влейтесь в поток таких же любителей спорта и новых впечатлений. Опытным спортсменам нам также есть что предложить: интересная трасса, хронометраж системы MYLAPS, замер дистанции со стороны AIMS (планируется), и, конечно, профессиональная организация забега.\r\n\r\nДля всех участников мы подготовили интересную программу до, вовремя и после забега с неповторимым армянским колоритом. На финише все\r\nучастники получат медаль в память о своем достижении!','yerevanhalfmarathon','627631210703163',1,2,NULL,NULL,NULL,NULL,0),(228,'2016-05-16 06:24:00',1,'2015-07-05',NULL,'09:00','Франция','Париж',NULL,'Парижский триатлон','228-parighskiy-triatlon',NULL,'евро',54,'http://www.garmintriathlondeparis.fr/',116,'В замечательном Париже, в черте города. Сделать олимпийскую дистанцию и влюбиться в этот город!',NULL,'triathlondeparis',NULL,1,1,NULL,NULL,NULL,NULL,0),(229,'2016-05-16 06:24:00',1,'2015-10-04',NULL,'08:00','Франция','Ницца',NULL,'Триатлон в Ницце','229-triatlon-v-nicce',NULL,'евро',55,'http://www.triathlondenice.fr/',117,'Триатлон на Лазурном берегу с бешеными подъёмами и великолепным морем. Только ради этого стоит ехать',NULL,'triathlondenice',NULL,1,1,NULL,NULL,NULL,NULL,0),(230,'2016-05-16 06:24:00',1,'2015-07-12',NULL,'06:30','Германия','Рот',NULL,'Challenge Roth','230-challenge-roth',NULL,'рубли',16,'http://www.challenge-roth.com/',118,'Великая гонка. Наверно, главное триатлонное событие после Олимпиады и чемпионата мира на Гавайях',NULL,'challengeroth',NULL,1,1,NULL,NULL,NULL,NULL,0),(231,'2016-05-16 06:24:00',1,'2015-07-26',NULL,'14:00','Россия','Валдай',NULL,'Иверская миля','231-iverskaya-milya',NULL,'рубли',56,'http://53sport.ru/iverskaya-milya.html',119,'Возможность проплыть на Валдае дистанцию в 1500 или 3000 метров бывает только раз в году.','Возможность проплыть на Валдае дистанцию в 1500 или 3000 метров бывает только раз в году на Иверской миле. Невероятная красота, хорошие дистанции обещают собрать спортсменов не только из России.\r\n\r\nТакие события становятся настоящим праздником в небольших городах, поэтому почему бы на уикенд не съездить в Новгородскую область на Иверскую милю?','иверскаямиля',NULL,1,3,NULL,NULL,NULL,NULL,0),(232,'2016-05-16 06:24:00',1,'2015-08-09',NULL,'13:00','Россия','Бережки',NULL,'Бережковский триатлон','232-bereghkovskiy-triatlon',NULL,'рубли',57,'http://berezhki.3sport.org/',120,'Знаменитый и старейший триатлон пройдёт как и всегда в деревне «Бережки»',NULL,'бережковскийтриатлон',NULL,1,1,NULL,NULL,NULL,NULL,0),(233,'2016-05-16 06:24:00',1,'2015-09-13',NULL,'16:00','Россия','Москва',NULL,'We Run Moscow 10k','233-we-run-moscow-10k',NULL,'рубли',4,'https://www.nike.com/events-registration/event?id=16499',121,'Один из самых больших стартов в Москве. Тысячи человек бегут 10 км на территории ВДНХ','Один из самых больших стартов в Москве. Тысячи человек бегут 10 км на территории обновлённого ВДНХ. Отличная возможность размяться перед <a href=\"http://www.trirussia.ru/race.php?id=143\">Московским марафоном</a>, который состоится через неделю.<br><br>Участников ждёт отличная организация, огромное количество единомышленников и великолепное настроение! Обязательный старт для всех триатлетов, бегунов и метающихся. До встречи на старте!','werunmoscow',NULL,1,2,NULL,NULL,NULL,NULL,0),(234,'2016-05-16 06:24:00',1,'2015-07-12',NULL,'10:00','Россия','Москва',NULL,'Adidas Run High','234-adidas-run-high',NULL,'рубли',58,'http://runhigh.ru/',123,'Невероятный по своей сложности и перепадам высот маршрут в Крылатском. Всего два варианта: 10.5 и 5 км','Невероятный по своей сложности и перепадам высот маршрут в Крылатском. Всего два варианта: 10 и 5 км.\r\n\r\nДанные по соревнованию будут обновляться. Следите за анонсами на нашей <a href=\"https://www.facebook.com/trirussia\">странице в Facebook</a>. Мы обязательно оповестим вас, когда начнется регистрация.\r\n\r\nВсего 500 мест.','runhigh',NULL,1,2,NULL,NULL,NULL,NULL,0),(235,'2016-05-16 06:24:00',1,'2015-06-27',NULL,'12:00','Россия','Москва',NULL,'Всероссийский олимпийски день','235-vserossiyskiy-olimpiyski-den',NULL,'рубли',59,'http://olympic.rt.ru/registration',124,'Всероссийский олимпийский день проходит по всей стране. В Москве бегут 5 км в Парке Сокольники',NULL,'олимпийскийдень',NULL,1,2,NULL,NULL,NULL,NULL,0),(236,'2016-05-16 06:24:00',1,'2016-06-05',NULL,'08:30','Италия','Венеция','Венеция','Challenge Venice','Challenge-Venice-2016',NULL,'евро',16,'http://www.challengevenice.com/',125,'Первый в истории длинный триатлон в Венеции. Прекрасная Италия, каналы,  будет нечто эпическое!','<p>Первый в истории длинный триатлон в Венеции. Прекрасная Италия, каналы,  будет нечто эпическое!</p><p>Пререгистрация уже открыта, пока 375 евро. Регистрация закрывается 31 декабря 2016 года, если до этого момента не будут выкуплены все слоты. Цены на участие будут только расти, что ожидаемо.</p><p>На наш взгляд, это будет невероятное событие!</p>','challengevenice','',1,1,12.3155,45.4408,'',26,0),(237,'2016-05-16 06:24:00',1,'2015-08-02',NULL,'18:00','Россия','Москва',NULL,'Прекрасная половинка','237-prekrasnaya-polovinka',NULL,'рубли',60,'http://keeprunning.ru/',126,'1400 девушек в Крылатском побегут полумарафон и 5 км. Мужчинам вход воспрещен. Если только поболеть.',NULL,'прекраснаяполовинка',NULL,1,2,NULL,NULL,NULL,NULL,0),(238,'2016-05-16 06:24:00',1,'2015-07-25',NULL,'10:00','Россия','Москва',NULL,'Полумарафон 21andMe','238-polumarafon-21andme',NULL,'рубли',61,'https://www.facebook.com/events/719484504844776/',127,'Летние 21 км в Мещерском парке. Неплохая возможность провести длинную тренировку в большой компании',NULL,'21andMe',NULL,1,2,NULL,NULL,NULL,NULL,0),(239,'2016-05-16 06:24:00',1,'2015-08-02',NULL,'08:00','Россия','Суздаль',NULL,'Golden Ring 100','239-golden-ring-100',NULL,'рубли',62,'http://goldenultra.ru/',128,'Большое международное беговое событие в Суздале. Трейл- и сити-забеги на 100, 50, 30 и 10 километров',NULL,'goldenring100',NULL,1,2,NULL,NULL,NULL,NULL,0),(240,'2016-05-16 06:24:00',1,'2015-07-26',NULL,NULL,'Россия','Москва',NULL,'Зажги Москву','240-zaghgi-moskvu',NULL,'рубли',63,'http://newrunners.ru/race/zazhgi-moskvu-2015/',129,'Настоящий ночной марафон. Если не бежать, так уж точно можно сходить поболеть и встретить рассвет!','В ночь с 25 на 26 июля в Москве, в Парке Горького пройдет Ночной марафон, организованный «Клубом любителей бега «Мир».\r\n\r\nЭто будет первый ночной марафон, который мы пробежим в нашем любимом московском парке! Участников ждёт настоящая беговая романтика: прекрасная подсветка всей набережной, сотни фонариков и улыбок. И в дополнение к этому рассвет на финише!\r\n\r\nНочной марафон — это испытание для авантюристов. Бежать до самого рассвета, стоять в обнимку с любимым или встречать рассвет, подбадривая бегунов — выбор за тобой!\r\n\r\nЗабег стартует на живописной набережной от площади перед «Театром Музыки и Драмы». Маршрут пройдет по кругу в 10,5 км мимо Нескучного сада, спящих жилых домов на Пушкинской набережной до разворота на Воробьевской набережной, откуда открывается незабываемый ночной вид на сердце нашей спортивной столицы. Встречные бегуны смогут подбадривать друг друга и освещать путь своими улыбками и фонариками.','зажгиМоскву',NULL,1,2,NULL,NULL,NULL,NULL,0),(241,'2016-05-16 06:24:00',1,'2015-08-14',NULL,'18:00','Россия','Москва',NULL,'Персональный ультрамарафон Владимира Волошина','241-personalnyy-ultramarafon-vladimira-voloshina',NULL,'рубли',21,NULL,130,'200 км за 24 часа по набережной Воробьёвых гор. Можно поддержать Владимира, пробежав вместе с ним',NULL,'ironstar200',NULL,1,2,NULL,NULL,NULL,NULL,0),(242,'2016-05-16 06:24:00',1,'2015-07-04',NULL,'09:00','Россия','Москва',NULL,'Parkrun в Парке Горького','242-parkrun-v-parke-gorkogo',NULL,'рубли',64,'http://www.parkrun.ru/gorkypark/',131,'Еженедельные бесплатные забеги в Парке Горького с фиксацией времени. Каждую субботу в 9 утра в парке',NULL,'parkrunmoscow',NULL,1,2,NULL,NULL,NULL,NULL,0),(243,'2016-05-16 06:24:00',1,'2015-11-08',NULL,'09:15','Италия','Riva del Garda',NULL,'Полумарафон на озере Гарда','243-polumarafon-na-ozere-garda',NULL,'евро',14,'http://www.trentinoeventi.it/en/',132,'Один из самых популярных среди россиян стартов. Отличная причина поехать в Италию посреди осени!','Один из самых популярных среди россиян стартов. Отличная причина поехать в Италию посреди осени!<br><br>Одно из самых красивых озер в Европе радушно принимает бегунов со всего мира. Полумарафон на озере Гарда по праву считается одним из главных беговых событий всей Италии.','GardaMarathon','1124490067567416',1,2,NULL,NULL,NULL,NULL,0),(244,'2016-05-16 06:24:00',1,'2015-07-30',NULL,'08:00','Россия','Поляна Азау',NULL,'Elbrus Mountain Race','244-elbrus-mountain-race',NULL,'рубли',65,'http://www.elbrusworldrace.com/ru/',133,'Суперсложная гонка. 112 км, сумма набора высот подъёмов – 5050 метров, контрольное время — 72 часа',NULL,'elbrusworldrace',NULL,1,2,NULL,NULL,NULL,NULL,0),(245,'2016-05-16 06:25:00',1,'2015-08-01',NULL,'08:00','Россия','Верхний Баксан',NULL,'Elbrus Mountain Marathon','245-elbrus-mountain-marathon',NULL,'рубли',65,'http://www.elbrusworldrace.com/ru',134,'Индивидуальная гонка на 46 км, сумма набора высоты — 3150 метров на дистанции. Ограничение — 24 часа',NULL,'elbrusworldrace',NULL,1,2,NULL,NULL,NULL,NULL,0),(246,'2016-05-16 06:25:00',1,'2015-08-01',NULL,'08:00','Россия','Верхний Баксан',NULL,'Elbrus Trail','246-elbrus-trail',NULL,'рубли',65,'http://www.elbrusworldrace.com/ru/',NULL,'Самая \"простая\" гонка серии Elbrus World Race. \"Всего\" 34 км, набор высоты составляет 2100 метров.',NULL,'elbrusworldrace',NULL,1,2,NULL,NULL,NULL,NULL,0),(247,'2016-05-16 06:25:00',1,'2015-07-11',NULL,'23:00','Россия','Москва','','Московский ночной велопарад','247-moskovskiy-nochnoy-veloparad',NULL,'рубли',66,'https://www.facebook.com/events/841361945901037/',135,'В этот раз уже ночной велопарад по Москве. 20 км по улицам столицы с финишем в самом центре города.','<p>В субботу, 11 июля 2015 года впервые состоится ночной Московский Велопарад. Тысячи велосипедистов проедут по перекрытым центральным улицам Москвы в своё удовольствие. Это событие приурочено к развитию велосипедной культуры в Москве.</p><p><br><br>Сбор участников — в 22:00 на Суворовской площади у театра Российской армии. Старт — 23:00. Маршрут первого ночного Московского Велопарада составит около 20 км, но до старта объявлен не будет. Финиш — в самом центре Москвы.</p><p><br><br>Пожалуйста, имейте ввиду: ваш велосипед должен быть оборудован задним и передним фонарями — это обязательное условие участия в велопараде. Какие конкурсы и сюрпризы ждут участников ночного Московского велопарада — сюрприз.</p><p><br><br>Кстати, вы можете <a href=\"http://www.trirussia.ru/upload/velologo.zip\">бесплатно скачать</a> и заказать футболку с логотипом «Москва велосипедная».</p>','mosvelo','',1,7,NULL,NULL,'',NULL,0),(248,'2016-05-16 06:25:00',1,'2015-08-23',NULL,NULL,'Россия','Зарайск',NULL,'Триатлон в Зарайске','248-triatlon-v-zarayske',NULL,'рубли',20,NULL,136,'Репетиционный старт в Зарайске перед полным айронменом в 2016 году. От организаторов серии «Титан»','Репетиционный старт в Зарайске перед полным айронменом в 2016 году. От организаторов серии «Титан».\r\n\r\nСовсем недавно стало известно, что организаторы стартов серии «Титан» замахнулись на проведение настоящего полного айронмена в России. Соревнование планируется на июль 2016 года, а в августе 2015 пройдёт \"репетиция\" на олимпийской дистанции.\r\n\r\nЗаплыв в реке Осетр, велопробег по шоссе , бег по городу, а финиш в Кремле, основанном в 1523 году. Для самых любопытных есть <a href=\"https://www.facebook.com/gidravlika/videos/844932068915461/\" target=\"_blank\">видео полёта над шоссе</a>, где пройдёт велоэтап.\r\n\r\nРегистрация пока не открыта, но мы будем держать вас в курсе! До встречи на старте.','titantriathlon',NULL,1,1,NULL,NULL,NULL,NULL,0),(251,'2016-05-16 06:25:00',1,'2015-10-04',NULL,NULL,'Россия','Москва',NULL,'Благотворительный забег 5275','251-blagotvoritelnyy-zabeg-5275',NULL,'рубли',13,'http://5275.ru/marafon',137,'Уже в 4 раз в Москве состоится благотворительный забег. В этот раз он пройдёт в Парке Победы.','Уже в 4 раз в Москве состоится благотворительный забег. В этот раз он пройдёт в Парке Победы.\r\n\r\nБлаготворительные марафоны очень популярны во многих городах нашей планеты. Ежегодно тысячи людей преодолевают сотни километров для того, чтобы присоединиться к общему движению, покорить поставленную дистанцию и помочь тем, кто нуждается в помощи.\r\n\r\nВ России культура благотворительных марафонов практически не развита. Именно поэтому фонд спасения тяжелобольных детей «Линия жизни» и фонд «Дорога вместе» объединились, чтобы создать добрую традицию — предоставить возможность каждому желающему совместить полезное для здоровья занятие — бег — с возможностью внести свой посильный вклад в решение социальных задач. Именно поэтому 4 октября 2015 года уже в четвертый раз в Москве в Парке Победы пройдет благотворительный Забег 5275.','5275',NULL,1,2,NULL,NULL,NULL,NULL,0),(253,'2016-05-16 06:25:00',1,'2015-08-29',NULL,'12:00','Россия','Санкт-Петербург',NULL,'A1 Triathlon Санкт-Петербург','253-a1-triathlon-sankt-peterburg',NULL,'рубли',67,'https://a1.ru/',138,'В Санкт-Петербурге пройдут соревнования A1 Triathlon на короткие дистанции.','A1 TRIATHLON: триатлон на короткие дистанции для любителей и профессионалов в последние выходные лета.\r\n\r\n29-30 августа в Петербурге пройдут очередные соревнования по триатлону A1 TRIATHLON, на этот раз профессиональные спортсмены и любители триатлона со всей России будут соревноваться на спринтерской и олимпийской дистанции. Также в рамках этих стартов пройдут Заключительные этапы Кубка России по триатлону и Кубка Федерации триатлона России среди элиты и юниоров.\r\n\r\nПервый старт A1 TRIATHLON 5 июля стал одним из самых масштабных в России, «полужелезную» дистанцию преодолели 368 российских и иностранных спортсменов. Принять участие в следующих соревнованиях в августе смогут даже новички: при хорошей физической форме подготовиться к самой короткой дистанции – спринту (750 м плавания, 20 км велогонки и 5 км бега) можно за несколько недель, а для преодоления олимпийской дистанции (1,5 км плавания, 40 км велогонки и 10 км бега) понадобится около месяца тренировок. Всего на соревнованиях ожидается более 800 спортсменов.\r\n\r\nЭто твой шанс открыть истинные возможности своего тела и духа и сделать то, чем ты будешь гордиться! Выбери подходящую дистанцию на сайте https://a1.ru/, подай заявку и прими участие в самом крупном соревновании по триатлону в Санкт-Петербурге. Последние выходные этого лета будут жаркими! \r\n','#a1triathlon',NULL,1,1,NULL,NULL,NULL,NULL,0),(255,'2016-05-16 06:25:00',1,'2016-06-04',NULL,'00:00','Россия','Сочи','Олимпийский парк','Ironstar спринт в Сочи','Ironstar-Sochi-sprint-2016',NULL,'рубли',21,'http://iron-star.ru/',139,'Отличная возможность начать сезон в уже тёплом, но еще не многолюдном Сочи. Будет еще и половинка.','<p>Большой спортивный викенд пройдёт в Сочи 4 и 5 июня 2016 года. В Олимпийском парке соберутся ведущие триатлеты России, а также значительный десант любителей. В субботу будет дан старт спринту, который пройдёт по территории красивого и современного Олимпийского парка. Участники в праве ожидать блестящей организации и профессионального подхода, т.к. команда Ironstar уже зарекомендовала себя, как ведущих спортивных организаторов России.</p><p>Для тех, кому мало, организована половинка длинной дистанции на следующий день. И вообще июньские старты в Сочи могут стать отличной традицией для открытия летнего сезона в России.</p>','ironstar','748941551884108',1,1,39.9739,43.4117,'',129,0),(256,'2016-05-16 06:25:00',1,'2016-06-04',NULL,'00:00','Россия','Сочи','Олимпийский парк','Ironstar 113 в Сочи','Ironstar-113-Sochi-2016',NULL,'рубли',21,'http://iron-star.ru/',140,'Второе заметное триатлонное событие в Сочи за выходные — половинка сразу после спринта накануне.','<p>Это уже второй опыт команды Ironstar в организации длинной триатлонной дистанции. Предыдущая половинка была проведена в сентябре 2015 года. Это уже третий по счету старт серии Ironstar в Олимпийском парке в Сочи. Также есть все основания полагать, что старт соберет много участников и болельщиков со всей России. Плюс это отличная возможность наверстать объёмы, которые многие по привычке сделали в мае на Майорке. Отметим, что на момент написания этого текста евро стоил под 80 рублей, и редакция не собиралась ехать в Испанию по понятным соображениям.</p>','ironstar','167669993581499',1,1,39.9739,43.4117,'',178,0),(259,'2016-05-16 06:25:00',1,'2016-07-23',NULL,'18:00','Россия','Киров','Стрижи — Киров','Ironstar триатлон в Кирове','Ironstar-triatlon-v-Kirove-2016',NULL,'рубли',21,'http://iron-star.ru/',141,'Главное событие спортивной жизни Кирова этим летом. Новое место, отменная организация и город Киров!','<p>Главное событие спортивной жизни Кирова этим летом. Новое место, отменная организация и город Киров!</p><p>Новое место для триатлоне не должно помешать любителям поплавать, поездить на велосипеде и побегать приехать в гостеприимный Киров, чтобы принять участие в олимпийском триатлоне.</p><p>Информации пока немного, но та, что есть, будет публиковаться незамедлительно.</p>','ironstarkirov','875157049269430',1,1,49.6668,58.6035,'',151,2),(260,'2016-05-16 06:24:00',1,'2016-08-27',NULL,'18:30','Россия','Казань','Казань','Ironstar триатлон в Казани','Ironstar-triatlon-v-Kazani-2016',NULL,'рубли',21,'http://iron-star.ru',122,'Команда Ironstar в очередной раз радует спортсменов новыми гонками в центре красивейшей Казани.','<p>Сразу две дистанции в прекрасной Казани: спринт и половинка (Half-Ironman). Мимо Кремля, по набережной, разглядывая не только лица и спины соперников, но и отличные достопримечательности города.</p><p>Соревнование начнется на живописной набережной. Плавательный заплыв пройдёт в реке Казанке с чистой водой и без волн. Велоэтап пронесёт спортсменам по основным улицам и магистралям старейшего города России. Беговой этап — вообще одно удовольствие: в окружении зрителей по набережной, с которой, надеемся, будет дуть прохладный ветерок. Кстати, на набережной практически нет набора высоты и отличное покрытие — чем не стимул поставить личный рекорд.<br></p>','ironstarkazan','1908283899395826',1,1,49.0661,55.8304,'',2208,2),(261,'2016-05-16 06:25:00',1,'2015-09-27',NULL,'11:00','Россия','Село Ромашково',NULL,'Дуатлон-эстафета в Ромашково','261-duatlon-estafeta-v-romashkovo',NULL,'рубли',68,'http://www.sk-romashkovo.ru/actions/duattlon_2015/',142,'Новый формат дуатлон-эстафеты «Лето-осень Плюс»: бег, маутин-байк, бег в знакомом всем Ромашкове','Спортивный клуб «Ромашково» проводит в воскресенье 27 сентября 2015 года новое соревнование - дуатлон-эстафету «Лето-осень Плюс». Это аналог традиционного зимнего триатлона «Зима-лето». Дуатлон-эстафета состоит из трех этапов: бег, маунтинбайк и бег. Партнером соревнований по призам является Компания «Хлебпром» (торговая марка «Русская Нива»).\r\n\r\n 09.30 - 10:45 – Регистрация участников\r\n10:50 – 11:00 – Построение на старте и предстартовый брифинг участников\r\n11:00 – Общий старт участников первого этапа\r\n13:00 – 15:00 – Награждение и дружеское общение у мангалов (сосиски свои!), а также весёлые спортивные конкурсы.\r\n\r\nНа первом беговом этапе и на этапе маунтинбайка участник проходит по одному кругу, на втором беговом этапе два круга.\r\n\r\nБег — 2 км\r\nВело — 9 км\r\nБег — 4 км\r\nОбщая длина трассы: 15 км.\r\n \r\nСтарт на «Пивной поляне».\r\n \r\nВозможные категории участия:\r\n— эстафетные команды (более одного участника)\r\n— солисты-мужчины\r\n— солисты-женщины\r\n \r\nСоставы эстафетных команд могут быть сформированы из участников любого возраста и пола. Ограничений на количество этапов эстафеты, которые может пройти один участник, нет.',NULL,NULL,1,1,NULL,NULL,NULL,NULL,0),(262,'2016-05-16 06:25:00',1,'2016-02-07',NULL,'09:00','Россия','Бронницы',NULL,'Марафон Titan в Бронницах','262-marafon-titan-v-bronnicah',NULL,'рубли',20,'http://titan-race.ru/starts/2016-02-07',143,'Уже ставший традиционным забег серии Титан вокруг озера Бельского в Бронницах в самом начале февраля','Уже ставший традиционным забег серии Титан вокруг озера Бельского в Бронницах в самом начале февраля\r\n\r\nТитан продолжает традиции зимних забегов в Бронницах. В этот раз будут забеги на 5, 10, 21, 42 и 50 км. Кому мало марафона в начале февраля в минусовую температуру, добро пожаловать на забег в 50 км.\r\n\r\nПредыдущие забеги были выше всяких похвал: горячая каша, парковка, указатели в центре города и очень много довольных участников.','titanrace','610922805712372',1,2,NULL,NULL,NULL,NULL,0),(263,'2016-05-16 06:25:00',1,'2016-06-05',NULL,'09:00','Россия','Бронницы','Бронницы','Titan 51,5 в Бронницах','Olimpiyka-v-Bronnicah-2016',NULL,'рубли',20,'http://titan-race.ru/starts/05-06-2016',144,'Знаковая гонка, которая собирает сотни спортсменов со всей России в летних солнечных Бронницах','<p>Знаковая гонка, которая собирает сотни спортсменов со всей России в летних солнечных Бронницах. Одна из самых массовых триатлонных гонок на олипийскую дистанцию в России. В рамках соревновательного дня также пройдут:</p><p>— эстафета 1,5/40/10</p><p>— суперспринт 0,3/8/2</p><p>— плавание 3км</p><p>— детская дистанция 0,2/4/1</p>','titanrace','456585911212124',1,1,38.2628,55.4195,'',52,0),(264,'2016-05-16 06:25:00',1,'2016-07-03',NULL,'09:00','Россия','Московская область','Бронницы','Titan 113 в Бронницах','Half-Ironman-v-Bronnicah-2016',NULL,'рубли',20,'http://titan-race.ru/starts/2016-07-03',145,'Ставшая традиционной половинка в Бронницах. Отличная проверка сил перед полным Ironman в Зарайске','<p>Ставшая традиционной половинка в Бронницах. Отличная проверка сил перед полной дистанцией формата Ironman в Зарайске.</p><p>Half-Ironman пройдёт в Бронницком районе Московской области. Это одно из самых массовых соревнований в Центральной части России. Отличная трасса, прекрасное покрытие на велоэтапе, море болельщиков и прекрасных эмоций.</p><p>При ранней регистрации цена на участие снижена. До встречи на старте!</p>','titanrace','545738335584977',1,1,38.2628,55.4195,'',168,2),(265,'2016-05-16 06:25:00',1,'2016-08-07',NULL,'09:00','Россия','Московская область','Зарайск','Titan 226 в Зарайске','Ironman-v-Zarayske-2016',NULL,'рубли',20,'http://titan-race.ru/starts/2016-08-07',146,'Первая в истории серии Титан длинная дистанция в формате Ironman пройдёт в историческом Зарайске','<p>Первая в истории серии Титан длинная дистанция в формате Ironman пройдёт в историческом Зарайске. Летом 2015 года там уже проходили тестовые соревнования, чтобы организаторы могли подготовиться к главному событию лета 2016 года — Триатлону в Зарайске.</p><p>Плавательный этап пройдет в реке Осётр. Велоэтап по автодороге Зарайск — Северные пруды. Покрытие велоэтапа по отзывам участников было на довольно высоком уровне.</p><p>В рамках соревновательного дня пройдет еще спринт-триатлон, поэтому болельщики могут скоротать время, посоревновавшись на небольшой дистанции. Это, кстати, может быть отличным началом увлечения триатлоном.</p><p>До встречи на старте!</p>','titanrace','522389804599156',1,1,38.8818,54.7585,'',225,2),(266,'2016-05-16 06:25:00',1,'2016-09-24',NULL,'09:30','Россия','Сочи','Олимпийский парк','Ironstar триатлон в Сочи','266-ironstar-triatlon-v-sochi',8000,'рубли',21,'',209,'Отличная организация и толпы болельщиков на самом «бархатном» триатлонном старте России. Добро пожаловать в Олимпийский парк в Сочи!','<p>Большой спортивный праздник на берегу Черного моря. Традиционный для Ironstar место проведения — территория Олимпийского парка, где создана отличная инфраструктура для спортивных соревнований.</p>\r\n<p>В эти дни пройдёт этап Кубка России по триатлону для любителей и элиты на стандартной олимпийской дистанции: 1,5 км плавание, 40 км велогонка и 10 км бег. Несмотря на высокий статус соревнования, участвовать могут все желающие (после оплаты стоимости участия, разумеется).</p>\r\n<p>Олимпийский парк — излюбленное место для спортсменов и болельщиков. Совсем рядом парк развлечений, трасса Формулы-1, прекрасная набережная, которая тянется до границы с Абхазией, отличные отели и рестораны. Сам старт соревнования будет дан в бухте Имеретинского порта, в огороженной акватории. Море в это время будет тёплым и прозрачным, поэтому, возможно, гидрокостюмы могут быть запрещены.</p>\r\n<p>Велогонка пройдет по курортному району \"Имеретинский\" и Олимпийскому парку. Трасса скоростная, без набора высоты, что позволит вам показать свой лучший результат на этом этапе.</p>','ironstarsochi','',1,1,39.9739,43.4117,'',966,2),(267,'2016-05-16 06:32:00',1,'2016-09-25',NULL,'11:00','Россия','Сочи','Олимпийский парк','Ironstar 226 триатлон в Сочи','ironstar-226-triatlon-v-sochi-2016',NULL,'рубли',21,'http://iron-star.ru',148,'Первый полный Ironman команды Ironstar в южной столице российского спорта — Олимпийском парке Сочи','<p>Первый полный Ironman команды Ironstar в южной столице российского спорта — Олимпийском парке Сочи.\r\n</p><p>Великолепное море, отличные условия для проживания, прекрасная организация, большое количество спортсменов и болельщиков, захватывающие виды на велоэтапе — всё для того, чтобы сделать свой первый длинный триатлон Ironman именно в Сочи.\r\n</p><p>Беговой этап пройдёт на глазах у многочисленных зрителей, т.к. будет проходить по территории Олимпийского парка.\r\n</p>','ironstar','',1,1,39.9739,43.4117,'',834,2),(268,'2016-05-16 06:32:00',1,'2015-04-17',NULL,NULL,'Россия','Санкт-Петербург',NULL,'A1 Run в Санкт-Петербурге','268-a1-run-v-sankt-peterburge',NULL,'рубли',67,'http://a1.ru/starts/a1_run/',149,'Отличный повод пробежать полумарафон и приблизить начало летнего сезона. Если много, то есть 5 км','Отличный повод пробежать полумарафон и приблизить начало летнего сезона. Если много, то есть еще забег на 5 км и детский забег на 1 км.\r\n\r\nСоревнование пройдёт в Санкт-Петербурге.','a1run','495616407279768',1,2,NULL,NULL,NULL,NULL,0),(269,'2016-05-16 06:32:00',1,'2016-06-18',NULL,'22:00','Россия','Лениградская область','Сестрорецк','A1 спринт-триатлон в Сестрорецке','A1-sprint-triatlon-v-Sestrorecke-2016',NULL,'рубли',67,'http://a1.ru/starts/a1_triathlon_sprint_18062016/',150,'Спринт-триатлон в тихом и красивом городе Сестрорецке под Санкт-Петербургом от команды A1 Triathlon','<p>Спринт-триатлон в тихом и красивом городе Сестрорецке под Санкт-Петербургом от команды A1 Triathlon</p><p>Июнь 2016 года очень богат на триатлонные старты, но для жителей Северо-Запада России спринт-триатлон в Сестрорецке — отличная возможность начать триатлонный сезон в России. Также это отличная возможность активно и интересно провести выходные в прекрасном Санкт-Петербурге и Сестрорецке.</p><p>Гонка обещает быть очень быстрой: плавание в озере Сетролецком разливе, велоэтап по комфортному Приморскому шоссе и бег по центру города.</p><p>Организаторы гонки команда A1 Triathlon готовит большое количество грандиозных стартов в 2016 году, поэтому это будет отличной проверкой их сил перед главными гонками сезона.</p>','a1triathlon','1050318601693593',1,1,29.9574,60.1015,'',152,2),(270,'2016-05-16 06:33:00',1,'2016-06-19',NULL,'15:00','Россия','Ленинградская область','Сестрорецк','A1 Triathlon 113','A1-Triathlon-113-2016',NULL,'рубли',67,'http://a1.ru/starts/a1_triathlon_113_2/',151,'Во второй день спортивного уикенда в Сестрорецке пройдёт триатлон на дистанцию Half-Ironman в 113 км','<p>Во второй день спортивного уикенда в Сестрорецке пройдёт триатлон на дистанцию Half-Ironman в 113 км</p><p>Команда A1 Triathlon организовывает длинный триатлон в Сестрорецке 19 июня 2016 года, на следующий день после спринт-триатлона. Это отличная возможность проверить свои силы после зимней и весенней подготовки к сезону.</p><p>Плавание пройдет в озере, которое, скорее всего, еще недостаточно прогреется для отмены гидрокостюмов, поэтому гонка обещает быть очень быстрой.</p><p>Велоэтап состоит из двух кругов по Приморскому шоссе от Сестрорецка до Зеленогорска и обратно.</p><p>Беговой этап пройдёт по центру города, где зрители смогут видеть спортсменов по несколько раз за круг, что придаст участникам гонки дополнительных сил.</p>','a1triathlon','241430702864906',1,1,29.9574,60.1015,'',21,2),(271,'2016-05-16 06:33:00',1,'2015-07-17',NULL,NULL,'Россия','Санкт-Петербург',NULL,'A1 Swim заплыв в Санкт-Петербурге','271-a1-swim-zaplyv-v-sankt-peterburge',NULL,'рубли',67,'http://a1.ru/starts/a1_swim/',152,'Большой заплыв на морскую милю, 3 000 и 5 000 метров в прекрасном Санкт-Петербурге в середине лета','Большой заплыв на морскую милю, 3 000 и 5 000 метров в прекрасном Санкт-Петербурге в середине лета.\r\n\r\nЭто первый «плавательный» опыт команды из A1 Triathlon. На момент публикации точная трасса заплыва не известна, но есть предположение, что она полностью или частично повторит плавательный этап большого триатлона, который пройдёт в самом центре Санкт-Петербурга в конце августа.','a1triathlon',NULL,1,3,NULL,NULL,'1852 метра',NULL,0),(272,'2016-05-16 06:33:00',1,'2016-08-21',NULL,'07:00','Россия','Санкт-Петербург','Санкт-Петербург','A1 Triathlon 226','A1-Triathlon-226-2016',NULL,'рубли',67,'http://a1.ru/starts/a1_triathlon_226/',153,'Главный старт сезона в Санкт-Петербурге: плыть в Неве, вел по шоссе, а беговой этап — по Невскому','<p>Главный старт сезона в Санкт-Петербурге: плыть в Неве, велоэтап по комфортному шоссе, а беговой этап — по Невскому проспекту.</p><p>Обратите внимание на плавательный и беговые этапы. В современной истории триатлона в России это беспрецедентный маршрут.</p><p>Плавательный этап в два круга вокруг Заячьего острова. Если дышать в правую сторону, то можно увидеть Петропавловскую крепость со всех сторон.</p><p>Велоэтап пройдёт по Приморскому шоссе в два круга из Санкт-Петербурга мимо Лисьего носа, Сетрорецка в сторону Репино и обратно.</p><p>Беговой этап вообще фантастика: по Троицкому мосту, по Дворцовой набережной, по Английской набережной, затем еще один мост: Благовещенский и, конечно же, Биржевая площадь. Если у вас не было возможности погулять по летнему Питеру, то это отличная возможность устроить себе экскурсию на глазах тысяч туристов, прохожих и, конечно, наших любимых болельщиков и болельщиц.</p>','a1triathlon','577551562395712',1,1,30.3351,59.9343,'',581,2),(273,'2016-05-16 06:33:00',1,'2016-08-21',NULL,'08:00','Россия','Санкт-Петербург','Заячий остров','A1 олимпийский триатлон','A1-olimpiyskiy-triatlon-2016',NULL,'рубли',67,'http://a1.ru/starts/a1_triathlon_olympic_21082016/',154,'Триатлон на олимпийской дистанции стартует через час после главного длинного старта на Заячьем острове','<p>Триатлон-спутник на олимпийской дистанции стартует ровно через час после главного старта августа на длинную дистанцию в Санкт-Петербурге — A1 Triathlon 226, аналога триатлона формата Ironman.</p><p>Невероятная трасса: плавательный этап вокруг Заячьего острова, велоэтап по Приморскому шоссе и бег по самому центру Санкт-Петербурга.</p><p>Это уникальный для города и для России триатлонный старт.</p><p>Надеемся, что организаторы сделают всё возможное, чтобы этот триатлон вошел в число лучших в России и Восточной Европе.</p>','a1triathlon','1078245662195900',1,1,30.3145,59.95,'',260,2),(274,'2016-05-16 06:33:00',1,'2015-12-20',NULL,'09:30','Кипр','Ларнака','','Триатлонный сбор Sapik Team на Кипре','274-triatlonnyy-sbor-sapik-team-na-kipre',NULL,'рубли',77,'',211,'','<p>--</p>','','',1,1,NULL,NULL,'',NULL,0),(275,'2016-05-16 06:33:00',1,'2015-11-29',NULL,NULL,'Мексика','Косумель',NULL,'Ironman Cozumel','275-ironman-cozumel',NULL,'доллары',5,'http://eu.ironman.com/triathlon/events/americas/ironman/cozumel.aspx',155,'Один из самых солнечных айронменов в очередной раз пройдёт на острове Косумель в Карибском море','Один из самых солнечных айронменов в очередной раз пройдёт на острове Косумель в Карибском море.\r\n\r\nОстов Косумель находится в Карибском море, в 16 км от мексиканского полуострова Юкатан, территориально принадлежит штату Кинтана Ру. Остров славится своим огромным коралловым рифом (кстати, второй по величине в мире), который защищает его от штормов и больших волн, а также является пристанищем для дайверов со всего мира.\r\n\r\nПлавательный этап состоит из одного круга в море. Спортсмены смогут вживую любоваться знаменитыми тропическими рыбами в охраняемом национальном парке.\r\n\r\nВелоэтап состоит из 3 очень плоских кругов по 60 км каждый. Несмотря на быструю трассу, погода обещает быть довольно жаркой, поэтому внимательнее отнеситесь к питанию и своевременной гидрации. Во время велоэтапа спортсмены смогут увидеть прекрасные морские пейзажи и проехать через старинный город Сан-Мигель.\r\n\r\nБеговой этап обещает быть очень весёлым, т.к. вдоль трассы будет много болельщиков: как местных, так и близких спортсменов. Многие сравнивают атмосферу Ironman Cozumel с атмосферой карибского праздника и фестиваля: яркие краски, громкая музыка и, конечно же, радушные улыбки.\r\n\r\nАйронмен Косумель в Мексике — отличная возможность продлить спортивный сезон и окунуться в лето в конце ноября.','ironmancozumel','569233199844352',1,1,NULL,NULL,NULL,NULL,0),(276,'2016-05-16 06:33:00',1,'2016-01-29',NULL,NULL,'ОАЭ','Дубай',NULL,'Ironman 70.3 Dubai','276-ironman-70-3-dubai',NULL,'доллары',5,'http://eu.ironman.com/triathlon/events/emea/ironman-70.3/dubai.aspx',156,'Новая впечатляющая половинка айронмена в самом центре Дубая. Для тех, кто тренировался в Новый год','Новая впечатляющая половинка айронмена в самом центре Дубая. Для тех, кто тренировался в Новый год.\r\n\r\nНесмотря на отсутствие подробной информации о гонке со стороны организаторов на начало ноября 2015 года, гонка обещает быть грандиозной и запоминающейся. Как говорится: «В мире нет места лучше, чем Дубай, где вы хотели бы оказаться в январе».\r\n\r\nIronman 70.3 Dubai стартует в непосредственной близости от знаменитого отеля Бурдж-эль-Араб. Это единственный 7-звездный отель, в котором останавливаются знаменитости, богачи и ценители роскоши и комфорта со всего мира.\r\n\r\nПлавательный этап пройдёт в море. Его примет гостеприимный пляж Джумейра, возможно, самый популярный среди туристов пляж всего региона.\r\n\r\nВелоэтап Ironman 70.3 Dubai пройдёт за городом и будет довольно сложным, т.к. пройдёт через песчаные дюны. Но несмотря на это организаторы обещают, что велоэтап будет очень быстрым, если этому не помешает встречный ветер. Всего на этапе предполагается один круг, который является частью новой большой велогонки Тур Дубая.\r\n\r\nБеговой этап Ironman 70.3 Dubai проложит свой путь по недавно созданной беговой тропе вдоль пляжа Джумейра. Всего участников ждёт 3 круга по 7 км каждый. Поверьте: там будет очень много болельщиков, и вы не останетесь без присмотра!','ironmandubai','470401406465623',1,1,NULL,NULL,NULL,NULL,0),(277,'2016-05-16 06:33:00',1,'2016-03-06',NULL,NULL,'Филиппины','Субик-Бей',NULL,'Ironman 70.3 Subic Bay Philippines','277-ironman-70-3-subic-bay-philippines',NULL,'доллары',5,'http://eu.ironman.com/triathlon/events/asiapac/ironman-70.3/subic-bay-philippines.aspx',157,'Один из самых экзотических стартов серии Ironman пройдёт на Западе от филиппинской столицы Манилы','Один из самых экзотических стартов серии Ironman пройдёт на Западе от филиппинской столицы Манилы.\r\n\r\nОкруженная с трех сторон горами естественная бухта Сабик Бей когда-то была базой ВМС США в Тихоокеанском регионе. Это было крупнейшее морское соединение США за границей до 1992 года, когда база была возвращена правительству Филиппин.\r\n\r\nСейчас бухта Сабик Бей — одно из самых популярных и респектабельных туристических направлений на Филиппинах, которое привлекает людей со всего мира. Богатая флора и очень разнообразная фауна, морские кораллы, бирюзовое море, тропические леса и горные массивы — всё это сделало Сабик Бей меккой для эко-туристов и спортсменов. В частности, морские пехотинцы США проводят здесь свои тренировочные лагеря.\r\n\r\nПлавательный этап Ironman 70.3 Subic Bay Philippines пройдёт в чистых и прозрачных водах бухты в районе яхт-клуба HYS. Велоэтап состоит из 90-километровой гонки по различным дорогам, включая скоростные шоссе. А беговой этап будет сосредоточен в районе выставочного центра SBECC, где и финишируют спортсмены.','ironmanphilippines','916080545095546',1,1,NULL,NULL,NULL,NULL,0),(278,'2016-05-16 06:33:00',1,'2016-03-06',NULL,NULL,'Аргентина','Буэнос-Айрес',NULL,'Ironman 70.3 Buenos Aires','278-ironman-70-3-buenos-aires',NULL,'доллары',5,'http://eu.ironman.com/triathlon/events/americas/ironman-70.3/buenos-aires.aspx',158,'Если останутся силы после гонки, можно попробовать себя в танго. И обязательно съесть стейк с вином.','Если останутся силы после гонки, можно попробовать себя в танго. И обязательно съесть стейк с вином.\r\n\r\nБуэнос-Айрес — самый популярный среди туристов город Южной Америки. В нём отлично сочетаются исторические места и здания, шикарные парки, развитая инфраструктура и яркие краски, буквально пронизывающие город. \r\n\r\nУмеренный климат, отличные дороги, удобное расположение и высокое качество жизни сделали Буэнос-Айрес идеальным местом для проведения больших соревнований по триатлону — Ironman 70.3 Buenos Aires.\r\n\r\nПлавательный этап Ironman 70.3 Buenos Aires начнется с 1,9-километрового заплыва в тёплых и спокойных водах озера Пуэрто Каноас. Само озеро окружено самыми красивыми зданиями города, что делает маршрут действительно уникальным.\r\n\r\nВелоэтап Ironman 70.3 Buenos Aires будет очень плоским и быстрым, что не помешает насладиться видами центра Буэнос-Айреса.\r\n\r\nБеговой этап Ironman 70.3 Buenos Aires будет не менее зрелищным: как для болельщиков, так и для спортсменов. Он пройдёт мимо реки по тихим улочкам и сосновому бору.\r\n\r\nДобро пожаловать на триатлон в Буэнос-Айрес, Аргентина!','ironmanbuenosaires','938366489548548',1,1,NULL,NULL,NULL,NULL,0),(279,'2016-05-16 06:33:00',1,'2016-03-06',NULL,NULL,'Россия','Иркутская область',NULL,'Байкальский марафон','279-baykalskiy-marafon',NULL,'евро',69,'http://www.absolute-siberia.com/ru/pages/Ledovyj_Marafon_Bajkala.html',159,'Уникальный марафон по бескрайнему Байкалу. Почувствуйте силу великого озера и пробегите по его льду','Уникальный марафон по бескрайнему Байкалу. Почувствуйте силу великого озера и пробегите по его льду.\r\n\r\nИдея Байкальского марафона состоит в том, что весь маршрут прокладывается по льду великого озера Байкала. Участники стартуют у восточного берега и финишируют на западном. Во время марафона каждый из участников пересечет точки, где глубина озера достигает 1300 метров. Это уникальное природное явление.\r\n\r\nБайкальский марафон привлекает большое количество иностранцев, которые наслаждаются первозданной природой и красотой этого края. Это по-настоящему уникальная возможность увидеть Россию и лучшие из её достопримечательностей.\r\n\r\nВозможно, это одно из наиболее интересных и значимых событий в жизни любого спортсмена-любителя. Наравне с первым триатлоном, Айронменом и Коной.','baikalicemarathon','1530272170523682',1,2,NULL,NULL,NULL,NULL,0),(280,'2016-05-16 06:34:00',1,'2016-03-27',NULL,NULL,'Россия','Сочи',NULL,'Полумарафон Сочи','280-polumarafon-sochi',NULL,'рубли',47,'https://russiarunning.com/event/halfmarathonsochi2016',160,'Отличная возможность съездить на выходные в Сочи и пробежаться с личным рекордом по трассе Формулы-1','Полумарафон «Сочи Автодром» пройдет 27 марта 2016 года на трассе, принимающей Гран-при России Формулы 1. Это первый старт из серии забегов Top Liga Cup. Спортсменам предстоит преодолеть одну из двух дистанций – пять с половиной километров по трассе Формулы 1 или маршрут длиной в 21 километр по территории автоспортивного комплекса и улицам Олимпийской деревни.<br><br>Пробежаться по автодрому могут все желающие от 10 лет и старше. К забегу на полумарафонскую дистанцию допускаются жители и гости Сочи от 14 лет. Для участия в соревновании необходимо зарегистрироваться на сайте и подготовить медицинскую справку, содержащую допуск к легкоатлетическим соревнованиям по бегу.<br><br>Полумарафон на Сочи Автодроме будет проводится уже третий год подряд. Впервые он состоялся 3 ноября 2014 года. Ожидается, что в 2016 году в забеге примут участие около 5000 участников. Это самое масштабное мероприятие для любителей бега на юге России. Соревнование сертифицировано Ассоциацией международных марафонов и пробегов.<br><br>К участию в забегах на полумарафонскую дистанцию допускаются все желающие от 14 лет и старше, на дистанцию 5,55 км допускаются все желающие от 10 лет и старше. Всем участникам необходимо предъявить медицинскую справку, содержащую допуск к легкоатлетическим соревнованиям по бегу!<br><br><a class=\"btn btn-primary-outline\" href=\"https://russiarunning.com/event/halfmarathonsochi2016\" role=\"button\">Зарегистрироваться</a>','sochihalfmarathon',NULL,1,2,NULL,NULL,NULL,NULL,0),(281,'2016-05-16 06:34:00',1,'2016-04-24',NULL,NULL,'Россия','Москва',NULL,'Весенний гром','281-vesenniy-grom',NULL,'рубли',9,NULL,161,'Традиционный старт каждой весны. Отличная атмосфера и суперорганизация в весеннем Мещерском парке','Традиционный старт каждой весны. Отличная атмосфера и суперорганизация в весеннем Мещерском парке.\r\n\r\nОб этом соревновании знает каждый, кто занимается бегом, лыжами, триатлоном, загорает около пруда или гуляет с собакой в Мещерском парке.\r\n\r\nОтличная организация от команды 3sport, толпы счастливых людей, интересная трасса, поддержка болельщиков. Как по заказу в дни проведения соревнования стоит отличная погода.\r\n\r\nОбязательно для посещения! Следите за анонсами, слоты разбирают как горячие пирожки. В рамках соревнования пройдут забеги на полумарафон и 10 км.','springgrom',NULL,1,2,NULL,NULL,NULL,NULL,0),(282,'2016-05-16 06:34:00',1,'2016-05-08',NULL,'14:00','Россия','Коломна',NULL,'Wings for Life World Run','282-wings-for-life-world-run',NULL,'рубли',70,'http://wingsforlifeworldrun.com/',162,'Уникальный благотворительный забег, в котором не вы бежите к финишу, а финишная лента догоняет вас','Уникальный благотворительный забег, в котором не вы бежите к финишу, а финишная лента догоняет вас.\r\n\r\n8 мая 2016 года ты можешь стать одним из десятков тысяч участников забега Wings for Life World Run, в котором мы бежим за тех, кто не может.\r\n\r\nВ 14:00 по московскому времени будет дан старт для участников во всём мире, то есть одновременно с тобой побегут сотни тысяч человек, а ровно через 30 минут за участниками начнут двигаться автомобили, которые обозначают финиш. Постепенно они будут наращивать скорость, обгоняя бегунов. Это значит, что забег для участника закончен.\r\n\r\nПоследний участник, которого настигнет автомобиль, считается победителем. Но это не важно, потому что в этот день бегут те, кто может для тех, кто не может.','wingsforlife','1672959992917380',1,2,NULL,NULL,NULL,11,0),(283,'2016-05-16 06:34:00',1,'2016-04-10',NULL,NULL,'Россия','Москва',NULL,'Первый забег','283-pervyy-zabeg',NULL,'рубли',19,NULL,163,'Традиционный весенний забег New Runners, который предваряет сезон беговых стартов в Москве и России','Традиционный весенний забег New Runners, который предваряет сезон беговых стартов в Москве и России.\r\n\r\nНесмотря на короткую дистанцию (всего 5 км) и прохладную погоду в это время года, на дистанцию выходит несколько тысяч человек, которые соскучились по бегу на улице в компании таких же увлеченных людей.\r\n\r\nПо большому счету это второй большой забег в столичном регионе после Бронницкого марафона в феврале. Обращаем ваше внимание, что слоты на Первый забег раскупаются очень быстро, поэтому не откладывайте.\r\n\r\nМы обязательно проинформируем о том, когда откроется регистрация на Первый забег.','firstrun','549329821887964',1,2,NULL,NULL,NULL,NULL,0),(284,'2016-05-16 06:34:00',1,'2016-05-29',NULL,'00:00','Россия','Москва','Гребной канал','Кубок чемпионов по плаванию в Москве','Kubok-chempionov-po-plavaniyu-v-Moskve-2016',NULL,'рубли',71,'http://www.swimcup.ru/summer2016/',164,'Лучшее по организации плавательное событие в Москве. Заплывы на морскую милю и 3 км в Гребном канале','<p>Лучшее по организации плавательное событие в Москве. Заплывы на морскую милю и 3 км в Гребном канале.</p><p>В этом году организаторы добавили к традиционному заплыву на 1 морскую милю, это 1852 метра, заплыв на 3 км. Плыть можно в гидрокостюме и без. Но если вы плывете в гидрокостюме, то ваше время считают по другой категории.</p><p>Несмотря на позднюю весну, вода в Гребном канале к этому времени должна прогреться, поэтому можно смело плыть без гидрокостюма.</p><p>В 2015 году организация старта в Москве была на довольно высоком уровне: парковка у Гребного канала, без очередей, своевременный старт, неплохая маркировка на дистанции.</p><p>Регистрация на Кубок чемпионов по плаванию начнется 1 марта 2016 года.</p>','swimcup','',1,3,37.4327,55.7545,'',97,0),(285,'2016-05-16 06:34:00',1,'2016-03-05',NULL,'06:30','ОАЭ','Абу-Даби',NULL,'Триатлон в Абу-Даби WTS','285-triatlon-v-abu-dabi-wts',NULL,'рубли',7,'http://abudhabi.triathlon.org/',165,'Первая гонка WTS пройдёт в Абу-Даби. Для любителей есть варианты: спринт, олимпийка и половинка','Первая гонка WTS пройдёт в Абу-Даби. Для любителей есть варианты: спринт, олимпийка и половинка. Это наиболее важные и интересные триатлонные соревнования для элиты.\r\n\r\nПо соглашению между спортивными руководителями Абу-Даби и ITU первые гонки сезона будут с 2015 по 2019 годы будут проводиться именно в Абу-Даби.\r\n\r\nУчастники смогут не только воочию увидеть сильнейших триатлетов мира, но и пройти эту же дистанцию уже в рамках соревнований любителей.\r\n\r\nРегистрация на триатлон в Абу-Даби уже открыта.','abudhabitriathlon',NULL,1,1,NULL,NULL,NULL,NULL,0),(286,'2016-05-16 06:34:00',1,'2016-05-15',NULL,NULL,'Россия','Казань',NULL,'Казанский марафон','286-kazanskiy-marafon',NULL,'рубли',10,'http://kazanmarathon.org/',166,'Марафон в прекрасной Казани, которая на ряду с Москвой и Сочи становится спортивным центром страны','Марафон в прекрасной Казани, которая на ряду с Москвой и Сочи становится спортивным центром страны.\r\n\r\nВ рамках соревновательного дня будут проходить забеги сразу на несколько дистанций: марафон, полумарафон, 10 км и 3 км. Среднее время преодоления дистанции в 2015 году составило 3:42:15, а всего в забеге приняло участие 2 241 человек.\r\n\r\nОбратите внимание на интересный и живописный маршрут, которые подготовили организаторы для спортсменов.\r\n\r\nРегистрация на Казанский марафон уже открыта.','kazanmarathon',NULL,1,2,NULL,NULL,NULL,5,0),(287,'2016-05-16 06:34:00',1,'2016-05-15',NULL,NULL,'Россия','Москва',NULL,'Московский полумарафон','287-moskovskiy-polumarafon',NULL,'рубли',19,NULL,167,'Обязательно для посещения: Московский полумарафон с перекрытием дорог и недовольными автомобилистами','Обязательно для посещения: Московский полумарафон с перекрытием дорог и недовольными автомобилистами.\r\n\r\nЭто второе по массовости беговое событие Москвы. Крупнее и больше только Московский марафон, который традиционно состоится в сентябре 2016 года.\r\n\r\nОтличная организация, шикарные маршруты, плоский рельеф и возможность установить личный рекорд (середина мая на дворе) — всё это на Московском полумарафоне.\r\n\r\nРегистрация на начало ноября 2015 года ещё не открыта, мы проинформируем вас об этом.','moscowhalfmarathon','201424596862391',1,2,NULL,NULL,NULL,10,0),(288,'2016-05-16 06:34:00',1,'2016-01-31',NULL,NULL,'Россия','Москва',NULL,'Russialoppet лыжный марафон в Москве','288-russialoppet-lyghnyy-marafon-v-moskve',NULL,'рубли',72,'http://www.russialoppet.ru/',168,'Гонка свободным стилем на 50 км, 30 км и 10 км открывает серию зимних лыжных марафонов Russialoppet',NULL,'russialoppet',NULL,1,6,NULL,NULL,NULL,NULL,0),(289,'2016-05-16 06:34:00',1,'2016-02-06',NULL,NULL,'Россия','Санкт-Петербург',NULL,'Russialoppet лыжный марафон в Токсово','289-russialoppet-lyghnyy-marafon-v-toksovo',NULL,'рубли',72,'http://www.russialoppet.ru/',169,'Второй старт серии Russialoppet пройдёт в Санкт-Петербурге. На 50 км, 25 км и 10 км свободным стилем',NULL,'russialoppet','944682745612222',1,6,NULL,NULL,'25 км',NULL,0),(290,'2016-05-16 06:35:00',1,'2016-02-13',NULL,NULL,'Россия','Дубна',NULL,'Лыжный марафон «Николов перевоз»','290-lyghnyy-marafon-nikolov-perevoz',NULL,'рубли',72,'http://www.russialoppet.ru/',170,'Третий в сезоне старт из серии больших лыжных марафонов Russialoppet пройдёт в подмосковной Дубне',NULL,'russialoppet',NULL,1,6,NULL,NULL,'25 км',NULL,0),(291,'2016-05-16 06:35:00',1,'2016-02-21',NULL,NULL,'Россия','Красногорск',NULL,'Лыжный марафон в Красногорске','291-lyghnyy-marafon-v-krasnogorske',NULL,'рубли',72,'http://www.russialoppet.ru/',171,'Лыжная гонка в Красногорске серии Russialoppet на классической дистанции 50 км свободным стилем',NULL,'russialoppet',NULL,1,6,NULL,NULL,NULL,NULL,0),(292,'2016-05-16 06:35:00',1,'2016-02-21',NULL,NULL,'Россия','Воронеж',NULL,'Лыжный марафон в Воронеже','292-lyghnyy-marafon-v-voroneghe',NULL,'рубли',72,'http://www.russialoppet.ru/',172,'Марафон «Воронеж» памяти Юрия Лопатина проводится с 1983 года. Это 5 гонка серии Russialoppet','Марафон «Воронеж» памяти Юрия Лопатина проводится с 1983 года и назван в честь основателя лыжной секции завода им. «Коминтерна». Организаторы марафона подготовили лыжную трассу в живописном пригороде на берегу водохранилища. На этом месте сейчас построен спортивный комплекс. Хорошо подготовленная трасса в лесном массиве, удобно расположенные пункты питания и отличная атмосфера позволят участникам показать достойный результат.\r\n\r\nОбязательно планируйте свой календарь с учетом этой интересной гонки в зимнем Воронеже.','russialoppet',NULL,1,6,NULL,NULL,'38 км, 12 км',NULL,0),(293,'2016-05-16 06:35:00',1,'2016-02-27',NULL,NULL,'Россия','Санкт-Петербург',NULL,'Лыжный марафон «Невская классика»','293-lyghnyy-marafon-nevskaya-klassika',NULL,'рубли',72,'http://www.russialoppet.ru/',173,'Очередной этап серии лыжных стартов Russialoppet. Большой выбор дистанций классическим стилем',NULL,'russialoppet',NULL,1,6,NULL,NULL,NULL,NULL,0),(295,'2016-05-16 06:35:00',1,'2016-03-06',NULL,NULL,'Россия','Екатеринбург',NULL,'Лыжный марафон «Европа — Азия»','295-lyghnyy-marafon-evropa-aziya',NULL,'рубли',72,'http://www.russialoppet.ru',175,'Супергонка в Екатеринбурге. Старт серии Russialopet. Свободный стиль и две дистанции на 50 и 35 км.','Супергонка в Екатеринбурге. Старт серии Russialopet. Свободный стиль и две дистанции на 50 и 35 км.\r\n\r\nМарафон «ЕвропаАзия» был впервые проведен в 1984 году по инициативе Владимира Лузина при поддержке  завода «Уралмаш». Это единственный марафон в России, старт которого дается в одной точке: у обелиска Европа — Азия в Первоуральске, а финиш в другой: на площади Субботников в Екатеринбурге.\r\n\r\nСвоей уникальностью марафон привлекает любителей и сильнейших гонщиков страны. В разные годы в нем принимали участие призеры чемпионатов мира и Олимпийских Игр.','russialoppet',NULL,1,6,NULL,NULL,NULL,NULL,0),(296,'2016-05-16 06:35:00',1,'2016-03-12',NULL,NULL,'Россия','Рыбинск',NULL,'Дёминский лыжный марафон','296-deminskiy-lyghnyy-marafon',NULL,'рубли',72,'http://www.russialoppet.ru',174,'Знаменитая гонка «Дёмино» в Рыбинске. Несколько дистанций на выбор свободным стилем или классикой','Знаменитая гонка «Дёмино» в Рыбинске. Несколько дистанций на выбор свободным стилем или классикой.\r\n\r\nБольшая лыжная гонка «Демино» впервые состоялась в 2007. За 5 лет марафон стал самым крупным лыжным событием в России. С 2012 г. Дёминский марафон входит в элитную международную серию Worldloppet. В сезоне 2015 в нем приняли участие более 3 тысяч человек со всего мира и более 10 тысяч зрителей.','russialoppet','1715663075335797',1,6,NULL,NULL,NULL,NULL,0),(301,'2016-05-16 06:48:00',1,'2016-09-04',NULL,'','Россия','Москва','Крылатское','Забег Grom 10k','zabeg-grom-10k-2016',NULL,'рубли',9,'http://3sport.org',180,'Традиционный забег в начале сентября: горки, подъёмы, ещё раз горки, очень тяжело, но бежать нужно!','<p>Традиционный забег в начале сентября: горки, подъёмы, ещё раз горки, очень тяжело, но бежать нужно!</p><p>Лучший способ отметить день города Москвы — это пробежать короткий, но довольно тяжелый забег на 10 км, который традиционно проходит в это время. Очень много подъёмов и спусков! Попробуйте себя на прочность — бегите!</p><p>Кстати, не стоит забывать, что через неделю после Grom 10k стартует знаменитый «Осенний гром» в Мещерском парке. Чем не тренировка, чтобы поставить личный рекорд на полумарафоне через неделю?</p>','grom10k','',1,2,37.4093,55.7644,'',1730,2),(302,'2016-05-16 06:35:00',1,'2016-09-11',NULL,'','Россия','Москва','Мещерский парк','Осенний гром в Мещерском парке','osenniy-grom-v-mescherskom-parke-2016',NULL,'рубли',9,'http://3sport.org',179,'Один из самых популярных и рейтинговых стартов серии «Гром» традиционно пройдёт в Мещерском парке','<p>Один из самых популярных и рейтинговых стартов серии «Гром» традиционно пройдёт в Мещерском парке.</p><p>Ровно через неделю после 10-километрового забега Grom 10k пройдёт Осенний гром. Один из самых любимых осенних стартов среди москвичей: большой Мещерский парк, быстрые круги, всегда везёт с погодой, вкусная каша после гонки и огромное количество болельщиков.</p><p>Обращаем ваше внимание, что это один из самых рейтинговых стартов, поэтому позаботьтесь о слоте заранее. Подпишитесь на нашу группу в Фейсбуке, и вы не пропустите ни одной регистрации: <a href=\"https://www.facebook.com/trirussia\">https://www.facebook.com/trirussia</a></p>','ОсеннийГром','',1,2,37.4066,55.672,'',900,2),(303,'2016-05-16 06:48:00',1,'2016-01-17',NULL,NULL,'Россия','Москва',NULL,'Ночная гонка SkiGrom Night 15k','303-nochnaya-gonka-skigrom-night-15k',NULL,'рубли',9,'http://3sport.org/',182,'Первая лыжная гонка в этом сезоне. К тому же ещё и ночная: 15 км в любимом всеми Мещерском парке','Первая лыжная гонка в этом сезоне. К тому же ещё и ночная: 15 км в любимом всеми Мещерском парке.\r\n\r\nЗнаменитая ночная гонка, которая проводится уже не первый год. Фантастическая атмосфера, быстрая трасса, много болельщиков, горячий чай и упорная борьба на каждом метре дистанции.\r\n\r\nЕсли вы только начали заниматься лыжами, то это отличная возможность проверить себя и найти новых друзей! Если вы катаете уже не первый год, то ничего нового мы вам не расскажем.\r\n\r\nПодпишитесь на нашу страницу в Фейсбуке, чтобы быть в курсе последних новостей: https://www.facebook.com/trirussia','night15k',NULL,1,6,NULL,NULL,NULL,NULL,0),(304,'2016-05-16 06:48:00',1,'2016-01-31',NULL,NULL,'Россия','Москва',NULL,'Лыжная гонка SkiGrom 30k в Битце','304-lyghnaya-gonka-skigrom-30k-v-bitce',NULL,'рубли',9,'http://3sport.org/',183,'Большая 30-километровая лыжная гонка в Битце от одних из лучших организаторов соревнований — 3Sport','Большая 30-километровая лыжная гонка в Битце от одних из лучших организаторов соревнований — 3Sport','skigrom',NULL,1,6,NULL,NULL,NULL,NULL,0),(305,'2016-05-16 06:48:00',1,'2016-02-14',NULL,NULL,'Россия','Москва',NULL,'Лыжная гонка SkiGrom 30k','305-lyghnaya-gonka-skigrom-30k',NULL,'рубли',9,'http://3sport.org',184,'Лучший подарок ко дню всех влюблённых — проехать вместе 30-километровую гонку в Мещерском парке','Лучший подарок ко дню всех влюблённых — проехать вместе 30-километровую гонку в Мещерском парке.','skigrom','1735837739971614',1,6,NULL,NULL,NULL,NULL,0),(306,'2016-05-16 06:48:00',1,'2016-02-28',NULL,NULL,'Россия','Москва',NULL,'Марафон SkiGrom 50k','306-marafon-skigrom-50k',NULL,'рубли',9,'http://3sport.org/',185,'Заключительная гонка сезона, лыжный марафон от компании 3Sport, пройдёт в привычном Мещерском парке',NULL,'skigrom',NULL,1,6,NULL,NULL,NULL,NULL,0),(307,'2016-05-16 06:48:00',1,'2016-01-31','2016-02-14',NULL,'Кипр','Ларнака',NULL,'Вторые триатлонные сборы Sapik Team на Кипре','307-vtorye-triatlonnye-sbory-sapik-team-na-kipre',NULL,'евро',73,NULL,181,'Второй в 2016 году длинный триатлонный сбор с профессиональными тренерами на Кипре. Групповые тренировки по плаванию, бегу и велосипеду, подготовка к весенним стартам и просто отличное времяпрепровождение!',NULL,NULL,NULL,1,1,NULL,NULL,NULL,NULL,0),(308,'2016-05-16 06:48:00',1,'2016-07-30',NULL,'15:30','Россия','Выборг','Выборг','Vyborgtrail 3 км и 6 км','Vyborgtrail-2016-3-km-i-6-km',NULL,'рубли',74,'http://vyborgtrail.com',186,'Большое и популярное спортивное событие Северо-Запада. Забег пройдёт в районе Интендантской горы','<p>Большое и популярное спортивное событие Северо-Запада. Забег пройдёт в районе Интендантской горы.</p><p>Регистрация на старты, которые будут проходить в течение двух дней, станет доступной в феврале 2016 года. Организаторы подготовили новые трассы и не будут повторять маршруты 2015 года. Вас ждут самые живописные и интересные места для трейла.</p><p>Также нововведением станут полноценные группы «лайт» (вместо open) — для тех, кто пока не чувствует в себе сил на полные дистанции, но хочет соревноваться и бороться за призовые места, а также новый вид — трехэтапные эстафеты (мужские, женские и смешанные).</p><p>Помимо этого сохранится самое лучшее с прошлого года: суперведущие Артём Шевчук и Оля Цветкова, необычный формат, хорошие призы и теплую атмосферу!</p>','Vyborgtrail','',1,2,28.7572,60.714,'6 км',74,0),(309,'2016-05-16 06:48:00',1,'2016-07-31',NULL,'10:00','Россия','Ленинградская область','Выборг','Vyborgtrail 7 км и 21 км','Vyborgtrail-7-km-i-21-km-2016',NULL,'рубли',74,'http://vyborgtrail.com',187,'Второй день больших соревнований по трейл-раннингу в живописном месте под Выборгом на озере Горица','<p>Большое и популярное спортивное событие Северо-Запада. Забег пройдёт в районе Интендантской горы.</p><p>Регистрация на старты, которые будут проходить в течение двух дней, станет доступной в феврале 2016 года. Организаторы подготовили новые трассы и не будут повторять маршруты 2015 года. Вас ждут самые живописные и интересные места для трейла.</p><p>Также нововведением станут полноценные группы «лайт» (вместо open) — для тех, кто пока не чувствует в себе сил на полные дистанции, но хочет соревноваться и бороться за призовые места, а также новый вид — трехэтапные эстафеты (мужские, женские и смешанные).</p><p>Помимо этого сохранится самое лучшее с прошлого года: суперведущие Артём Шевчук и Оля Цветкова, необычный формат, хорошие призы и теплую атмосферу!</p>','Vyborgtrail','',1,2,28.7572,60.714,'7 км',74,0),(310,'2016-05-16 06:48:00',1,'2016-09-16',NULL,'09:00','Россия','Воронеж',NULL,'Ультрамарафон «Дивогорье»','310-ultramarafon-divogore',NULL,'рубли',75,'http://vk.com/divogorjeultra',188,'Первый воронежский ультрамарафон на 100 км по грунтовым дорогам вдоль реки Дон по её правому берегу','Первый воронежский ультрамарафон на 100 км по грунтовым дорогам вдоль реки Дон по её правому берегу','divogorjeultra',NULL,1,2,NULL,NULL,NULL,279,0),(311,'2016-05-16 06:48:00',1,'2016-02-28','2016-03-13',NULL,'Кипр','Ларнака',NULL,'Третьи триатлонные сборы Sapik Team на Кипре','311-treti-triatlonnye-sbory-sapik-team-na-kipre',NULL,'евро',73,NULL,189,'Третий в 2016 году длинный триатлонный сбор с профессиональными тренерами на Кипре. Групповые тренировки по плаванию, бегу и велосипеду, подготовка к предстоящим стартам и просто весёлая компания и отличное времяпрепровождение!',NULL,NULL,NULL,1,1,NULL,NULL,NULL,NULL,0),(312,'2016-05-16 06:48:00',1,'2016-04-03','2016-04-13',NULL,'Кипр','Ларнака',NULL,'Четвертые триатлонные сборы Sapik Team на Кипре','312-chetvertye-triatlonnye-sbory-sapik-team-na-kipre',NULL,'евро',73,NULL,190,'Четвертый в 2016 году длинный триатлонный сбор с профессиональными тренерами на Кипре. Групповые тренировки по плаванию, бегу и велосипеду, подготовка к предстоящим стартам и просто весёлая компания и отличное времяпрепровождение!',NULL,NULL,NULL,1,1,NULL,NULL,NULL,NULL,0),(313,'2016-05-16 06:48:00',1,'2016-04-03',NULL,'09:00','Кипр','Айя-Напа',NULL,'Триатлон в Айя-Напе на Кипре','313-triatlon-v-ayya-nape-na-kipre',NULL,'евро',76,'http://www.nireas.org/ru/',191,'Отличный и очень весёлый весенний старт на Кипре в самом тусовочном городе острова — Айя-Напе.','Отличный и очень весёлый весенний старт на Кипре в самом тусовочном городе острова — Айя-Напе.\r\n\r\nСоревнование будет проводиться триатлонным клубом Nireas 3 апреля 2016 года в курортном городе Айя-Напе при поддержке и непосредственном участии муниципалитета Айя-Напы и отеля Nissi Beach. На территории отеля Nissi Beach, в западной его части «Luma», будут расположены старт и транзитная зона. Транзитная зона откроется в день старта в 7:00 утра и будет доступна только для зарегистрированных участников соревнования. Регистрация и получение стартовых пакетов состоится в день соревнования с 7:00 до 8:00 утра на территории транзитной зоны. Старт соревнования запланирован на 9:00 утра.\r\n\r\nВсего участника будет доступно две дистанции: спринт и олимпийская.\r\n\r\nПлавательный этап. Массовый старт соревнования состоится на пляже. Заплыв в море пройдет по треугольному маршруту, обозначенному в море тремя буями. Дистанция состоит из двух кругов по 750 метров. Преодолевать дистанцию необходимо, оставляя буи справа.\r\n\r\nВелоэтап. Трасса будет проложена по улице Nissi от отеля Ainias до пляжа Agia Thekla. Этап состоит из 6 кругов (олимпийская дистанция). Участники должны самостоятельно вести подсчет кругов и называть свой номер маршалам при прохождении контрольных пунктов.\r\n\r\nБеговой этап. Этап состоит из 2 кругов (олимпийская дистанция). Трасса проходит по улице Nissi. Организованы два пункта выдачи воды. Финиш расположен в транзитной зоне.\r\n\r\nРегистрация на соревнования открыта с начала 2016 года.','cyprustriathlon','1618332715085583',1,1,NULL,NULL,NULL,NULL,0),(314,'2016-05-16 06:48:00',1,'2016-06-19',NULL,'10:00','Россия','Москва','Лужники','Красочный забег','Krasochnyy-zabeg-2016',NULL,'рубли',19,'',192,'Самый яркий забег лета. Заряд положительными эмоциями и цветная футболка в конце гарантированы!','<p>Самый яркий забег лета. Заряд положительными эмоциями и цветная футболка в конце гарантированы!</p><p>Традиционно проходит в Лужниках. Участников посыпают безопасной для здоровья сухой краской на каждом километровом чекпоинте. В итоге к концу вы себя не узнаете!</p><p>Регистрация открывается в начале 2016 года.</p>','','1703657546514915',1,2,37.5686,55.7121,'',133,0),(315,'2016-05-16 06:48:00',1,'2016-07-16',NULL,'22:00','Россия','Москва','Лужники','Ночной забег','Nochnoy-zabeg-2016',NULL,'рубли',19,'',193,'Самый массовый ночной забег с фонариками, светоотражающими лентами и катафотами по засыпающей Москве','<p>Самый массовый ночной забег с фонариками, светоотражающими лентами и катафотами по засыпающей Москве. У каждого будет возможность пробежать ночные 10 км и превратить «Лужники» в бесконечный поток ярких огней. Это один из самых необычных забегов в Москве наряду с «Красочным забегом». Пока все спят — вы бежите!</p>','','1675576732665474',1,2,37.5686,55.7121,'',138,0),(316,'2016-05-16 06:48:00',1,'2015-08-14',NULL,'09:00','Россия','Москва',NULL,'Музыкальный полумарафон','316-muzykalnyy-polumarafon',NULL,'рубли',19,NULL,194,'Традиционный музыкальный полумарафон в центре Москвы. Море радости, улыбок и, конечно же, музыки',NULL,'musichalfmarathon','201424596862391',1,2,NULL,NULL,NULL,NULL,0),(317,'2016-05-16 06:48:00',1,'2016-08-07',NULL,'18:00','Россия','Екатеринбург','Екатеринбург','Марафон Европа — Азия в Екатеринбурге','Marafon-Evropa-Aziya-v-Ekaterinburge-2016',NULL,'рубли',77,'http://europeasiamarathon.org/marafon_europe_asia/',195,'Самое большое беговое событие прекрасного Екатеринбурга. 5000 бегунов пробегут по уральской столице','<p>Самое большое беговое событие прекрасного Екатеринбурга. 5000 бегунов пробегут по уральской столице. Уникальное событие: каждый сможет пробежать одну из четырёх доступных дистанций: 3 км, 10 км, полумарафон и марафон.</p>','europeasiamarathon','',1,2,60.6057,56.8389,'',40,0),(318,'2016-05-16 06:48:00',1,'2016-09-17',NULL,NULL,'Россия','Екатеринбург',NULL,'Ночной забег в Екатеринбурге','318-nochnoy-zabeg-v-ekaterinburge',NULL,'рубли',77,'http://europeasiamarathon.org/nochnoy_zabeg/',196,'Уникальный для Екатеринбурга ночной забег, который соберет вместе 1,5 тысячи любящих темноту бегунов',NULL,'nightrunebk',NULL,1,2,NULL,NULL,NULL,405,0),(319,'2016-05-16 06:48:00',1,'2016-12-04',NULL,'12:30','Россия','Екатеринбург','','Зимний полумарафон Европа — Азия','319-zimniy-polumarafon-evropa-aziya',NULL,'рубли',77,'http://europeasiamarathon.org/perviy_zmniy_polumarafon_europe_asia/',197,'Сезон 2016 года ещё не закончился для тех, кто хочет пробежать полумарафон в зимнем Екатеринбурге','<p>Первый зимний полумарафон в городе Екатеринбурге. По-настоящему экстремальное событие для любителей бега на беговых дорожках в фитнес-клубах. Маршрут обеих дистанций находятся в исторической части города. Участников будут согревать тепловые пушки, весёлые зрители, горячий чай и уютный шатёр на финише.</p>','winterhalfmarathon','',1,2,NULL,NULL,'7 км',618,0),(320,'2016-05-16 06:48:00',1,'2016-05-01',NULL,NULL,'Россия','Тутаев',NULL,'Тутаевский полумарафон','320-tutaevskiy-polumarafon',NULL,'рубли',10,'http://goldenringrun.ru/Steps/Tutaev',198,'Уже традиционный полумарафон в знаменитом Тутаеве открывает серию «Бегом по «Золотому кольцу»','Уже традиционно 1 мая открывает проект «Бегом по «Золотому кольцу» Тутаевский полумарафон «Мир.Май.Молодость.» Красивая природа, холмистый ландшафт, самобытная архитектура придают Тутаеву неповторимый колорит купеческого городка. Попробовать свои силы и преодолеть знаменитую «Черную гору» Вы сможете, приехав на первый этап «Бегом по «Золотому кольцу».','tutaevhalfmarathon',NULL,1,2,NULL,NULL,NULL,NULL,0),(321,'2016-05-16 06:48:00',1,'2016-05-14',NULL,NULL,'Россия','Углич',NULL,'Угличский полумарафон','321-uglichskiy-polumarafon',NULL,'рубли',10,'http://goldenringrun.ru/Steps/Uglich',200,'Каждый забег в мае — уже праздник. Угличский полумарафон не исключение. Приезжайте в Углич бегать!','Дистанция полумарафона «Волжский берег» пролегает по улочкам этого городка и по одной из самых красивых набережных Волги. На дистанции открывается великолепная панорама Угличского Кремля и ансамбля Угличской гидроэлектростанции. Не только виды города, но и яркий праздник, который создадут жители города, оставят у всех яркие впечатления от Угличского полумарафона.','uglichhalfmarathon',NULL,1,2,NULL,NULL,NULL,6,0),(322,'2016-05-16 06:48:00',1,'2016-04-01',NULL,'20:00','Кипр','Пафос','','VW Cyprus Cycling Tour','322-vw-cyprus-cycling-tour',NULL,'евро',77,'http://www.cyclingcy.com/vw-general-information',199,'Уникальная трехдневная гонка на Кипре. Возможно, самая доступная и популярная многодневка в Европе','<p>В 2016 году город Пафос станет центром велоспорта на Кипре, потому что 1 апреля 2016 года здесь стартует популярная среди европейцев трехдневная гонка по средиземноморскому острову. Гонка проводится уже 5 год подряд и собирает сотни велогонщиков со всей Европы. В течение всех трех дней старт этапам будет дан именно в Пафосе, а точнее — в знаменитом средневековом замке города.</p><p>Volkswagen Cyprus Cycling Tour — наиболее значимое событие в велоспорте Кипра. В прошлом 2015 году 224 велогонщика приняли участие в соревновании. Более половины из них были иностранцами. В этом году ожидается, что участников будет ещё больше. В этом году городом-хозяином гонки станет Пафос (в прошлом 2015 году был Лимассол), потому что организаторы хотят вовлечь весь город в это спортивное событие и дать возможность участникам увидеть другой красивый и гостеприимный Кипр.</p><p>Общая дистанция гонки составит 247,4 км, 191 км из которых будут засекаться. В первый день велогонщики проедут 94,5 км, во второй — 88,9 км и 63 км в третий. Участие в гонке открыто для всех участников вне зависимости от их уровня: профессионалам, полупрофессионалам и любителям.</p>','vwcypruscyclingtour','',1,7,NULL,NULL,'',NULL,0),(323,'2016-05-16 06:48:00',1,'2016-02-21',NULL,'10:00','Россия','Москва',NULL,'Лыжная гонка «Кубок чемпионов»','323-lyghnaya-gonka-kubok-chempionov',NULL,'рубли',77,'http://www.swimcup.ru/ski/',201,'Лыжная гонка от организаторов плавательных соревнований пройдёт в полюбившемся всем Мещерском парке','Лыжная гонка от организаторов плавательных соревнований пройдёт в полюбившемся всем Мещерском парке.\r\n\r\nСтарт в 10:00, гонка свободным стилем, длина 15 км. При регистрации можно указать свою специализацию (плавание, триатлон или бег). По результатам будут награждены победители в каждом из видов.\r\n\r\nРегистрация на лыжную гонку «Кубок чемпионов» открыта с начала 2016 года.','skirace','871616709619728',1,6,NULL,NULL,NULL,NULL,0),(324,'2016-05-16 06:48:00',1,'2016-05-05',NULL,NULL,'Россия','Сочи',NULL,'Rosa Peak Challenge','324-rosa-peak-challenge',NULL,'рубли',21,'http://rosarun.ru/',202,'Забег на вершину горы Роза Пик по экстремальной трассе из земли, камней и снега. Успеть за 60 минут','Фестиваль проводится в период майских праздников и предлагает участникам насыщенную программу мероприятий. Вас ждут беговые соревнования, встречи со звездами спорта и специалистами по спортивному питанию, ярмарка спортивных товаров и новые знакомства! \r\n\r\nВ свободное время вы сможете насладиться красотами горного курорта «Роза Хутор», посетить Горную Олимпийскую деревню, Кавказский государственный заповедник, съездить в Сочи, погулять по Олимпийскому парку, покататься на аттракционах крупнейшего в России парка развлечений, посмотреть на дельфинов в Дельфинарии и съездить в Абхазию. \r\n\r\n«Роза Хутор» предлагает комфортное размещение в гостиницах, спокойный и безопасный отдых для взрослых и детей. В пешей доступности находятся бары и рестораны, бутики и магазины сувениров, спа-салоны. \r\n\r\nФестиваль бега ROSA RUN — отличная возможность активно провести майские праздники вместе с друзьями и близкими на живописном и современном курорте «Роза Хутор».\r\n\r\nВ рамках фестиваля состоится 4 соревнования. В первый день пройдёт Rosa Peak Challenge. Это забег на вершину горы Роза Пик по экстремальной трассе из земли, камней и снега. Участникам нужно забежать как можно выше за 60 минут. \r\n\r\nМаксимальный набор высоты – около 1000 м. \r\nСобери волю в кулак и попробуй покорить вершину!','rosarun','1561722040784914',1,2,NULL,NULL,NULL,NULL,0),(325,'2016-05-16 06:48:00',1,'2016-05-06',NULL,NULL,'Россия','Сочи',NULL,'Rosa Quest','325-rosa-quest',NULL,'рубли',21,'http://rosarun.ru/',203,'Спортивное ориентирование от 5 до 15 км. Все участники будут разделены на команды по 10 человек.','Фестиваль проводится в период майских праздников и предлагает участникам насыщенную программу мероприятий. Вас ждут беговые соревнования, встречи со звездами спорта и специалистами по спортивному питанию, ярмарка спортивных товаров и новые знакомства! \r\n\r\nВ свободное время вы сможете насладиться красотами горного курорта «Роза Хутор», посетить Горную Олимпийскую деревню, Кавказский государственный заповедник, съездить в Сочи, погулять по Олимпийскому парку, покататься на аттракционах крупнейшего в России парка развлечений, посмотреть на дельфинов в Дельфинарии и съездить в Абхазию. \r\n\r\n«Роза Хутор» предлагает комфортное размещение в гостиницах, спокойный и безопасный отдых для взрослых и детей. В пешей доступности находятся бары и рестораны, бутики и магазины сувениров, спа-салоны. \r\n\r\nФестиваль бега ROSA RUN — отличная возможность активно провести майские праздники вместе с друзьями и близкими на живописном и современном курорте «Роза Хутор».\r\n\r\nВ рамках фестиваля состоится 4 соревнования. Во второй день пройдёт Rosa Quest. Это спортивное ориентирование. Все участники будут разделены на команды по 10 человек. \r\n\r\nВсем вместе нужно выполнить несколько заданий и преодолеть дистанцию от 5 до 15 км. \r\n\r\nКомандный дух, физическая подготовка и смекалка помогут успешно дойти до финиша.','rosarun','1561722040784914',1,2,NULL,NULL,NULL,NULL,0),(326,'2016-05-16 06:48:00',1,'2016-05-07',NULL,'11:30','Россия','Сочи','','Rosa Carnival','326-rosa-carnival',NULL,'рубли',21,'http://rosarun.ru/',204,'Благотворительный fun-забег на Розе Хутор. Толпы радостных людей в костюмах. Дресс-код обязателен!','<p>Фестиваль проводится в период майских праздников и предлагает участникам насыщенную программу мероприятий. Вас ждут беговые соревнования, встречи со звездами спорта и специалистами по спортивному питанию, ярмарка спортивных товаров и новые знакомства! </p><p>В свободное время вы сможете насладиться красотами горного курорта «Роза Хутор», посетить Горную Олимпийскую деревню, Кавказский государственный заповедник, съездить в Сочи, погулять по Олимпийскому парку, покататься на аттракционах крупнейшего в России парка развлечений, посмотреть на дельфинов в Дельфинарии и съездить в Абхазию. </p><p>«Роза Хутор» предлагает комфортное размещение в гостиницах, спокойный и безопасный отдых для взрослых и детей. В пешей доступности находятся бары и рестораны, бутики и магазины сувениров, спа-салоны. </p><p>Фестиваль бега ROSA RUN — отличная возможность активно провести майские праздники вместе с друзьями и близкими на живописном и современном курорте «Роза Хутор».</p><p>В рамках фестиваля состоится 4 соревнования. На третий день пройдёт благотворительный fun-забег Rosa Carnivale. На старте — веселая толпа в костюмах!</p><p>Участвуй сам, приводи семью и друзей! Беги в образе Человека-паука, Дарта Вейдера или Элвиса — прояви фантазию!</p><p>Дресс-код обязателен.</p>','rosarun','1561722040784914',1,2,NULL,NULL,'',NULL,2),(327,'2016-05-16 06:48:00',1,'2016-05-08',NULL,NULL,'Россия','Сочи',NULL,'Rosa 777','327-rosa-777',NULL,'рубли',21,'http://rosarun.ru/',205,'Главное событие фестиваля Rosa Run — для самых смелых и выносливых с набором высоты до 500 метров','Фестиваль проводится в период майских праздников и предлагает участникам насыщенную программу мероприятий. Вас ждут беговые соревнования, встречи со звездами спорта и специалистами по спортивному питанию, ярмарка спортивных товаров и новые знакомства! \r\n\r\nВ свободное время вы сможете насладиться красотами горного курорта «Роза Хутор», посетить Горную Олимпийскую деревню, Кавказский государственный заповедник, съездить в Сочи, погулять по Олимпийскому парку, покататься на аттракционах крупнейшего в России парка развлечений, посмотреть на дельфинов в Дельфинарии и съездить в Абхазию. \r\n\r\n«Роза Хутор» предлагает комфортное размещение в гостиницах, спокойный и безопасный отдых для взрослых и детей. В пешей доступности находятся бары и рестораны, бутики и магазины сувениров, спа-салоны. \r\n\r\nФестиваль бега ROSA RUN — отличная возможность активно провести майские праздники вместе с друзьями и близкими на живописном и современном курорте «Роза Хутор».\r\n\r\nВ рамках фестиваля состоится 4 соревнования. Главное событие фестиваля Rosa Run — забег Rosa 777 для самых смелых и выносливых. \r\n\r\nЕсли рискнешь, тебя ждет трасса с набором высоты до 500 м. Будет трудно, но ты же не ищешь легких путей. Покажи все, на что ты способен!','rosarun','1561722040784914',1,2,NULL,NULL,NULL,9,0),(328,'2016-05-16 06:49:00',1,'2016-05-28',NULL,'00:00','Россия','Ярославская область','Мышкин','Мышкинский полумарафон','Myshkinskiy-polumarafon-2016',NULL,'рубли',10,'http://goldenringrun.ru/Steps/Myshkin',206,'Маленький и уютный волжский городок Мышкин приглашает всех на полумарафон «По шести холмам»','<p>Маленький уютный волжский городок Мышкин приглашает всех 28 мая 2016 года на II полумарафон «По шести холмам», который пройдет в рамках проекта «Бегом по «Золотому кольцу».</p><p>Великолепные пейзажи, волжские просторы, купеческие усадьбы и дух русской провинции – все это сохранилось в городе классической провинции. На протяжении всей трассы вас будут встречать мышкари и мышкарки, мышкарочки и мышкарята, ведь именно они и создают неповторимую мышкинскую ауру.</p>','мышкинполумарафон','',1,2,38.4503,57.7868,'',50,0),(329,'2016-05-16 06:49:00',1,'2016-06-04',NULL,'00:00','Россия','Ярославская область','Переславль-Залесский','Переславский марафон','Pereslavskiy-marafon-2016',NULL,'рубли',10,'http://goldenringrun.ru/Steps/Pereslavl',207,'Это первый марафон в рамках проекта «Бегом по Золотому кольцу». И в каком прекрасном городе. Сказка!','<p>В рамках проекта «Бегом по Золотому кольцу» появился первый марафон! Он пройдет 4 июня 2016 года в городе Переславль-Залесский.</p><p>Марафонцы пробегут вокруг великого Плещеева озера, которое славит город по всей России. Здешний уроженец Александр Невский в 1242 году повел отсюда русские дружины на лед Чудского озер. Имя великого полководца упомянуто и в названии марафона.</p>','переславскиймарафон','',1,2,38.8903,56.747,'',90,0),(330,'2016-05-16 06:49:00',1,'2016-09-11',NULL,'09:00','Россия','Ярославль','Ярославль','Ярославский полумарафон','330-yaroslavskiy-polumarafon',1600,'рубли',10,'http://goldenringrun.ru/Steps/Yaroslavl',208,'Самый масштабный этап проекта «Бегом по Золотому кольцу» — знаменитый Ярославский полумарафон.','<p>Самый масштабный этап проекта - Ярославский полумарафон «Золотое кольцо» в этом году примет Чемпионат России по полумарафону.</p><p>Международный стандарт проведения, сертифицированная трасса, дистанция, полностью пролегающая в охранной зоне ЮНЕСКО, насыщенная культурная программа — все это и многое другое давно привлекает опытных бегунов со всего мира на Ярославский полумарафон.</p><p>Старт будет дан в одном из самых красивых мест города — Стрелке, а по пути участники увидят многие исторические точки города.</p>','ярославскийполумарафон','',1,2,NULL,NULL,'',539,2),(331,'2016-05-30 14:18:00',1,'2016-06-18',NULL,'10:00','Россия','Москва','ВДНХ','Вокруг Земли за 60 минут','New-Balance-Around-the-World-60-min-run-2016',1000,'рубли',44,'http://nbrun.ru/',212,'Благотворительный забег New Balance пройдёт на ВДНХ. Деньги пойдут на помощь фонду «Доктор Клоун»','<p>Все мы детьми бывали в больницах, а некоторым из нас пришлось провести там даже какое-то время на лечении. И до сих пор мы помним ту скуку и грусть, которая появляется, когда нет развлечений, друзей и любимых игрушек рядом.</p><p><span></span>Но с появлением фонда Доктор Клоун, все стало иначе. Сотрудники и волонтеры фонда посещают детские больницы (в том числе лечебные заведения с ограниченным доступом) и устраивают детям настоящий праздник, чтобы им не было так одиноко, и они скорее выздоравливали. </p><p>18 июня в 10.00 на ВДНХ мы начнем забег «Вокруг Земли за 60 минут» и покажем себе и друг другу, что дети в любой стране должны быть одинаково счастливы и получать помощь и поддержку!</p><p><span></span>Вместе мы пробежим по трассе, на протяжении которой нас будут встречать и поддерживать национальные музыканты разных стран, и каждый из нас пробежит, а может быть пройдет столько сколько захочет, ведь мы ограничены только временным отрезком в один час.</p><p>Друзья, забегом мы привлечем внимание к тому, что детство должно быть веселым, без страха и грусти, даже если ребенок оказался в больнице!</p><p>Собранные средства пойдут на помощь фонду «Доктор Клоун». Мы хотим показать, что выбравшись из привычной среды — офиса, квартиры, машины — хотя бы на 60 минут, мы можем сделать мир лучше.</p>','nbrun','268820976801011',1,2,37.6415,55.8211,'',20,0),(332,'2016-05-30 15:58:00',1,'2016-06-11',NULL,'12:00','Россия','Москва','Крылатское','Командная гонка Кубка Angry Boys','Angry-Boys-Cup-Stage-3-2016',900,'рубли',78,'http://angryboys.pro/events/angry-boys-sports-cup-3stage/',213,'3 этап — командная гонка. Уникальные для Москвы шоссейные велогонки объеденены в одном общем зачете.','<p>Уникальные в наше непростое для велоспорта время соревнования. Уникальны тем, что все 12 этапов объединены в общий зачет. Все они пройдут на территории хорошо известной олимпийской велотрассы в Крылатском. 3 этап — это командная гонка. Также впервые в Московском регионе состоится массовый старт в популярном по всей Европе формате «Гранд-фондо» — сотни участников выйдут на кольцевую трассу, проложенную в живописных уголках Московской области.</p><p>Групповая гонка – от 9 до 12 кругов в зависимости от категории (1 круг — 4300 метров). Спортсмены стартуют общей группой, побеждает спортсмен, который первым пересечет финишную черту.</p><p>Индивидуальная гонка на время (“разделка”) — 12,9 км. Шоссейная гонка на время с раздельным стартом. Спортсмены начинают движение по одному через определенные интервалы, установленные организаторами соревнований. Побеждает спортсмен, который пройдет дистанцию за наименьшее время.</p><p>Командная гонка парами – 17,2 км. Шоссейная гонка на время с раздельным стартом. Спортсмены начинают движение командой (парой) через определенные интервалы, установленные организаторами соревнований. Побеждает команда, которая пройдет дистанцию за наименьшее время.</p>','','',1,7,37.4272,55.7683,'17,2 км',20,2),(333,'2016-06-14 10:59:00',1,'2016-07-31',NULL,'','Россия','Московская область','Кленово','3Grom Олимпийский триатлон в Кленово','3grom-klenovo-olympic-2016',3500,'рубли',9,'http://reg.place/meets/3grom-klenovo-51-5',215,'Первый олимпийский триатлон на новой площадке в селе Кленово. Плавательный этап в пруду, вело — по великолепному шоссе.','<p>Новая площадка триатлонных стартов от 3Sport – подмосковное село Кленово. Плавательный этап проходит в Свитинском пруду (1 круг), вело по идеальному шоссе (о такой велотрассе можно только мечтать) (1 круг), бег по шоссе (1 круг).</p><p>Вместе с индивидуальным зачетом будет ещё и зачет эстафетных команд. Как всегда, слоты разбирают достаточно быстро, поэтому рекомендуем поторопиться всем, кто хочет попробовать силы в олимпийском триатлоне или установить свой личник на этой дистанции.</p><p>Добираться до места старта из Москвы можно на автобусе 1004 от м. Бульвар Дмитрия Донского или на электричке до Подольска, а там на автобусе 1033 до остановки Клёново. Если у вас есть место в автомобиле, то предложите кого-нибудь подвезти, за это плюс в карму и минус минута на беге.</p>','klenovotriathlon','',1,1,37.3433,55.3234,'',219,2),(334,'2016-06-14 12:49:00',1,'2016-08-14',NULL,'','Россия','Москва','Крылатское','VestaBank 3Grom спринт-триатлон в Крылатском','VestaBank-3Grom-sprint-triathlon-Krylatskoe-2016',3000,'рубли',9,'http://reg.place/meets/Vesta-3grom-Sprint-Kril',216,'Без преувеличения главный триатлонный старт в Москве. Здесь встречаются все, кто успел выкупить свой слот','<p>Без преувеличения главный триатлонный старт в Москве. Многие наверняка помнят времена, когда маутин-байков в транзитке было чуть ли не больше, чем шоссейников. Это традиционное место встречи любителей триатлона со всей Москвы.</p><p>Очередная гонка серии Grom в Москве пройдёт в Крылатском. Плавательный этап в Гребном канале. Велоэтап на уже до боли знакомой всем Олимпийской велотрассе. А завершающий беговой этап пройдёт вокруг гребного канала.</p><p>Спринт-триатлон в Крылатском проходит уже четвертый год подряд. Например, В 2015 году на старт вышло около 700 спортсменов.</p><p>Если вы никогда не были на Олимпийской велотрассе, мы рекомендуем прокатиться хотя бы пару малых кругов по часовой стрелке. Это вам очень поможет во время самой гонки.</p>','триатлонвкрылатском','',1,1,37.439,55.7627,'',173,2),(335,'2016-06-14 14:21:00',1,'2016-09-03',NULL,'15:00','Италия','Ливиньо','Ливиньо','Icon Livigno Extreme Triathlon','Icon-Livigno-Extreme-Triathlon-2016',350,'евро',77,'https://www.mysdam.net/evt/data-entry_32839.do',218,'Невероятный по своей сложности и красоте длинный триатлон. Стоит наряду со Swissman, Celtman и другими самыми сложными гонками в мире','<p>Гонка Icon Livigno Xtreme Triathlon будет состоять из трех этапов: заплыва на 3,8 км, велозаезда на 195 км и забега на 42,2 км. Трассы для соревнования тщательно выбирались, чтобы показать исторические красоты этой стороны Альп и горных перевалов, прославленных престижными велогонками, такими как Джиро д’Италия.</p><p><u></u></p><p>Первый этап гонки — <strong>заплыв на 3,8 км</strong> — начнется на юго-западном берегу озера Ливиньо. В последние годы средняя температура воды в озере в сентябре колебалась от 13 до 16<sup>о</sup>C, поэтому атлетам необходимо использовать соответствующее снаряжение.<u></u><u></u></p><p>Во время <strong>велоэтапа на 195 километров</strong> спортсмены проедут по территории Швейцарии на высоте более 2 000 м. После заплыва они выедут из Ливиньо в сторону перевала Форкола (2 315 м), оттуда направятся в Швейцарию, где они проедут перевал Бернина (2 323 м), и затем начнут спуск через Санкт-Мориц и Энгадин, пока не доедут до коммуны Цернец. Затем им будет необходимо преодолеть перевал Фуорн (2 149 м) и долгий спуск в Валь-Мюстаир, после чего они вернутся на территорию Италии. После прибытия в Прато-алло-Стельви им нужно будет преодолеть знаменитые 48 крутых поворотов перевала Стельвио (второго по высоте в Европе — 2 757 м), откуда они спустятся в городок Бормио, где столкнутся с последним испытанием — переездом через перевал Фосканьо (2 291 м), после чего прибудут в деревню Трепалле, Ливиньо. Там будет находиться вторая транзитная зона (Т2).<u></u><u></u></p><p><strong>Забег длиной 42,2 км</strong> пройдет по маршруту, отличающемуся исключительной красотой и сложностью. Первые 8 км атлеты пробегут по красивой нисходящей тропе, которая приведет их назад в Ливиньо, где они пробегут еще 25 км по плоской поверхности, после чего им предстоит последнее тяжелое испытание: подъем на 9 км до «Кароселло 3000». С учетом набора высоты 1 100 м все атлеты будут бежать в сопровождении члена их команды поддержки до финишной черты.<u></u><u></u></p><p>Все участники Icon Xtreme Triathlon должны иметь свою собственную <strong>команду поддержки</strong> (размером от одного до трех человек), которая будет оказывать им помощь во время гонки и сотрудничать с организаторами мероприятия в целях обеспечения максимальной безопасности.</p>','livignoxtremetriathlon','',1,1,10.1357,46.5386,'',314,0),(336,'2016-06-14 15:07:00',1,'2016-07-10',NULL,'15:30','Россия','Ленинградская область','Копанское озеро','A1 Swim в Копанском озере','a1-swim-kopanskoe-2016',2000,'рубли',67,'https://a1.ru/starts/a1_swim/',219,'Сразу три плавательные дистанции в живописном Копанском озере в разгар лета.','<p>Плавание в живописном Копанском озере с чистой водой на трёх дистанциях: морская миля, 3 000 и 5 000 метров. Это первый в истории A1 Triathlon плавательный старт. Уже сейчас можно говорить о большом представительстве участников с Северо-Запада и Центрального региона.</p><p>Соревнования пройдут в уникальном месте – на Копанском озере в Сосновом Бору, которое пользуется большой популярностью у жителей города и является историческим местом. Песчаный пляж, удивительно чистая и прозрачная вода идеально подходят для соревнований на открытой воде, а большой размер озера позволит проложить маршруты всех дистанций в один круг.</p><p>Стартовый пакет включает плавательную шапочку, хронометраж, медаль финишера, питание на финише. Также после финиша спортсмены смогут бесплатно восстановить свои силы в сауне. Участников и зрителей ждёт яркая развлекательная программа, а призёров соревнований — призы и торжественная церемония награждения. </p><p>Это будет большой плавательный праздник в середине лета. Поэтому даже если вы не планируете ставить личный рекорд на дистанции в открытой воде, просто приезжайте и участвуйте в заплыве на 1 морскую милю: 1 852 метра.</p>','a1swim','745258402243107',1,3,28.7272,59.7343,'',29,2),(337,'2016-06-14 15:38:00',1,'2016-07-24',NULL,'15:00','Россия','Ленинградская область','Выборг','A1 Vyborgman на дистанции Half-Ironman','vyborgman-half-ironman-2016',7500,'рубли',67,'https://a1.ru/starts/a1_vyborgman/',220,'Уникальный старт с историей, которая временно прерывалась, чтобы получить вторую жизнь благодаря команде A1 Triathlon','<p>Уникальный старт с историей, которая временно прерывалась, чтобы получить вторую жизнь благодаря команде A1 Triathlon. Первый длинный триатлон на территории России возрождён и ждёт своих участников.\r\n</p><h4>Плавание</h4><p><img src=\"https://a1.ru/upload/images/maps/vyborg-swim.jpg\" class=\"img-fluid\"></p><p><br></p><h4>Велоэтап</h4><p><img src=\"https://a1.ru/upload/images/maps/vyborg-bike.jpg\" class=\"img-fluid\"></p><p><br></p><h4>Беговой этап</h4><p><img src=\"https://a1.ru/upload/images/maps/vyborg-run.jpg\" class=\"img-fluid\"></p>','vyborgman','1518669605108106',1,1,28.7572,60.714,'',81,2),(390,'2016-07-31 20:29:00',1,'2016-08-06',NULL,'17:00','Россия','Смоленская область','д. Лебедки','Grom Vazuza SwimRun 2,4 км','Grom-Vazuza-SwimRun-Prologue -2016',1000,'рубли',9,'http://reg.place/meets/swimrun',232,'Очень популярный в Скандинавии формат соревнований. Плывешь, бежишь и так несколько раз. ','<p>SwimRun — это формат соревнований, очень похожий на дуатлон. Но между этапами нет транзитных зон и зачастую этапов несколько и они чередуются. То есть в чем плывёт спортсмен, в том он и бежит. Практически все участники плывут в кроссовках и бегут с лопатками, если это разрешено организаторами соревнований.</p><p>Формат SwimRun крайне популярен в Скандинавии, где проводится мировая серия OTILLO. В Москве такой праздник проводится впервые, поэтому число участников ограничено 200.</p><h4>Расписание</h4><h4>\r\n</h4><h5>6 августа, 1 день</h5><p>1. Детский забег на 1 км для детей.<br>\r\n2. Личный зачет SwimRun 2,4 км. Беговой этап суммарно: 2 км, плавательный: 400 метров.</p><h5>7 августа, 2 день</h5><p>SwimRun — 18 км. Беговые этапы: 15 км., плавательные этапы: 3 км.<br>\r\nКомандный зачет. 2 человека ММ, ЖЖ, МЖ.</p><h4>Стартовый набор</h4><p>Каждый участник на старте получает шапочку, номер-майку, футболку. На финише каждого финишера ждёт традиционная медаль.</p><h4>Проживание</h4><p>Соревнования SwimRun пройдут на территории гостеприимного отеля премиум-класса Vazuza Country Club. Для участников Grom SwimRun Vazuza организаторы обещают специальные условия проживания.</p>','GromVazuzaSwimRun','',1,5,34.748,55.8891,'2,4 км',25,2),(391,'2016-07-31 20:40:00',1,'2016-08-07',NULL,'10:00','Россия','Смоленская область','д. Лебедки','Grom Vazuza SwimRun 18 км','Grom-Vazuza-SwimRun-18к-2016',3000,'рубли',9,'http://reg.place/meets/swimrun',233,'Главный старт двухдневного соревнования по свимрану, крайне популярному в Скандинавии соревнования по плаванию и бегу.','<p>Главный старт двухдневного праздника по свимрану (мультидуатлон по-русски). 7 августа 2016 года будет дан старт 18-километровому соревнованию в личном и командном зачетах. Днём раньше пройдёт пролог: 2,4 км бега и плавания.</p><p>SwimRun — это формат соревнований, очень похожий на дуатлон. Но между этапами нет транзитных зон и зачастую этапов несколько и они чередуются. То есть в чем плывёт спортсмен, в том он и бежит. Практически все участники плывут в кроссовках и бегут с лопатками, если это разрешено организаторами соревнований.</p><p>Формат SwimRun крайне популярен в Скандинавии, где проводится мировая серия OTILLO. В Москве такой праздник проводится впервые, поэтому число участников ограничено 200.</p><h4>Расписание</h4><h4>\r\n</h4><h5>6 августа, 1 день</h5><p>1. Детский забег на 1 км для детей.<br>\r\n2. Личный зачет SwimRun 2,4 км. Беговой этап суммарно: 2 км, плавательный: 400 метров.</p><h5>7 августа, 2 день</h5><p>SwimRun — 18 км. Беговые этапы: 15 км., плавательные этапы: 3 км.<br>\r\nКомандный зачет. 2 человека ММ, ЖЖ, МЖ.</p><h4>Стартовый набор</h4><p>Каждый участник на старте получает шапочку, номер-майку, футболку. На финише каждого финишера ждёт традиционная медаль.</p><h4>Проживание</h4><p>Соревнования SwimRun пройдут на территории гостеприимного отеля премиум-класса Vazuza Country Club. Для участников Grom SwimRun Vazuza организаторы обещают специальные условия проживания.</p>','GromVazuzaSwimRun','',1,5,34.748,55.8891,'18 км',38,2),(392,'2016-08-29 14:20:00',1,'2016-10-23',NULL,'10:00','Россия','Московская область','Бронницы','Титан марафон в Бронницах 2016','Bronnitsy-Marathon-Fall-2016',1500,'рубли',20,'https://titan-race.ru/starts/2016-10-23',235,'Новый осенний старт от организаторов февральского марафона вокруг озера Бельского и триатлонов в Бронницах и Зарайске','<p>Большое спортивное событие осени 2016 года — новый старт в календаре от Titan Race. Пройдёт в привычном для большинства спортсменов месте — вокруг озера Бельского в подсмосковных Бронницах.\r\n</p>\r\n<p>Как всегда ожидается несколько дистанций от 5 до 50 км, поэтому практически каждый сможет попробовать силы в этом по-настоящему массовом старте.\r\n</p>\r\n<h4>08:00 - Открытие регистрации</h4>\r\n<ul>\r\n<li>09:30 - Закрытие регистрации</li>\r\n<li>09:30 - Брифинг, разминка для участников забега</li>\r\n<li>10:00 - Старт на дистанции: 5 км, 10 км, 21.1 км, 42.2 км и 50 км + все эстафеты одновременный</li>\r\n</ul>','titanmarathon','',1,2,38.2628,55.4195,'',1380,2),(393,'2016-08-29 15:26:00',1,'2017-06-03',NULL,'10:00','Россия','Сочи','Олимпийский парк','Ironstar 113 в Сочи 2017','Ironstar-113-Sochi-2017',9000,'рубли',21,'http://iron-star.com/event/ironstar_113_sochi_2017/',236,'Сезон начинается традиционной гонкой в начале июня в Сочи. Считается одной из лучших гонок в России: прекрасные виды, отличная организация.','<p>Наконец-то! Дождались открытия нового триатлонного сезона в Сочи. Как всегда: прекрасная организация, летнее солнце, пока ещё холодное море и улыбки болельщиков. Первым большим соревнованием команды Ironstar является «половинка» «железной» дистанции в Сочи. Уверены, что настанет тот день, когда мы перестанем брать эти слова в кавычки. Этапы соревнования: 1,93 км плавание, 90 км велогонка, 21,1 км бег. Участвовать могут все желающие: как элита, так и любители.</p><p>«Полужелезная» дистанция в триатлоне, её ещё называют «половинкой», «полуайронменом» и Half-Ironman — вполне серьёзное испытание для любителей. Поэтому она не подходит для спортсменов, которые не имеют достаточного уровня подготовки. Чтобы её пройти, нужно как минимум полгода провести в бассейне, на велосипеде или станке и в парках и на гаревых дорожках.</p><p>Инфраструктура для старта просто прекрасная: стартовый городок, транзитная зона, старт и финиш всех этапов триатлона расположены в непосредственной близости от отелей «Имеретинский» и Radisson Blu Resort. Плавательный этап проходит в марине Имеретинской бухты. Волн практически нет, каменистое дно, поэтому вода чистая и прозрачна. По правилам проведения соревнований по триатлону гидрокостюмы разрешены при температуре ниже 24,6 градуса.</p><p>Велотрасса начинается рядом с водой и уходит в горы до Красной Поляны. Покрытие шикарное, спортсмены сопровождаются сотрудниками ДПС, виды завораживающие. Самое сложное — первая половина этапа в гору, затем будет проще — достаточно бодрый спуск. Беговой этап дистанции состоит из 4 кругов району и променаду вдоль набережной Черного моря. Старт в Сочи считается одним из лучших в России. Это настоящий праздник для спортсменов и их семей.</p>','ironstartriathlon','',1,1,39.9362,43.4115,'',444,2),(394,'2016-08-30 08:43:00',1,'2017-06-03',NULL,'08:30','Россия','Сочи','Олимпийский парк','Ironstar спринт-триатлон в Сочи 2017','Ironstar-Sprint-Triathlon-Sochi-2017',7000,'рубли',21,'http://iron-star.com/event/ironstar_sprint_triathlon_sochi_2017/',237,'Второе по значимости триатлонное событие викенда в Сочи — супербыстрый спринт. Отличный шанс показать своё лучшее время.','<p>Соревнования на дистанции спринт-триатлон для любителей и элиты. Этапы стандартные для этого вида: 0,75 км плавание, 20 км велогонка и 5 км бег. Это самая доступная для начинающих триатлетов-любителей дистанция. По сути даже неподготовленный человек может её завершить без вреда для здоровья, но мы не рекомендуем так делать. Лучше подготовиться, и чтобы ваша подготовка заняла не менее 6 месяцев. Вот с 1 января и можно начать, если вы ещё не решились. Для опытных спортсменов спринт — это дистанция, которую можно пройти на одном дыхании и почувствовать скорость, которая не ощущается в более длинных дистанциях.\r\n</p>\r\n<p>Трасса очень плоская и скоростная. Все этапы проходят в курортном районе «Имеретинский». Плавание — в акватории яхтенной марины, велоэтап пройдёт вдоль Олимпийского парка, а бег — по кварталу и прекрасной набережной (особенно хороша она во время вечернего променада или утренней зарядки). Покрытие очень ровное и без изъянов, поэтому есть все шансы показать лучшее время и начать сезон в уже тёплом Сочи.\r\n</p>\r\n<p class=\"small text-muted\">Фотография: <a href=\"http://www.fun-run.ru\" class=\"underline\" target=\"_blank\">Мария Шальнёва</a>.</p>','IronstarTriathlon','',1,1,39.9363,43.4114,'',335,2),(395,'2016-08-30 08:55:00',1,'2017-02-05',NULL,'10:00','Россия','Бронницы','Озеро Бельское','Titan марафон 5 февраля 2017','Titan-Marathon-2017',1000,'рубли',20,'https://titan-race.ru/starts/05-02-2017',238,'Первый массовый беговой старт наступающего сезона. Отличная организация и очень много людей.','<p>Каждый год начинается с этого прекрасного старта — марафона в Бронницах вокруг озера Бельского. Хотя, на самом деле, выбор дистанций гораздо больше, чем в официальном названии. Можно пробежать и «разминочные» 5 км, быстрые зимние 10 км, бодрый полумарафон, для опытных и уже искушенных спортсменов 42 км, а также невероятные для московского февраля 50 км.\r\n</p><p>На аналогичном марафоне 2016 года Алексей Ческидов, вдохновитель и главный организатор всех стартов Titan, обещал, что в 2017 году спортсмены побегут по городу, потому что вокруг озера места уже не хватало. Спортивный зал школы уже не мог вместить всех желающих прогуляться по экспо, получить номера и сдать вещи в багаж. Поэтому уверены, что в 2017 году работа над ошибками будет сделана, и мы увидим новый уровень развития этого прекрасного старта.\r\n</p><p>Из прошлых лет можно отметить отличную организацию, большое количество участников, отличное покрытие (во дворах у подъездов так не чистят снег, как чистят его вокруг Бельского озера перед стартом). И, конечно, самые вежливые сотрудники ГИБДД как минимум Подмосковья, которые помогают не заблудиться и доехать до стоянки. Это один из обязательных для посещения стартов в России.\r\n</p><p class=\"small text-muted\">Фотография: <a href=\"http://www.fun-run.ru\" class=\"underline\" target=\"_blank\">Мария Шальнёва</a>.</p>','','',1,2,38.2731,55.4291,'',711,2),(396,'2016-08-30 09:15:00',1,'2017-03-26',NULL,'10:00','Россия','Бронницы','Озеро Бельское','Titan марафон 26 марта 2017','Titan-Marathon-26-March-2017',1000,'рубли',20,'https://titan-race.ru/starts/26-03-2017',239,'Новый мартовский старт команды Titan. Для тех, кто не успеет зарегистрироваться на февраль и тех, кому мало соревнований весной.','<p>Новый старт в копилке Титана. Самый популярный «зимний» забег проходит в феврале: <a href=\"http://www.trirussia.ru/race/Titan-Marathon-2017\" class=\"underline\">Titan марафон 2017</a>. В марте таких стартов ещё не было, тем разумнее было его придумать, потому что до Первого забега ещё несколько недель, а бегать хочется.\r\n</p>\r\n<p>Забег пройдёт в подмосковных Бронницах вокруг озера Бельского. Хотя, на самом деле, выбор дистанций гораздо больше, чем указано в официальном названии. Можно пробежать и «разминочные» 5 км, быстрые 10 км, бодрый полумарафон, а для опытных и уже искушенных спортсменов есть дистанции на 42 км и 50 км.\r\n</p>\r\n<p>Соревнования в Бронницах традиционно собирают сотни любителей бега и не меньшее количество болельщиков. Отличная организация, вкуснейшая каша на финише, шашлыки для болельщиков на открытом воздухе — отличный повод активно провести выходные.\r\n</p>\r\n<p class=\"small text-muted\">Фотография: <a href=\"http://www.fun-run.ru\" class=\"underline\" target=\"_blank\">Мария Шальнёва</a>.\r\n</p>','','',1,2,38.2757,55.4271,'',563,2),(397,'2016-08-30 09:33:00',1,'2017-06-03',NULL,'12:00','Россия','Бронницы','Озеро Бельское','Titan олимпийский триатлон','Titan-Olympic-Triathlon-Bronnitsy-2016',6000,'рубли',20,'https://titan-race.ru/starts/04-06-2017',240,'Знаменитая «олимпийка» в Бронницах прйдёт в том же месте в то же время — в начале июня в Бронницах','<p>Знаковая ежегодная традиционная триатлонная гонка, которая собирает сотни спортсменов со всей России в летних солнечных Бронницах. Одна из самых массовых триатлонных гонок на олипийскую дистанцию в России. В рамках соревновательного дня также пройдут:</p>\r\n<ul>\r\n	<li>эстафета 1,5 км - 40 км - 10 км</li>\r\n	<li>суперспринт 0,3 км - 8 км - 2 км</li>\r\n	<li>плавание 3 км</li>\r\n	<li>детская дистанция 0,2 км 4 км 1 км</li>\r\n</ul>\r\n<p>Плавательный этап традиционно пройдёт в Бельском озере. Велоэтап по дорогам Бронниц и беговой — в районе зоны старта и озера.</p>\r\n<p class=\"small text-muted\">Фотография: <a href=\"http://www.fun-run.ru\" class=\"underline\" target=\"_blank\">Мария Шальнёва</a>.</p>','','',1,1,38.2734,55.4288,'',562,2),(398,'2016-09-02 11:53:00',1,'2016-10-02',NULL,'11:00','Россия','Москва','ВДНХ','Благотворительный забег 5275','Charity-Run-5275-2016',1300,'рубли',13,'http://5275.ru/marafon',246,'Уже пятый по счету благотворительный забег 5275 с дистанциями для взрослых и детей. В этот раз на территории ВДНХ','<p>В России пока не очень часто проводятся благотворительные забеги, но с каждым годом ситуация становится лучше. Ведь помимо праздника, удовольствия от бега, медали и футболки финишера у каждого из нас есть возможность помочь тем, кто в этом нуждается. Тем ценнее каждый благотворительный забег!</p>\r\n\r\n<p>Фонд спасения тяжелобольных детей «Линия жизни» и фонд «Дорога вместе» решили организовать большой благотворительный забег, чтобы каждый из участников мог помочь тем, кому это действительно нужно. Забег 5275 пройдёт уже в пятый раз, старт состоится на территории ВДНХ. Присоединяйтесь и помогайте!</p>\r\n','','',1,2,37.6415,55.8211,'',1276,0),(399,'2016-09-02 13:28:00',1,'2017-06-04',NULL,'13:15','Россия','Бронницы','Озеро Бельское','Titan плавание 3 км','Titan-Swim-3k-2016',2000,'рубли',20,'https://titan-race.ru/starts/2017-06-04',247,'Трёхкилометровый заплыв для тех, кто не участвует в триатлоне (олимпийка и спринт) в этот же день.','<p>Заплыв-спутник, который пройдёт в одно время с триатлоном на <a href=\"http://www.trirussia.ru/race/Titan-Olympic-Triathlon-Bronnitsy-2016\" class=\"underline\" target=\"_blank\">олимпийской дистанции</a> и в суперспринте. Комфортный заплыв на 3 км в акватории Бельского озера. В начале июня в озере довольно прохладно, поэтому, скорее всего, будут разрешены гидрокостюмы. Если боитесь участвовать в триатлоне или хотите проплыть 3 км — у вас есть отличный шанс!\r\n</p>\r\n<p class=\"small text-muted\">Фотография: <a href=\"http://www.fun-run.ru\" class=\"underline\" target=\"_blank\">Мария Шальнёва</a>.','titantriathlon','',1,3,38.2628,55.4195,'',178,2),(400,'2016-09-03 14:50:00',1,'2017-08-06',NULL,'06:00','Россия','Зарайск','Зарайск','Titan триатлон фестиваль','Titan-Triathlon-Festival-2017',5000,'рубли',20,'https://titan-race.ru/starts/2017-08-06',250,'Суперпраздник для любителей триатлона. Всевозможные дистанции в один день в живописном Зарайске','<p>Уникальное мероприятие в истории России, которое начинается аж в пятницу, в то время как главное мероприятие пройдёт только в воскресенье 6 августа 2017 года. В один день пройдут старты на всевозможных дистанциях: суперспринт, спринт, олимпийская дистанция, половинка и полная железная дистанция. Помимо этого будет дан старт эстафетам и детским соревнованиям.\r\n</p>\r\n<p>Старт пройдёт в Зарайске, поэтому лучше приехать заранее и остановиться на живописной территории базы «Осётр». Будет и паста-пати, и открытая за сутки до старта транзитка, чтобы можно было спокойно подготовиться к старту. Возможно, это будет самое массовое мероприятие по триатлону в России. Конкуренцию ему может составить только олимпийка Titan в Бронницах или один из стартов Ironstar в Казани или Сочи.\r\n</p>\r\n<h3>Titan триатлон</h3>\r\n<p>Titan — компания-организатор одних из лучших спортивных стартов по бегу, триатлону и плаванию в России. Первый старт был дан в феврале 2014 года, это был забег вокруг Бельского озера в городе Бронницы. Titan имеет сплоченную команду под руководством Алексея Ческидова, которая умеет организовывать соревнования по триатлону, бегу и плаванию на самом высоком уровне. Также компанию отличает любовь к живописным местам средней полосы в России, об этом говорят излюбленные площадки в подмосковном городе Бронницы и в небольшом Зарайске. Компания активно развивается, постоянно добавляя в свой портфель всё новые старты.\r\n</p>\r\n<p class=\"small text-muted\">Фотография: <a href=\"http://www.fun-run.ru\" class=\"underline\" target=\"_blank\">Мария Шальнёва</a>.','','',1,1,38.8818,54.7585,'',388,2),(401,'2016-09-06 17:48:00',1,'2016-09-10',NULL,'14:20','Россия','Москва','Цветной бульвар','Добрый забег','dobry-zabeg-2016',500,'рубли',77,'http://www.xn--80abbibjlp7bv5j.xn--p1ai/',252,'Большой благотворительный забег в самом центре Москвы в День города. До встрече на Цветном бульваре!','<p>10 сентября 2016 года на Цветном бульваре состоится большой благотворительный «Добрый забег». Очень важно, что вы сможете бежать бок о бок с ребятами и девчонками из детских домов. Это очень здорово, что в Москве проводится всё больше благотворительных забегов. Так держать!</p>','','',1,2,37.6211,55.7706,'7,5 км',446,0),(402,'2016-09-06 22:19:00',1,'2016-09-25',NULL,'09:10','Россия','Москва','Лужники','Промсвязьбанк Московский марафон','moscow-marathon-2016',2000,'рубли',23,'http://newrunners.ru/race/moskovskij-marafon-2016/',253,'Главное беговое событие года. Десятки тысяч участников пробегут по центральным улицам Москвы','<p>25 сентября 2016 года состоится главное беговое событие года — Промсвязьбанк Московский Марафон 2016. Это самый массовый не только марафон, но и вообще забег в России. В 2015 году его пробежали более 5500 человек из 86 стран мира. Ещё около 8000 бегунов приняли участие в забеге-спутнике на 10 км.</p><p>25 сентября любители и профессионалы, новички и опытные марафонцы, спортсмены из России и других стран снова пробегут 42,2 км по центральным улицам и набережным Москвы. Бегуны, которые ещё не готовы к полному марафону, смогут принять участие в забеге-спутнике на 10 км. Кроме того, в рамках Промсвязьбанк Московского Марафона состоится заезд хендбайкеров — спортсменов с инвалидностью, соревнующихся на специальных велосипедах с ручным приводом.</p>','','',1,2,37.5642,55.7155,'',1161,2),(403,'2016-09-07 21:05:00',1,'2016-09-17',NULL,'14:00','Россия','Москва','Крылатское','Serpantin Ladies Cup','serpantin-ladies-cup-2016',0,'рубли',77,'https://insport.timepad.ru/event/371475/',254,'Отличное веломероприятие в Крылатском — кубок среди женщин в любительской категории.','<p>Serpantin Cycling Service Shop Cafe приглашает вас на самую яркую велогонку сезона — Serpantin Ladies Cup! 17 сентября 2016 года на малом кольце Олимпийской велодороги пройдёт по-настоящему интересное, зрелищное и красивое мероприятие, в котором на одной трассе встретятся лучшие велогонщицы среди любителей в России. Это будет яркое событие с музыкой, шампанским и, как заверяют организаторы, беспрецедентно большим количеством призов!</p><p>Номинаций будет несколько, а вручать призы будут настоящие чемпионы, чьи имена держатся в секрете. Дистанция заезда - 21,5 км (5 кругов по часовой стрелке). Участие бесплатное. Мы, конечно, призываем мужчин прийти и поддержать прекрасных участниц соревнования! До встречи в Крылатском.</p>','','179765332447378',1,7,37.4273,55.7682,'21,5 км',181,2);
/*!40000 ALTER TABLE `race` ENABLE KEYS */;
UNLOCK TABLES;

--
-- Table structure for table `race_distance_category_ref`
--

DROP TABLE IF EXISTS `race_distance_category_ref`;
/*!40101 SET @saved_cs_client     = @@character_set_client */;
/*!40101 SET character_set_client = utf8 */;
CREATE TABLE `race_distance_category_ref` (
  `id` int(11) NOT NULL AUTO_INCREMENT,
  `race_id` int(11) DEFAULT NULL,
  `distance_category_id` int(11) DEFAULT NULL,
  PRIMARY KEY (`id`),
  KEY `race_distance_category_ref_to_race_fk` (`race_id`),
  KEY `race_distance_category_ref_to_distance_category_fk` (`distance_category_id`),
  CONSTRAINT `race_distance_category_ref_to_distance_category_fk` FOREIGN KEY (`distance_category_id`) REFERENCES `distance_category` (`id`),
  CONSTRAINT `race_distance_category_ref_to_race_fk` FOREIGN KEY (`race_id`) REFERENCES `race` (`id`)
) ENGINE=InnoDB AUTO_INCREMENT=361 DEFAULT CHARSET=utf8 COLLATE=utf8_unicode_ci;
/*!40101 SET character_set_client = @saved_cs_client */;

--
-- Dumping data for table `race_distance_category_ref`
--

LOCK TABLES `race_distance_category_ref` WRITE;
/*!40000 ALTER TABLE `race_distance_category_ref` DISABLE KEYS */;
INSERT INTO `race_distance_category_ref` VALUES (212,328,12),(213,328,13),(214,328,14),(218,284,17),(219,284,18),(220,284,19),(222,255,9),(223,329,12),(224,329,13),(225,329,14),(226,329,15),(227,256,6),(228,236,2),(229,263,8),(232,315,13),(237,314,12),(242,317,11),(243,317,13),(244,317,14),(245,317,15),(251,331,12),(252,331,13),(253,331,14),(254,269,9),(255,333,8),(256,334,9),(263,308,11),(264,308,12),(265,309,12),(266,309,13),(267,309,14),(274,260,6),(275,260,9),(276,259,8),(277,264,6),(278,267,2),(279,265,2),(280,272,2),(281,273,8),(282,337,6),(283,336,17),(284,336,19),(285,270,6),(286,302,14),(287,301,13),(292,390,20),(293,391,21),(294,391,22),(295,392,12),(296,392,13),(297,392,14),(298,392,15),(299,392,16),(300,266,8),(310,335,2),(321,394,9),(322,393,6),(323,397,8),(324,397,10),(325,330,11),(326,330,13),(327,330,14),(328,395,12),(329,395,13),(330,395,14),(331,395,15),(332,395,16),(333,398,12),(334,398,13),(335,319,12),(336,319,13),(337,319,14),(339,399,17),(340,396,12),(341,396,13),(342,396,14),(343,396,15),(344,396,16),(350,400,2),(351,400,6),(352,400,8),(353,400,9),(354,400,10),(355,401,12),(356,401,13),(359,402,13),(360,402,15);
/*!40000 ALTER TABLE `race_distance_category_ref` ENABLE KEYS */;
UNLOCK TABLES;

--
-- Table structure for table `race_distance_ref`
--

DROP TABLE IF EXISTS `race_distance_ref`;
/*!40101 SET @saved_cs_client     = @@character_set_client */;
/*!40101 SET character_set_client = utf8 */;
CREATE TABLE `race_distance_ref` (
  `id` int(11) NOT NULL AUTO_INCREMENT,
  `race_id` int(11) DEFAULT NULL,
  `distance_id` int(11) DEFAULT NULL,
  PRIMARY KEY (`id`),
  KEY `race_distance_ref_to_distance_fk` (`distance_id`),
  KEY `race_distance_ref_to_race_fk` (`race_id`),
  CONSTRAINT `race_distance_ref_to_distance_fk` FOREIGN KEY (`distance_id`) REFERENCES `distance` (`id`),
  CONSTRAINT `race_distance_ref_to_race_fk` FOREIGN KEY (`race_id`) REFERENCES `race` (`id`)
) ENGINE=InnoDB AUTO_INCREMENT=129 DEFAULT CHARSET=utf8 COLLATE=utf8_unicode_ci;
/*!40101 SET character_set_client = @saved_cs_client */;

--
-- Dumping data for table `race_distance_ref`
--

LOCK TABLES `race_distance_ref` WRITE;
/*!40000 ALTER TABLE `race_distance_ref` DISABLE KEYS */;
INSERT INTO `race_distance_ref` VALUES (1,328,1),(2,328,7),(3,328,8),(4,284,16),(5,284,17),(6,284,18),(7,255,12),(8,255,12),(9,329,1),(10,329,7),(11,329,8),(12,329,9),(13,256,14),(14,236,15),(15,263,13),(16,308,2),(17,315,7),(18,269,12),(19,270,14),(20,264,14),(21,314,1),(22,259,13),(23,309,8),(24,317,2),(25,317,7),(26,317,8),(27,317,9),(28,265,15),(29,273,13),(30,272,15),(31,260,14),(32,260,12),(33,331,1),(34,331,7),(35,331,8),(36,269,12),(37,333,13),(38,334,12),(39,335,15),(40,335,15),(41,336,18),(42,336,16),(43,336,18),(44,336,16),(45,308,2),(46,309,8),(47,337,14),(48,337,14),(49,337,14),(52,267,15),(53,260,14),(54,260,12),(55,259,13),(56,264,14),(57,267,15),(58,265,15),(59,272,15),(60,273,13),(61,337,14),(62,336,18),(63,336,16),(64,270,14),(65,302,8),(66,301,7),(67,392,1),(68,392,7),(69,392,8),(70,392,9),(71,392,10),(72,266,13),(73,393,14),(74,393,14),(75,394,12),(76,395,1),(77,395,7),(78,395,8),(79,395,9),(80,395,10),(81,394,12),(82,335,15),(83,396,1),(84,396,7),(85,396,8),(86,396,9),(87,396,10),(88,395,1),(89,395,7),(90,395,8),(91,395,9),(92,395,10),(93,394,12),(94,393,14),(95,397,13),(96,397,11),(97,330,2),(98,330,7),(99,330,8),(100,395,1),(101,395,7),(102,395,8),(103,395,9),(104,395,10),(105,398,1),(106,398,7),(107,319,8),(108,399,18),(109,399,18),(110,396,1),(111,396,7),(112,396,8),(113,396,9),(114,396,10),(115,400,11),(116,400,12),(117,400,13),(118,400,14),(119,400,15),(120,400,11),(121,400,12),(122,400,13),(123,400,14),(124,400,15),(125,402,7),(126,402,9),(127,402,7),(128,402,9);
/*!40000 ALTER TABLE `race_distance_ref` ENABLE KEYS */;
UNLOCK TABLES;

--
-- Table structure for table `race_lang`
--

DROP TABLE IF EXISTS `race_lang`;
/*!40101 SET @saved_cs_client     = @@character_set_client */;
/*!40101 SET character_set_client = utf8 */;
CREATE TABLE `race_lang` (
  `id` int(11) NOT NULL AUTO_INCREMENT,
  `race_id` int(11) NOT NULL,
  `language` varchar(6) COLLATE utf8_unicode_ci NOT NULL,
  `label` varchar(255) COLLATE utf8_unicode_ci DEFAULT NULL,
  `content` text COLLATE utf8_unicode_ci,
  `promo` text COLLATE utf8_unicode_ci,
  `country` varchar(255) COLLATE utf8_unicode_ci DEFAULT NULL,
  `region` varchar(255) COLLATE utf8_unicode_ci DEFAULT NULL,
  `place` varchar(255) COLLATE utf8_unicode_ci DEFAULT NULL,
  `currency` varchar(255) COLLATE utf8_unicode_ci DEFAULT NULL,
  PRIMARY KEY (`id`),
  KEY `race_lang_ibfk_1` (`race_id`),
  CONSTRAINT `race_lang_ibfk_1` FOREIGN KEY (`race_id`) REFERENCES `race` (`id`) ON DELETE CASCADE ON UPDATE CASCADE
) ENGINE=InnoDB AUTO_INCREMENT=354 DEFAULT CHARSET=utf8 COLLATE=utf8_unicode_ci;
/*!40101 SET character_set_client = @saved_cs_client */;

--
-- Dumping data for table `race_lang`
--

LOCK TABLES `race_lang` WRITE;
/*!40000 ALTER TABLE `race_lang` DISABLE KEYS */;
INSERT INTO `race_lang` VALUES (41,23,'ru','We Run Moscow',NULL,NULL,'Россия','Москва',NULL,NULL),(42,22,'ru','Ironman 70.3 Mont-Tremblant',NULL,NULL,'Канада','Мон-Трамблан',NULL,NULL),(43,24,'ru','Ironman Wales',NULL,NULL,'Великобритания','Уэльс',NULL,NULL),(44,25,'ru','Ironman 70.3 Rugen',NULL,NULL,'Германия','Рюген',NULL,NULL),(45,26,'ru','Ironman 70.3 Lanzarote',NULL,NULL,'Испания','Ланцароте',NULL,NULL),(46,27,'ru','Московский Марафон',NULL,NULL,'Россия','Москва',NULL,NULL),(47,28,'ru','Ironman Lake Tahoe',NULL,NULL,'США','Калифорния',NULL,NULL),(48,29,'ru','Кубок мира ITU',NULL,NULL,'Турция','Алания',NULL,NULL),(49,30,'ru','Ironman Malaysia',NULL,NULL,'Малайзия','Лангкави',NULL,NULL),(50,54,'ru','Ironman Chattanooga',NULL,NULL,'США','Чаттануга',NULL,NULL),(51,53,'ru','Берлинский марафон',NULL,NULL,'Германия','Берлин',NULL,NULL),(52,104,'ru','Осенний гром',NULL,NULL,'Россия',' Москва',NULL,NULL),(53,105,'ru','Ярославский полумарафон',NULL,NULL,'Россия','Ярославль',NULL,NULL),(54,120,'ru','Титан триатлон',NULL,NULL,'Россия','Сочи',NULL,NULL),(55,106,'ru','Пекинский марафон',NULL,NULL,'Китай','Пекин',NULL,NULL),(56,110,'ru','Ironman Hawaii',NULL,NULL,'США','Гавайи',NULL,NULL),(57,111,'ru','Ironman Barcelona',NULL,NULL,'Испания','Барселона',NULL,NULL),(58,112,'ru','Grom 10k',NULL,NULL,'Россия','Москва',NULL,NULL),(59,113,'ru','Ironman 70.3 Pays d\'Aix',NULL,NULL,'Франция','Прованс',NULL,NULL),(60,114,'ru','Ironman 70.3 Mallorca',NULL,NULL,'Испания','Майорка',NULL,NULL),(61,115,'ru','Ironman 70.3 St. Pölten',NULL,NULL,'Австрия','Сент-Пёльтен',NULL,NULL),(62,116,'ru','Ironman 70.3 Barcelona',NULL,NULL,'Испания','Барселона',NULL,NULL),(63,117,'ru','Благотворительный забег 5275',NULL,NULL,'Россия','Москва',NULL,NULL),(64,121,'ru','Полумарафон на озере Гарда',NULL,NULL,'Италия','Гарда',NULL,NULL),(65,122,'ru','Стамбульский марафон',NULL,NULL,'Турция','Стамбул',NULL,NULL),(66,123,'ru','Challenge Laguna Phuket',NULL,NULL,'Таиланд','Пхукет',NULL,NULL),(67,124,'ru','Марафон в Пизе',NULL,NULL,'Италия','Пиза',NULL,NULL),(68,125,'ru','Challenge Bahrain',NULL,NULL,'Бахрейн','Бахрейн',NULL,NULL),(69,126,'ru','Ironman Western Australia',NULL,NULL,'Австралия','Басселтон',NULL,NULL),(70,127,'ru','Сяменьский марафон',NULL,NULL,'Китай','Сямень',NULL,NULL),(71,128,'ru','Ironman 70.3 Pucon',NULL,NULL,'Чили','Пукон',NULL,NULL),(72,129,'ru','Сочинский полумарафон',NULL,NULL,'Россия','Сочи',NULL,NULL),(73,131,'ru','World Triathlon London',NULL,NULL,'Великобритания','Лондон',NULL,NULL),(74,132,'ru','World Triathlon Abu Dhabi',NULL,NULL,'ОАЭ','Абу-Даби',NULL,NULL),(75,133,'ru','World Triathlon Hamburg',NULL,NULL,'Германия','Гамбург',NULL,NULL),(76,136,'ru','Бронницкий триатлон',NULL,NULL,'Россия','Бронницы',NULL,NULL),(77,135,'ru','Бронницкий марафон',NULL,NULL,'Россия','Бронницы',NULL,NULL),(78,171,'ru','Ironstar Indoor Triathlon',NULL,NULL,'Россия','Москва',NULL,NULL),(79,137,'ru','Первый забег',NULL,NULL,'Россия','Москва',NULL,NULL),(80,138,'ru','Бронницкий кросс-кантри триатлон',NULL,NULL,'Россия','Бронницы',NULL,NULL),(81,139,'ru','Московский полумарафон',NULL,NULL,'Россия','Москва',NULL,NULL),(82,140,'ru','Красочный забег',NULL,NULL,'Россия','Москва',NULL,NULL),(83,141,'ru','Ночной забег',NULL,NULL,'Россия','Москва',NULL,NULL),(84,142,'ru','Музыкальный полумарафон',NULL,NULL,'Россия','Москва',NULL,NULL),(85,143,'ru','Московский марафон',NULL,NULL,'Россия','Москва',NULL,NULL),(86,144,'ru','Весенний гром',NULL,NULL,'Россия','Москва',NULL,NULL),(87,145,'ru','VestaBank Триатлон в Крылатском',NULL,NULL,'Россия','Москва',NULL,NULL),(88,146,'ru','Бронницкий полуайронмен',NULL,NULL,'Россия','Бронницы',NULL,NULL),(89,151,'ru','Ironstar Indoor Triathlon',NULL,NULL,'Россия','Москва',NULL,NULL),(90,152,'ru','Ironstar Indoor Triathlon',NULL,NULL,'Россия','Москва',NULL,NULL),(91,153,'ru','Ironman 70.3 Pula',NULL,NULL,'Хорватия','Пула',NULL,NULL),(92,154,'ru','Ironman 70.3 Turkey',NULL,NULL,'Турция','Белек',NULL,NULL),(93,156,'ru','Ironman 70.3 Budapest',NULL,NULL,'Венгрия','Будапешт',NULL,NULL),(94,157,'ru','Ironman Barcelona',NULL,NULL,'Испания','Барселона',NULL,NULL),(95,158,'ru','Ironman Copenhagen',NULL,NULL,'Дания','Копенгаген',NULL,NULL),(96,159,'ru','Ironman Kalmar',NULL,NULL,'Швеция','Кальмар',NULL,NULL),(97,160,'ru','Ironman Frankfurt',NULL,NULL,'Германия','Франкфурт',NULL,NULL),(98,161,'ru','Ironman France',NULL,NULL,'Франция','Ницца',NULL,NULL),(99,162,'ru','Ironman Austria',NULL,NULL,'Австрия','Клагенфурт',NULL,NULL),(100,163,'ru','Полумарафон в Барселоне',NULL,NULL,'Испания','Барселона',NULL,NULL),(101,164,'ru','Римский полумарафон',NULL,NULL,'Италия','Рим',NULL,NULL),(102,165,'ru','Венский марафон',NULL,NULL,'Австрия','Вена',NULL,NULL),(103,166,'ru','Нью-йоркский полумарафон NYC Half',NULL,NULL,'США','Нью-Йорк',NULL,NULL),(104,167,'ru','Нью-Йоркский марафон',NULL,NULL,'США','Нью-Йорк',NULL,NULL),(105,168,'ru','Берлинский полумарафон',NULL,NULL,'Германия','Берлин',NULL,NULL),(106,169,'ru','Ironstar 113 в Сочи',NULL,NULL,'Россия','Сочи',NULL,NULL),(108,170,'ru','Ironstar триатлон в Сочи',NULL,NULL,'Россия','Сочи',NULL,NULL),(109,172,'ru','Ironstar Indoor Triathlon',NULL,NULL,'Россия','Москва',NULL,NULL),(110,173,'ru','Кубок чемпионов по плаванию в Москве','<p>--</p>','','Россия','Москва','','рубли'),(112,174,'ru','Кубок чемпионов по плаванию в Сочи',NULL,NULL,'Россия','Сочи',NULL,NULL),(113,175,'ru','Кубок чемпионов по плаванию в Липецке',NULL,NULL,'Россия','Липецк',NULL,NULL),(114,176,'ru','Кубок чемпионов по плаванию в Воронеже',NULL,NULL,'Россия','Воронеж',NULL,NULL),(115,177,'ru','Кубок чемпионов по плаванию в Иркутске',NULL,NULL,'Россия','Листвянка',NULL,NULL),(116,178,'ru','Марафон «Белые ночи»',NULL,NULL,'Россия','Санкт-Петербург',NULL,NULL),(117,179,'ru','Марафон «Вдохновение»',NULL,NULL,'Россия','Москва',NULL,NULL),(118,181,'ru','Бегущие сердца 2015',NULL,NULL,'Россия','Москва',NULL,NULL),(119,182,'ru','Красочный бууум',NULL,NULL,'Россия','Нижний Новгород',NULL,NULL),(120,183,'ru','Wings for Life',NULL,NULL,'Россия','Коломна',NULL,NULL),(121,184,'ru','Чемпионат Европы по триатлону',NULL,NULL,'Швейцария','Женева',NULL,NULL),(122,185,'ru','Чемпионат мира по триатлону',NULL,NULL,'Швейцария','Женева',NULL,NULL),(123,187,'ru','Триатлон в Минске',NULL,NULL,'Беларусь','Минск',NULL,NULL),(124,207,'ru','Рыбинский полумарафон',NULL,NULL,'Россия','Рыбинск',NULL,NULL),(125,189,'ru','Riga Triathlon',NULL,NULL,'Латвия','Рига',NULL,NULL),(126,190,'ru','Беги, герой!',NULL,NULL,'Россия','Нижний Новгород',NULL,NULL),(127,206,'ru','Триатлон в Минске',NULL,NULL,'Беларусь','Минск',NULL,NULL),(128,193,'ru','Красочный Бууум',NULL,NULL,'Россия','Москва',NULL,NULL),(129,194,'ru','Петербургский полумарафон',NULL,NULL,'Россия','Санкт-Петербург',NULL,NULL),(130,195,'ru','Ветреный субботник Reebok',NULL,NULL,'Россия','Москва',NULL,NULL),(131,197,'ru','Зеленоградский полумарафон',NULL,NULL,'Россия','Москва',NULL,NULL),(132,198,'ru','Казанский марафон',NULL,NULL,'Россия','Казань',NULL,NULL),(133,199,'ru','Угличский полумарафон',NULL,NULL,'Россия','Углич',NULL,NULL),(134,200,'ru','Переславский полумарафон',NULL,NULL,'Россия','Переславль-Залесский',NULL,NULL),(135,201,'ru','Московский триатлон',NULL,NULL,'Россия','Москва',NULL,NULL),(136,208,'ru','Благотворительный пробег New Balance',NULL,NULL,'Россия','Москва',NULL,NULL),(137,209,'ru','Зеленый марафон Сбербанка',NULL,NULL,'Россия','Москва',NULL,NULL),(138,210,'ru','Осенний гром',NULL,NULL,'Россия','Москва',NULL,NULL),(139,211,'ru','Grom 10k в Крылатском',NULL,NULL,'Россия','Москва',NULL,NULL),(140,212,'ru','Осенний гром. Kids&Girls',NULL,NULL,'Россия','Москва',NULL,NULL),(141,213,'ru','RealRun первый забег',NULL,NULL,'Россия','Москва',NULL,NULL),(142,214,'ru','Сочинский полумарафон',NULL,NULL,'Россия','Сочи',NULL,NULL),(143,215,'ru','Тяжелый грунт',NULL,NULL,'Россия','Посёлок Автополигон',NULL,NULL),(144,216,'ru','Pioneer Camp Trail',NULL,NULL,'Россия','Село Комягино',NULL,NULL),(145,217,'ru','Nike Women\'s 10k',NULL,NULL,'Россия','Москва',NULL,NULL),(146,218,'ru','Мышкинский полумарафон',NULL,NULL,'Россия','Мышкин',NULL,NULL),(147,219,'ru','Ярославский полумарафон',NULL,NULL,'Россия','Ярославль',NULL,NULL),(148,220,'ru','Полумарафон «Ростов Великий»',NULL,NULL,'Россия','Ростов Великий',NULL,NULL),(149,221,'ru','Московский трейл 2015',NULL,NULL,'Россия','Яхрома',NULL,NULL),(150,222,'ru','Triathlon Estonia',NULL,NULL,'Эстония','Саку',NULL,NULL),(151,223,'ru','Kalev TriSmile Triathlon',NULL,NULL,'Эстония','Отепя',NULL,NULL),(152,224,'ru','TriSmile 111',NULL,NULL,'Эстония','Отепя',NULL,NULL),(153,227,'ru','Ереванский полумарафон',NULL,NULL,'Армения','Ереван',NULL,NULL),(154,228,'ru','Парижский триатлон',NULL,NULL,'Франция','Париж',NULL,NULL),(155,229,'ru','Триатлон в Ницце',NULL,NULL,'Франция','Ницца',NULL,NULL),(156,230,'ru','Challenge Roth',NULL,NULL,'Германия','Рот',NULL,NULL),(157,231,'ru','Иверская миля',NULL,NULL,'Россия','Валдай',NULL,NULL),(158,232,'ru','Бережковский триатлон',NULL,NULL,'Россия','Бережки',NULL,NULL),(159,233,'ru','We Run Moscow 10k',NULL,NULL,'Россия','Москва',NULL,NULL),(160,260,'ru','Ironstar триатлон в Казани','<p>Сразу две дистанции в прекрасной Казани: спринт и половинка (Half-Ironman). Мимо Кремля, по набережной, разглядывая не только лица и спины соперников, но и отличные достопримечательности города.</p><p>Соревнование начнется на живописной набережной. Плавательный заплыв пройдёт в реке Казанке с чистой водой и без волн. Велоэтап пронесёт спортсменам по основным улицам и магистралям старейшего города России. Беговой этап — вообще одно удовольствие: в окружении зрителей по набережной, с которой, надеемся, будет дуть прохладный ветерок. Кстати, на набережной практически нет набора высоты и отличное покрытие — чем не стимул поставить личный рекорд.<br></p>','Команда Ironstar в очередной раз радует спортсменов новыми гонками в центре красивейшей Казани.','Россия','Казань','Казань','рубли'),(161,234,'ru','Adidas Run High',NULL,NULL,'Россия','Москва',NULL,NULL),(162,235,'ru','Всероссийский олимпийски день',NULL,NULL,'Россия','Москва',NULL,NULL),(163,236,'ru','Challenge Venice','<p>Первый в истории длинный триатлон в Венеции. Прекрасная Италия, каналы,  будет нечто эпическое!</p><p>Пререгистрация уже открыта, пока 375 евро. Регистрация закрывается 31 декабря 2016 года, если до этого момента не будут выкуплены все слоты. Цены на участие будут только расти, что ожидаемо.</p><p>На наш взгляд, это будет невероятное событие!</p>','Первый в истории длинный триатлон в Венеции. Прекрасная Италия, каналы,  будет нечто эпическое!','Италия','Венеция','Венеция','евро'),(164,237,'ru','Прекрасная половинка',NULL,NULL,'Россия','Москва',NULL,NULL),(165,238,'ru','Полумарафон 21andMe',NULL,NULL,'Россия','Москва',NULL,NULL),(166,239,'ru','Golden Ring 100',NULL,NULL,'Россия','Суздаль',NULL,NULL),(167,240,'ru','Зажги Москву',NULL,NULL,'Россия','Москва',NULL,NULL),(168,241,'ru','Персональный ультрамарафон Владимира Волошина',NULL,NULL,'Россия','Москва',NULL,NULL),(169,242,'ru','Parkrun в Парке Горького',NULL,NULL,'Россия','Москва',NULL,NULL),(170,243,'ru','Полумарафон на озере Гарда',NULL,NULL,'Италия','Riva del Garda',NULL,NULL),(171,244,'ru','Elbrus Mountain Race',NULL,NULL,'Россия','Поляна Азау',NULL,NULL),(172,245,'ru','Elbrus Mountain Marathon',NULL,NULL,'Россия','Верхний Баксан',NULL,NULL),(173,246,'ru','Elbrus Trail',NULL,NULL,'Россия','Верхний Баксан',NULL,NULL),(174,247,'ru','Московский ночной велопарад','<p>В субботу, 11 июля 2015 года впервые состоится ночной Московский Велопарад. Тысячи велосипедистов проедут по перекрытым центральным улицам Москвы в своё удовольствие. Это событие приурочено к развитию велосипедной культуры в Москве.</p><p><br><br>Сбор участников — в 22:00 на Суворовской площади у театра Российской армии. Старт — 23:00. Маршрут первого ночного Московского Велопарада составит около 20 км, но до старта объявлен не будет. Финиш — в самом центре Москвы.</p><p><br><br>Пожалуйста, имейте ввиду: ваш велосипед должен быть оборудован задним и передним фонарями — это обязательное условие участия в велопараде. Какие конкурсы и сюрпризы ждут участников ночного Московского велопарада — сюрприз.</p><p><br><br>Кстати, вы можете <a href=\"http://www.trirussia.ru/upload/velologo.zip\">бесплатно скачать</a> и заказать футболку с логотипом «Москва велосипедная».</p>','В этот раз уже ночной велопарад по Москве. 20 км по улицам столицы с финишем в самом центре города.','Россия','Москва','','рубли'),(175,248,'ru','Триатлон в Зарайске',NULL,NULL,'Россия','Зарайск',NULL,NULL),(176,251,'ru','Благотворительный забег 5275',NULL,NULL,'Россия','Москва',NULL,NULL),(177,253,'ru','A1 Triathlon Санкт-Петербург',NULL,NULL,'Россия','Санкт-Петербург',NULL,NULL),(178,255,'ru','Ironstar спринт в Сочи','<p>Большой спортивный викенд пройдёт в Сочи 4 и 5 июня 2016 года. В Олимпийском парке соберутся ведущие триатлеты России, а также значительный десант любителей. В субботу будет дан старт спринту, который пройдёт по территории красивого и современного Олимпийского парка. Участники в праве ожидать блестящей организации и профессионального подхода, т.к. команда Ironstar уже зарекомендовала себя, как ведущих спортивных организаторов России.</p><p>Для тех, кому мало, организована половинка длинной дистанции на следующий день. И вообще июньские старты в Сочи могут стать отличной традицией для открытия летнего сезона в России.</p>','Отличная возможность начать сезон в уже тёплом, но еще не многолюдном Сочи. Будет еще и половинка.','Россия','Сочи','Олимпийский парк','рубли'),(179,256,'ru','Ironstar 113 в Сочи','<p>Это уже второй опыт команды Ironstar в организации длинной триатлонной дистанции. Предыдущая половинка была проведена в сентябре 2015 года. Это уже третий по счету старт серии Ironstar в Олимпийском парке в Сочи. Также есть все основания полагать, что старт соберет много участников и болельщиков со всей России. Плюс это отличная возможность наверстать объёмы, которые многие по привычке сделали в мае на Майорке. Отметим, что на момент написания этого текста евро стоил под 80 рублей, и редакция не собиралась ехать в Испанию по понятным соображениям.</p>','Второе заметное триатлонное событие в Сочи за выходные — половинка сразу после спринта накануне.','Россия','Сочи','Олимпийский парк','рубли'),(180,259,'ru','Ironstar триатлон в Кирове','<p>Главное событие спортивной жизни Кирова этим летом. Новое место, отменная организация и город Киров!</p><p>Новое место для триатлоне не должно помешать любителям поплавать, поездить на велосипеде и побегать приехать в гостеприимный Киров, чтобы принять участие в олимпийском триатлоне.</p><p>Информации пока немного, но та, что есть, будет публиковаться незамедлительно.</p>','Главное событие спортивной жизни Кирова этим летом. Новое место, отменная организация и город Киров!','Россия','Киров','Стрижи — Киров','рубли'),(181,261,'ru','Дуатлон-эстафета в Ромашково',NULL,NULL,'Россия','Село Ромашково',NULL,NULL),(182,262,'ru','Марафон Titan в Бронницах',NULL,NULL,'Россия','Бронницы',NULL,NULL),(183,263,'ru','Titan 51,5 в Бронницах','<p>Знаковая гонка, которая собирает сотни спортсменов со всей России в летних солнечных Бронницах. Одна из самых массовых триатлонных гонок на олипийскую дистанцию в России. В рамках соревновательного дня также пройдут:</p><p>— эстафета 1,5/40/10</p><p>— суперспринт 0,3/8/2</p><p>— плавание 3км</p><p>— детская дистанция 0,2/4/1</p>','Знаковая гонка, которая собирает сотни спортсменов со всей России в летних солнечных Бронницах','Россия','Бронницы','Бронницы','рубли'),(184,264,'ru','Titan 113 в Бронницах','<p>Ставшая традиционной половинка в Бронницах. Отличная проверка сил перед полной дистанцией формата Ironman в Зарайске.</p><p>Half-Ironman пройдёт в Бронницком районе Московской области. Это одно из самых массовых соревнований в Центральной части России. Отличная трасса, прекрасное покрытие на велоэтапе, море болельщиков и прекрасных эмоций.</p><p>При ранней регистрации цена на участие снижена. До встречи на старте!</p>','Ставшая традиционной половинка в Бронницах. Отличная проверка сил перед полным Ironman в Зарайске','Россия','Московская область','Бронницы','рубли'),(185,265,'ru','Titan 226 в Зарайске','<p>Первая в истории серии Титан длинная дистанция в формате Ironman пройдёт в историческом Зарайске. Летом 2015 года там уже проходили тестовые соревнования, чтобы организаторы могли подготовиться к главному событию лета 2016 года — Триатлону в Зарайске.</p><p>Плавательный этап пройдет в реке Осётр. Велоэтап по автодороге Зарайск — Северные пруды. Покрытие велоэтапа по отзывам участников было на довольно высоком уровне.</p><p>В рамках соревновательного дня пройдет еще спринт-триатлон, поэтому болельщики могут скоротать время, посоревновавшись на небольшой дистанции. Это, кстати, может быть отличным началом увлечения триатлоном.</p><p>До встречи на старте!</p>','Первая в истории серии Титан длинная дистанция в формате Ironman пройдёт в историческом Зарайске','Россия','Московская область','Зарайск','рубли'),(186,266,'ru','Ironstar триатлон в Сочи','<p>Большой спортивный праздник на берегу Черного моря. Традиционный для Ironstar место проведения — территория Олимпийского парка, где создана отличная инфраструктура для спортивных соревнований.</p>\r\n<p>В эти дни пройдёт этап Кубка России по триатлону для любителей и элиты на стандартной олимпийской дистанции: 1,5 км плавание, 40 км велогонка и 10 км бег. Несмотря на высокий статус соревнования, участвовать могут все желающие (после оплаты стоимости участия, разумеется).</p>\r\n<p>Олимпийский парк — излюбленное место для спортсменов и болельщиков. Совсем рядом парк развлечений, трасса Формулы-1, прекрасная набережная, которая тянется до границы с Абхазией, отличные отели и рестораны. Сам старт соревнования будет дан в бухте Имеретинского порта, в огороженной акватории. Море в это время будет тёплым и прозрачным, поэтому, возможно, гидрокостюмы могут быть запрещены.</p>\r\n<p>Велогонка пройдет по курортному району \"Имеретинский\" и Олимпийскому парку. Трасса скоростная, без набора высоты, что позволит вам показать свой лучший результат на этом этапе.</p>','Отличная организация и толпы болельщиков на самом «бархатном» триатлонном старте России. Добро пожаловать в Олимпийский парк в Сочи!','Россия','Сочи','Олимпийский парк','рубли'),(187,267,'ru','Ironstar 226 триатлон в Сочи','<p>Первый полный Ironman команды Ironstar в южной столице российского спорта — Олимпийском парке Сочи.\r\n</p><p>Великолепное море, отличные условия для проживания, прекрасная организация, большое количество спортсменов и болельщиков, захватывающие виды на велоэтапе — всё для того, чтобы сделать свой первый длинный триатлон Ironman именно в Сочи.\r\n</p><p>Беговой этап пройдёт на глазах у многочисленных зрителей, т.к. будет проходить по территории Олимпийского парка.\r\n</p>','Первый полный Ironman команды Ironstar в южной столице российского спорта — Олимпийском парке Сочи','Россия','Сочи','Олимпийский парк','рубли'),(188,268,'ru','A1 Run в Санкт-Петербурге',NULL,NULL,'Россия','Санкт-Петербург',NULL,NULL),(189,269,'ru','A1 спринт-триатлон в Сестрорецке','<p>Спринт-триатлон в тихом и красивом городе Сестрорецке под Санкт-Петербургом от команды A1 Triathlon</p><p>Июнь 2016 года очень богат на триатлонные старты, но для жителей Северо-Запада России спринт-триатлон в Сестрорецке — отличная возможность начать триатлонный сезон в России. Также это отличная возможность активно и интересно провести выходные в прекрасном Санкт-Петербурге и Сестрорецке.</p><p>Гонка обещает быть очень быстрой: плавание в озере Сетролецком разливе, велоэтап по комфортному Приморскому шоссе и бег по центру города.</p><p>Организаторы гонки команда A1 Triathlon готовит большое количество грандиозных стартов в 2016 году, поэтому это будет отличной проверкой их сил перед главными гонками сезона.</p>','Спринт-триатлон в тихом и красивом городе Сестрорецке под Санкт-Петербургом от команды A1 Triathlon','Россия','Лениградская область','Сестрорецк','рубли'),(190,270,'ru','A1 Triathlon 113','<p>Во второй день спортивного уикенда в Сестрорецке пройдёт триатлон на дистанцию Half-Ironman в 113 км</p><p>Команда A1 Triathlon организовывает длинный триатлон в Сестрорецке 19 июня 2016 года, на следующий день после спринт-триатлона. Это отличная возможность проверить свои силы после зимней и весенней подготовки к сезону.</p><p>Плавание пройдет в озере, которое, скорее всего, еще недостаточно прогреется для отмены гидрокостюмов, поэтому гонка обещает быть очень быстрой.</p><p>Велоэтап состоит из двух кругов по Приморскому шоссе от Сестрорецка до Зеленогорска и обратно.</p><p>Беговой этап пройдёт по центру города, где зрители смогут видеть спортсменов по несколько раз за круг, что придаст участникам гонки дополнительных сил.</p>','Во второй день спортивного уикенда в Сестрорецке пройдёт триатлон на дистанцию Half-Ironman в 113 км','Россия','Ленинградская область','Сестрорецк','рубли'),(191,271,'ru','A1 Swim заплыв в Санкт-Петербурге',NULL,NULL,'Россия','Санкт-Петербург',NULL,NULL),(192,272,'ru','A1 Triathlon 226','<p>Главный старт сезона в Санкт-Петербурге: плыть в Неве, велоэтап по комфортному шоссе, а беговой этап — по Невскому проспекту.</p><p>Обратите внимание на плавательный и беговые этапы. В современной истории триатлона в России это беспрецедентный маршрут.</p><p>Плавательный этап в два круга вокруг Заячьего острова. Если дышать в правую сторону, то можно увидеть Петропавловскую крепость со всех сторон.</p><p>Велоэтап пройдёт по Приморскому шоссе в два круга из Санкт-Петербурга мимо Лисьего носа, Сетрорецка в сторону Репино и обратно.</p><p>Беговой этап вообще фантастика: по Троицкому мосту, по Дворцовой набережной, по Английской набережной, затем еще один мост: Благовещенский и, конечно же, Биржевая площадь. Если у вас не было возможности погулять по летнему Питеру, то это отличная возможность устроить себе экскурсию на глазах тысяч туристов, прохожих и, конечно, наших любимых болельщиков и болельщиц.</p>','Главный старт сезона в Санкт-Петербурге: плыть в Неве, вел по шоссе, а беговой этап — по Невскому','Россия','Санкт-Петербург','Санкт-Петербург','рубли'),(193,273,'ru','A1 олимпийский триатлон','<p>Триатлон-спутник на олимпийской дистанции стартует ровно через час после главного старта августа на длинную дистанцию в Санкт-Петербурге — A1 Triathlon 226, аналога триатлона формата Ironman.</p><p>Невероятная трасса: плавательный этап вокруг Заячьего острова, велоэтап по Приморскому шоссе и бег по самому центру Санкт-Петербурга.</p><p>Это уникальный для города и для России триатлонный старт.</p><p>Надеемся, что организаторы сделают всё возможное, чтобы этот триатлон вошел в число лучших в России и Восточной Европе.</p>','Триатлон на олимпийской дистанции стартует через час после главного длинного старта на Заячьем острове','Россия','Санкт-Петербург','Заячий остров','рубли'),(194,274,'ru','Триатлонный сбор Sapik Team на Кипре','<p>--</p>','','Кипр','Ларнака','','рубли'),(195,275,'ru','Ironman Cozumel',NULL,NULL,'Мексика','Косумель',NULL,NULL),(196,276,'ru','Ironman 70.3 Dubai',NULL,NULL,'ОАЭ','Дубай',NULL,NULL),(197,277,'ru','Ironman 70.3 Subic Bay Philippines',NULL,NULL,'Филиппины','Субик-Бей',NULL,NULL),(198,278,'ru','Ironman 70.3 Buenos Aires',NULL,NULL,'Аргентина','Буэнос-Айрес',NULL,NULL),(199,279,'ru','Байкальский марафон',NULL,NULL,'Россия','Иркутская область',NULL,NULL),(200,280,'ru','Полумарафон Сочи',NULL,NULL,'Россия','Сочи',NULL,NULL),(201,281,'ru','Весенний гром',NULL,NULL,'Россия','Москва',NULL,NULL),(202,282,'ru','Wings for Life World Run',NULL,NULL,'Россия','Коломна',NULL,NULL),(203,283,'ru','Первый забег',NULL,NULL,'Россия','Москва',NULL,NULL),(204,284,'ru','Кубок чемпионов по плаванию в Москве','<p>Лучшее по организации плавательное событие в Москве. Заплывы на морскую милю и 3 км в Гребном канале.</p><p>В этом году организаторы добавили к традиционному заплыву на 1 морскую милю, это 1852 метра, заплыв на 3 км. Плыть можно в гидрокостюме и без. Но если вы плывете в гидрокостюме, то ваше время считают по другой категории.</p><p>Несмотря на позднюю весну, вода в Гребном канале к этому времени должна прогреться, поэтому можно смело плыть без гидрокостюма.</p><p>В 2015 году организация старта в Москве была на довольно высоком уровне: парковка у Гребного канала, без очередей, своевременный старт, неплохая маркировка на дистанции.</p><p>Регистрация на Кубок чемпионов по плаванию начнется 1 марта 2016 года.</p>','Лучшее по организации плавательное событие в Москве. Заплывы на морскую милю и 3 км в Гребном канале','Россия','Москва','Гребной канал','рубли'),(205,285,'ru','Триатлон в Абу-Даби WTS',NULL,NULL,'ОАЭ','Абу-Даби',NULL,NULL),(206,286,'ru','Казанский марафон',NULL,NULL,'Россия','Казань',NULL,NULL),(207,287,'ru','Московский полумарафон',NULL,NULL,'Россия','Москва',NULL,NULL),(208,288,'ru','Russialoppet лыжный марафон в Москве',NULL,NULL,'Россия','Москва',NULL,NULL),(209,289,'ru','Russialoppet лыжный марафон в Токсово',NULL,NULL,'Россия','Санкт-Петербург',NULL,NULL),(210,290,'ru','Лыжный марафон «Николов перевоз»',NULL,NULL,'Россия','Дубна',NULL,NULL),(211,291,'ru','Лыжный марафон в Красногорске',NULL,NULL,'Россия','Красногорск',NULL,NULL),(212,292,'ru','Лыжный марафон в Воронеже',NULL,NULL,'Россия','Воронеж',NULL,NULL),(213,293,'ru','Лыжный марафон «Невская классика»',NULL,NULL,'Россия','Санкт-Петербург',NULL,NULL),(214,296,'ru','Дёминский лыжный марафон',NULL,NULL,'Россия','Рыбинск',NULL,NULL),(215,295,'ru','Лыжный марафон «Европа — Азия»',NULL,NULL,'Россия','Екатеринбург',NULL,NULL),(219,302,'ru','Осенний гром в Мещерском парке','<p>Один из самых популярных и рейтинговых стартов серии «Гром» традиционно пройдёт в Мещерском парке.</p><p>Ровно через неделю после 10-километрового забега Grom 10k пройдёт Осенний гром. Один из самых любимых осенних стартов среди москвичей: большой Мещерский парк, быстрые круги, всегда везёт с погодой, вкусная каша после гонки и огромное количество болельщиков.</p><p>Обращаем ваше внимание, что это один из самых рейтинговых стартов, поэтому позаботьтесь о слоте заранее. Подпишитесь на нашу группу в Фейсбуке, и вы не пропустите ни одной регистрации: <a href=\"https://www.facebook.com/trirussia\">https://www.facebook.com/trirussia</a></p>','Один из самых популярных и рейтинговых стартов серии «Гром» традиционно пройдёт в Мещерском парке','Россия','Москва','Мещерский парк','рубли'),(220,301,'ru','Забег Grom 10k','<p>Традиционный забег в начале сентября: горки, подъёмы, ещё раз горки, очень тяжело, но бежать нужно!</p><p>Лучший способ отметить день города Москвы — это пробежать короткий, но довольно тяжелый забег на 10 км, который традиционно проходит в это время. Очень много подъёмов и спусков! Попробуйте себя на прочность — бегите!</p><p>Кстати, не стоит забывать, что через неделю после Grom 10k стартует знаменитый «Осенний гром» в Мещерском парке. Чем не тренировка, чтобы поставить личный рекорд на полумарафоне через неделю?</p>','Традиционный забег в начале сентября: горки, подъёмы, ещё раз горки, очень тяжело, но бежать нужно!','Россия','Москва','Крылатское','рубли'),(221,307,'ru','Вторые триатлонные сборы Sapik Team на Кипре',NULL,NULL,'Кипр','Ларнака',NULL,NULL),(222,303,'ru','Ночная гонка SkiGrom Night 15k',NULL,NULL,'Россия','Москва',NULL,NULL),(223,304,'ru','Лыжная гонка SkiGrom 30k в Битце',NULL,NULL,'Россия','Москва',NULL,NULL),(224,305,'ru','Лыжная гонка SkiGrom 30k',NULL,NULL,'Россия','Москва',NULL,NULL),(225,306,'ru','Марафон SkiGrom 50k',NULL,NULL,'Россия','Москва',NULL,NULL),(226,308,'ru','Vyborgtrail 3 км и 6 км','<p>Большое и популярное спортивное событие Северо-Запада. Забег пройдёт в районе Интендантской горы.</p><p>Регистрация на старты, которые будут проходить в течение двух дней, станет доступной в феврале 2016 года. Организаторы подготовили новые трассы и не будут повторять маршруты 2015 года. Вас ждут самые живописные и интересные места для трейла.</p><p>Также нововведением станут полноценные группы «лайт» (вместо open) — для тех, кто пока не чувствует в себе сил на полные дистанции, но хочет соревноваться и бороться за призовые места, а также новый вид — трехэтапные эстафеты (мужские, женские и смешанные).</p><p>Помимо этого сохранится самое лучшее с прошлого года: суперведущие Артём Шевчук и Оля Цветкова, необычный формат, хорошие призы и теплую атмосферу!</p>','Большое и популярное спортивное событие Северо-Запада. Забег пройдёт в районе Интендантской горы','Россия','Выборг','Выборг','рубли'),(227,309,'ru','Vyborgtrail 7 км и 21 км','<p>Большое и популярное спортивное событие Северо-Запада. Забег пройдёт в районе Интендантской горы.</p><p>Регистрация на старты, которые будут проходить в течение двух дней, станет доступной в феврале 2016 года. Организаторы подготовили новые трассы и не будут повторять маршруты 2015 года. Вас ждут самые живописные и интересные места для трейла.</p><p>Также нововведением станут полноценные группы «лайт» (вместо open) — для тех, кто пока не чувствует в себе сил на полные дистанции, но хочет соревноваться и бороться за призовые места, а также новый вид — трехэтапные эстафеты (мужские, женские и смешанные).</p><p>Помимо этого сохранится самое лучшее с прошлого года: суперведущие Артём Шевчук и Оля Цветкова, необычный формат, хорошие призы и теплую атмосферу!</p>','Второй день больших соревнований по трейл-раннингу в живописном месте под Выборгом на озере Горица','Россия','Ленинградская область','Выборг','рубли'),(228,310,'ru','Ультрамарафон «Дивогорье»',NULL,NULL,'Россия','Воронеж',NULL,NULL),(229,311,'ru','Третьи триатлонные сборы Sapik Team на Кипре',NULL,NULL,'Кипр','Ларнака',NULL,NULL),(230,312,'ru','Четвертые триатлонные сборы Sapik Team на Кипре',NULL,NULL,'Кипр','Ларнака',NULL,NULL),(231,313,'ru','Триатлон в Айя-Напе на Кипре',NULL,NULL,'Кипр','Айя-Напа',NULL,NULL),(232,314,'ru','Красочный забег','<p>Самый яркий забег лета. Заряд положительными эмоциями и цветная футболка в конце гарантированы!</p><p>Традиционно проходит в Лужниках. Участников посыпают безопасной для здоровья сухой краской на каждом километровом чекпоинте. В итоге к концу вы себя не узнаете!</p><p>Регистрация открывается в начале 2016 года.</p>','Самый яркий забег лета. Заряд положительными эмоциями и цветная футболка в конце гарантированы!','Россия','Москва','Лужники','рубли'),(233,315,'ru','Ночной забег','<p>Самый массовый ночной забег с фонариками, светоотражающими лентами и катафотами по засыпающей Москве. У каждого будет возможность пробежать ночные 10 км и превратить «Лужники» в бесконечный поток ярких огней. Это один из самых необычных забегов в Москве наряду с «Красочным забегом». Пока все спят — вы бежите!</p>','Самый массовый ночной забег с фонариками, светоотражающими лентами и катафотами по засыпающей Москве','Россия','Москва','Лужники','рубли'),(234,316,'ru','Музыкальный полумарафон',NULL,NULL,'Россия','Москва',NULL,NULL),(235,317,'ru','Марафон Европа — Азия в Екатеринбурге','<p>Самое большое беговое событие прекрасного Екатеринбурга. 5000 бегунов пробегут по уральской столице. Уникальное событие: каждый сможет пробежать одну из четырёх доступных дистанций: 3 км, 10 км, полумарафон и марафон.</p>','Самое большое беговое событие прекрасного Екатеринбурга. 5000 бегунов пробегут по уральской столице','Россия','Екатеринбург','Екатеринбург','рубли'),(236,318,'ru','Ночной забег в Екатеринбурге',NULL,NULL,'Россия','Екатеринбург',NULL,NULL),(237,319,'ru','Зимний полумарафон Европа — Азия','<p>Первый зимний полумарафон в городе Екатеринбурге. По-настоящему экстремальное событие для любителей бега на беговых дорожках в фитнес-клубах. Маршрут обеих дистанций находятся в исторической части города. Участников будут согревать тепловые пушки, весёлые зрители, горячий чай и уютный шатёр на финише.</p>','Сезон 2016 года ещё не закончился для тех, кто хочет пробежать полумарафон в зимнем Екатеринбурге','Россия','Екатеринбург','','рубли'),(238,320,'ru','Тутаевский полумарафон',NULL,NULL,'Россия','Тутаев',NULL,NULL),(239,322,'ru','VW Cyprus Cycling Tour','<p>В 2016 году город Пафос станет центром велоспорта на Кипре, потому что 1 апреля 2016 года здесь стартует популярная среди европейцев трехдневная гонка по средиземноморскому острову. Гонка проводится уже 5 год подряд и собирает сотни велогонщиков со всей Европы. В течение всех трех дней старт этапам будет дан именно в Пафосе, а точнее — в знаменитом средневековом замке города.</p><p>Volkswagen Cyprus Cycling Tour — наиболее значимое событие в велоспорте Кипра. В прошлом 2015 году 224 велогонщика приняли участие в соревновании. Более половины из них были иностранцами. В этом году ожидается, что участников будет ещё больше. В этом году городом-хозяином гонки станет Пафос (в прошлом 2015 году был Лимассол), потому что организаторы хотят вовлечь весь город в это спортивное событие и дать возможность участникам увидеть другой красивый и гостеприимный Кипр.</p><p>Общая дистанция гонки составит 247,4 км, 191 км из которых будут засекаться. В первый день велогонщики проедут 94,5 км, во второй — 88,9 км и 63 км в третий. Участие в гонке открыто для всех участников вне зависимости от их уровня: профессионалам, полупрофессионалам и любителям.</p>','Уникальная трехдневная гонка на Кипре. Возможно, самая доступная и популярная многодневка в Европе','Кипр','Пафос','','евро'),(240,321,'ru','Угличский полумарафон',NULL,NULL,'Россия','Углич',NULL,NULL),(241,323,'ru','Лыжная гонка «Кубок чемпионов»',NULL,NULL,'Россия','Москва',NULL,NULL),(242,324,'ru','Rosa Peak Challenge',NULL,NULL,'Россия','Сочи',NULL,NULL),(243,325,'ru','Rosa Quest',NULL,NULL,'Россия','Сочи',NULL,NULL),(244,326,'ru','Rosa Carnival','<p>Фестиваль проводится в период майских праздников и предлагает участникам насыщенную программу мероприятий. Вас ждут беговые соревнования, встречи со звездами спорта и специалистами по спортивному питанию, ярмарка спортивных товаров и новые знакомства! </p><p>В свободное время вы сможете насладиться красотами горного курорта «Роза Хутор», посетить Горную Олимпийскую деревню, Кавказский государственный заповедник, съездить в Сочи, погулять по Олимпийскому парку, покататься на аттракционах крупнейшего в России парка развлечений, посмотреть на дельфинов в Дельфинарии и съездить в Абхазию. </p><p>«Роза Хутор» предлагает комфортное размещение в гостиницах, спокойный и безопасный отдых для взрослых и детей. В пешей доступности находятся бары и рестораны, бутики и магазины сувениров, спа-салоны. </p><p>Фестиваль бега ROSA RUN — отличная возможность активно провести майские праздники вместе с друзьями и близкими на живописном и современном курорте «Роза Хутор».</p><p>В рамках фестиваля состоится 4 соревнования. На третий день пройдёт благотворительный fun-забег Rosa Carnivale. На старте — веселая толпа в костюмах!</p><p>Участвуй сам, приводи семью и друзей! Беги в образе Человека-паука, Дарта Вейдера или Элвиса — прояви фантазию!</p><p>Дресс-код обязателен.</p>','Благотворительный fun-забег на Розе Хутор. Толпы радостных людей в костюмах. Дресс-код обязателен!','Россия','Сочи','','рубли'),(245,327,'ru','Rosa 777',NULL,NULL,'Россия','Сочи',NULL,NULL),(246,328,'ru','Мышкинский полумарафон','<p>Маленький уютный волжский городок Мышкин приглашает всех 28 мая 2016 года на II полумарафон «По шести холмам», который пройдет в рамках проекта «Бегом по «Золотому кольцу».</p><p>Великолепные пейзажи, волжские просторы, купеческие усадьбы и дух русской провинции – все это сохранилось в городе классической провинции. На протяжении всей трассы вас будут встречать мышкари и мышкарки, мышкарочки и мышкарята, ведь именно они и создают неповторимую мышкинскую ауру.</p>','Маленький и уютный волжский городок Мышкин приглашает всех на полумарафон «По шести холмам»','Россия','Ярославская область','Мышкин','рубли'),(247,329,'ru','Переславский марафон','<p>В рамках проекта «Бегом по Золотому кольцу» появился первый марафон! Он пройдет 4 июня 2016 года в городе Переславль-Залесский.</p><p>Марафонцы пробегут вокруг великого Плещеева озера, которое славит город по всей России. Здешний уроженец Александр Невский в 1242 году повел отсюда русские дружины на лед Чудского озер. Имя великого полководца упомянуто и в названии марафона.</p>','Это первый марафон в рамках проекта «Бегом по Золотому кольцу». И в каком прекрасном городе. Сказка!','Россия','Ярославская область','Переславль-Залесский','рубли'),(248,330,'ru','Ярославский полумарафон','<p>Самый масштабный этап проекта - Ярославский полумарафон «Золотое кольцо» в этом году примет Чемпионат России по полумарафону.</p><p>Международный стандарт проведения, сертифицированная трасса, дистанция, полностью пролегающая в охранной зоне ЮНЕСКО, насыщенная культурная программа — все это и многое другое давно привлекает опытных бегунов со всего мира на Ярославский полумарафон.</p><p>Старт будет дан в одном из самых красивых мест города — Стрелке, а по пути участники увидят многие исторические точки города.</p>','Самый масштабный этап проекта «Бегом по Золотому кольцу» — знаменитый Ярославский полумарафон.','Россия','Ярославль','Ярославль','рубли'),(249,247,'en','','','','','','','рубли'),(250,322,'en','','','','','','','рубли'),(251,267,'en','','','','Russia','gorod-kurort Sochi','Verkhne-Imeretinskaya Bukhta','рубли'),(252,328,'en','','','','Russia','Yaroslavl Oblast','Myshkin','рубли'),(253,284,'en','','','','','','','рубли'),(254,255,'en','','','','Russia','','','рубли'),(255,329,'en','','','','Russia','Yaroslavl Oblast','Pereslavl-Zalessky','рубли'),(256,256,'en','','','','Russia','Krasnodar Krai','Verkhne-Imeretinskaya Bukhta','рубли'),(257,236,'en','','','','Italy','Metropolitan City of Venice','Venice','рубли'),(258,263,'en','','','','Russia','Moskovskaya oblast\'','Bronnitsy','рубли'),(259,308,'en','','','','Russia','Leningrad Oblast','Vyborg','рубли'),(260,315,'en','','','','Russia','Moscow','Moscow','рубли'),(261,266,'en','','','','Russia','gorod-kurort Sochi','Verkhne-Imeretinskaya Bukhta','рубли'),(262,173,'en','','','','','','','рубли'),(263,274,'en','','','','','','','рубли'),(264,269,'en','','','','Russia','Saint Petersburg','Sestroretsk','рубли'),(265,270,'en','','','','Russia','Saint Petersburg','Sestroretsk','рубли'),(266,264,'en','','','','Russia','Moskovskaya oblast\'','Bronnitsy','рубли'),(267,314,'en','','','','Russia','gorod Moskva','Central Administrative Okrug','рубли'),(268,259,'en','','','','Russia','Kirov Oblast','Kirov','рубли'),(269,309,'en','','','','Russia','Leningrad Oblast','Vyborg','рубли'),(270,317,'en','','','','Russia','Sverdlovsk Oblast','Yekaterinburg','рубли'),(271,265,'en','','','','Russia','Moscow Oblast','Zaraysk','рубли'),(272,273,'en','','','','Russia','gorod Sankt-Peterburg','Zayachy Island','рубли'),(273,272,'en','','','','Russia','Saint Petersburg','Saint Petersburg','рубли'),(274,260,'en','','','','Russia','Tatarstan','Kazan','рубли'),(275,331,'ru','Вокруг Земли за 60 минут','<p>Все мы детьми бывали в больницах, а некоторым из нас пришлось провести там даже какое-то время на лечении. И до сих пор мы помним ту скуку и грусть, которая появляется, когда нет развлечений, друзей и любимых игрушек рядом.</p><p><span></span>Но с появлением фонда Доктор Клоун, все стало иначе. Сотрудники и волонтеры фонда посещают детские больницы (в том числе лечебные заведения с ограниченным доступом) и устраивают детям настоящий праздник, чтобы им не было так одиноко, и они скорее выздоравливали. </p><p>18 июня в 10.00 на ВДНХ мы начнем забег «Вокруг Земли за 60 минут» и покажем себе и друг другу, что дети в любой стране должны быть одинаково счастливы и получать помощь и поддержку!</p><p><span></span>Вместе мы пробежим по трассе, на протяжении которой нас будут встречать и поддерживать национальные музыканты разных стран, и каждый из нас пробежит, а может быть пройдет столько сколько захочет, ведь мы ограничены только временным отрезком в один час.</p><p>Друзья, забегом мы привлечем внимание к тому, что детство должно быть веселым, без страха и грусти, даже если ребенок оказался в больнице!</p><p>Собранные средства пойдут на помощь фонду «Доктор Клоун». Мы хотим показать, что выбравшись из привычной среды — офиса, квартиры, машины — хотя бы на 60 минут, мы можем сделать мир лучше.</p>','Благотворительный забег New Balance пройдёт на ВДНХ. Деньги пойдут на помощь фонду «Доктор Клоун»','Россия','Москва','ВДНХ','рубли'),(276,331,'en','','','','Russia','gorod Moskva','North-Eastern Administrative Okrug','рубли'),(277,332,'ru','Командная гонка Кубка Angry Boys','<p>Уникальные в наше непростое для велоспорта время соревнования. Уникальны тем, что все 12 этапов объединены в общий зачет. Все они пройдут на территории хорошо известной олимпийской велотрассы в Крылатском. 3 этап — это командная гонка. Также впервые в Московском регионе состоится массовый старт в популярном по всей Европе формате «Гранд-фондо» — сотни участников выйдут на кольцевую трассу, проложенную в живописных уголках Московской области.</p><p>Групповая гонка – от 9 до 12 кругов в зависимости от категории (1 круг — 4300 метров). Спортсмены стартуют общей группой, побеждает спортсмен, который первым пересечет финишную черту.</p><p>Индивидуальная гонка на время (“разделка”) — 12,9 км. Шоссейная гонка на время с раздельным стартом. Спортсмены начинают движение по одному через определенные интервалы, установленные организаторами соревнований. Побеждает спортсмен, который пройдет дистанцию за наименьшее время.</p><p>Командная гонка парами – 17,2 км. Шоссейная гонка на время с раздельным стартом. Спортсмены начинают движение командой (парой) через определенные интервалы, установленные организаторами соревнований. Побеждает команда, которая пройдет дистанцию за наименьшее время.</p>','3 этап — командная гонка. Уникальные для Москвы шоссейные велогонки объеденены в одном общем зачете.','Россия','Москва','Крылатское','рубли'),(278,332,'en','','','','Moscow','Moscow','Krylatskoye District','рубли'),(279,326,'en','','','','','','','рубли'),(280,333,'ru','3Grom Олимпийский триатлон в Кленово','<p>Новая площадка триатлонных стартов от 3Sport – подмосковное село Кленово. Плавательный этап проходит в Свитинском пруду (1 круг), вело по идеальному шоссе (о такой велотрассе можно только мечтать) (1 круг), бег по шоссе (1 круг).</p><p>Вместе с индивидуальным зачетом будет ещё и зачет эстафетных команд. Как всегда, слоты разбирают достаточно быстро, поэтому рекомендуем поторопиться всем, кто хочет попробовать силы в олимпийском триатлоне или установить свой личник на этой дистанции.</p><p>Добираться до места старта из Москвы можно на автобусе 1004 от м. Бульвар Дмитрия Донского или на электричке до Подольска, а там на автобусе 1033 до остановки Клёново. Если у вас есть место в автомобиле, то предложите кого-нибудь подвезти, за это плюс в карму и минус минута на беге.</p>','Первый олимпийский триатлон на новой площадке в селе Кленово. Плавательный этап в пруду, вело — по великолепному шоссе.','Россия','Московская область','Кленово','рубли'),(281,333,'en','','','','142136','Moskovskaya oblast\'','Klenovo','рубли'),(282,334,'ru','VestaBank 3Grom спринт-триатлон в Крылатском','<p>Без преувеличения главный триатлонный старт в Москве. Многие наверняка помнят времена, когда маутин-байков в транзитке было чуть ли не больше, чем шоссейников. Это традиционное место встречи любителей триатлона со всей Москвы.</p><p>Очередная гонка серии Grom в Москве пройдёт в Крылатском. Плавательный этап в Гребном канале. Велоэтап на уже до боли знакомой всем Олимпийской велотрассе. А завершающий беговой этап пройдёт вокруг гребного канала.</p><p>Спринт-триатлон в Крылатском проходит уже четвертый год подряд. Например, В 2015 году на старт вышло около 700 спортсменов.</p><p>Если вы никогда не были на Олимпийской велотрассе, мы рекомендуем прокатиться хотя бы пару малых кругов по часовой стрелке. Это вам очень поможет во время самой гонки.</p>','Без преувеличения главный триатлонный старт в Москве. Здесь встречаются все, кто успел выкупить свой слот','Россия','Москва','Крылатское','рубли'),(283,334,'en','','','','Moscow','Moscow','Krylatskoye District','рубли'),(284,335,'ru','Icon Livigno Extreme Triathlon','<p>Гонка Icon Livigno Xtreme Triathlon будет состоять из трех этапов: заплыва на 3,8 км, велозаезда на 195 км и забега на 42,2 км. Трассы для соревнования тщательно выбирались, чтобы показать исторические красоты этой стороны Альп и горных перевалов, прославленных престижными велогонками, такими как Джиро д’Италия.</p><p><u></u></p><p>Первый этап гонки — <strong>заплыв на 3,8 км</strong> — начнется на юго-западном берегу озера Ливиньо. В последние годы средняя температура воды в озере в сентябре колебалась от 13 до 16<sup>о</sup>C, поэтому атлетам необходимо использовать соответствующее снаряжение.<u></u><u></u></p><p>Во время <strong>велоэтапа на 195 километров</strong> спортсмены проедут по территории Швейцарии на высоте более 2 000 м. После заплыва они выедут из Ливиньо в сторону перевала Форкола (2 315 м), оттуда направятся в Швейцарию, где они проедут перевал Бернина (2 323 м), и затем начнут спуск через Санкт-Мориц и Энгадин, пока не доедут до коммуны Цернец. Затем им будет необходимо преодолеть перевал Фуорн (2 149 м) и долгий спуск в Валь-Мюстаир, после чего они вернутся на территорию Италии. После прибытия в Прато-алло-Стельви им нужно будет преодолеть знаменитые 48 крутых поворотов перевала Стельвио (второго по высоте в Европе — 2 757 м), откуда они спустятся в городок Бормио, где столкнутся с последним испытанием — переездом через перевал Фосканьо (2 291 м), после чего прибудут в деревню Трепалле, Ливиньо. Там будет находиться вторая транзитная зона (Т2).<u></u><u></u></p><p><strong>Забег длиной 42,2 км</strong> пройдет по маршруту, отличающемуся исключительной красотой и сложностью. Первые 8 км атлеты пробегут по красивой нисходящей тропе, которая приведет их назад в Ливиньо, где они пробегут еще 25 км по плоской поверхности, после чего им предстоит последнее тяжелое испытание: подъем на 9 км до «Кароселло 3000». С учетом набора высоты 1 100 м все атлеты будут бежать в сопровождении члена их команды поддержки до финишной черты.<u></u><u></u></p><p>Все участники Icon Xtreme Triathlon должны иметь свою собственную <strong>команду поддержки</strong> (размером от одного до трех человек), которая будет оказывать им помощь во время гонки и сотрудничать с организаторами мероприятия в целях обеспечения максимальной безопасности.</p>','Невероятный по своей сложности и красоте длинный триатлон. Стоит наряду со Swissman, Celtman и другими самыми сложными гонками в мире','Италия','Ливиньо','Ливиньо','евро'),(285,335,'en','','','','Italy','Province of Sondrio','Livigno','евро'),(286,336,'ru','A1 Swim в Копанском озере','<p>Плавание в живописном Копанском озере с чистой водой на трёх дистанциях: морская миля, 3 000 и 5 000 метров. Это первый в истории A1 Triathlon плавательный старт. Уже сейчас можно говорить о большом представительстве участников с Северо-Запада и Центрального региона.</p><p>Соревнования пройдут в уникальном месте – на Копанском озере в Сосновом Бору, которое пользуется большой популярностью у жителей города и является историческим местом. Песчаный пляж, удивительно чистая и прозрачная вода идеально подходят для соревнований на открытой воде, а большой размер озера позволит проложить маршруты всех дистанций в один круг.</p><p>Стартовый пакет включает плавательную шапочку, хронометраж, медаль финишера, питание на финише. Также после финиша спортсмены смогут бесплатно восстановить свои силы в сауне. Участников и зрителей ждёт яркая развлекательная программа, а призёров соревнований — призы и торжественная церемония награждения. </p><p>Это будет большой плавательный праздник в середине лета. Поэтому даже если вы не планируете ставить личный рекорд на дистанции в открытой воде, просто приезжайте и участвуйте в заплыве на 1 морскую милю: 1 852 метра.</p>','Сразу три плавательные дистанции в живописном Копанском озере в разгар лета.','Россия','Ленинградская область','Копанское озеро','рубли'),(287,336,'en','','','','188465','Leningradskaya oblast\'','Kopanskoye ozero','рубли'),(288,337,'ru','A1 Vyborgman на дистанции Half-Ironman','<p>Уникальный старт с историей, которая временно прерывалась, чтобы получить вторую жизнь благодаря команде A1 Triathlon. Первый длинный триатлон на территории России возрождён и ждёт своих участников.\r\n</p><h4>Плавание</h4><p><img src=\"https://a1.ru/upload/images/maps/vyborg-swim.jpg\" class=\"img-fluid\"></p><p><br></p><h4>Велоэтап</h4><p><img src=\"https://a1.ru/upload/images/maps/vyborg-bike.jpg\" class=\"img-fluid\"></p><p><br></p><h4>Беговой этап</h4><p><img src=\"https://a1.ru/upload/images/maps/vyborg-run.jpg\" class=\"img-fluid\"></p>','Уникальный старт с историей, которая временно прерывалась, чтобы получить вторую жизнь благодаря команде A1 Triathlon','Россия','Ленинградская область','Выборг','рубли'),(289,337,'en','','','','Russia','Leningrad Oblast','Vyborg','рубли'),(292,302,'en','','','','Moscow','Moskva','Meshcherskiy prud','рубли'),(293,301,'en','','','','Moscow','Moscow','Krylatskoye District','рубли'),(324,390,'ru','Grom Vazuza SwimRun 2,4 км','<p>SwimRun — это формат соревнований, очень похожий на дуатлон. Но между этапами нет транзитных зон и зачастую этапов несколько и они чередуются. То есть в чем плывёт спортсмен, в том он и бежит. Практически все участники плывут в кроссовках и бегут с лопатками, если это разрешено организаторами соревнований.</p><p>Формат SwimRun крайне популярен в Скандинавии, где проводится мировая серия OTILLO. В Москве такой праздник проводится впервые, поэтому число участников ограничено 200.</p><h4>Расписание</h4><h4>\r\n</h4><h5>6 августа, 1 день</h5><p>1. Детский забег на 1 км для детей.<br>\r\n2. Личный зачет SwimRun 2,4 км. Беговой этап суммарно: 2 км, плавательный: 400 метров.</p><h5>7 августа, 2 день</h5><p>SwimRun — 18 км. Беговые этапы: 15 км., плавательные этапы: 3 км.<br>\r\nКомандный зачет. 2 человека ММ, ЖЖ, МЖ.</p><h4>Стартовый набор</h4><p>Каждый участник на старте получает шапочку, номер-майку, футболку. На финише каждого финишера ждёт традиционная медаль.</p><h4>Проживание</h4><p>Соревнования SwimRun пройдут на территории гостеприимного отеля премиум-класса Vazuza Country Club. Для участников Grom SwimRun Vazuza организаторы обещают специальные условия проживания.</p>','Очень популярный в Скандинавии формат соревнований. Плывешь, бежишь и так несколько раз. ','Россия','Смоленская область','д. Лебедки','рубли'),(325,390,'en','','','','215044','Smolenskaya oblast\'','Lebedki','рубли'),(326,391,'ru','Grom Vazuza SwimRun 18 км','<p>Главный старт двухдневного праздника по свимрану (мультидуатлон по-русски). 7 августа 2016 года будет дан старт 18-километровому соревнованию в личном и командном зачетах. Днём раньше пройдёт пролог: 2,4 км бега и плавания.</p><p>SwimRun — это формат соревнований, очень похожий на дуатлон. Но между этапами нет транзитных зон и зачастую этапов несколько и они чередуются. То есть в чем плывёт спортсмен, в том он и бежит. Практически все участники плывут в кроссовках и бегут с лопатками, если это разрешено организаторами соревнований.</p><p>Формат SwimRun крайне популярен в Скандинавии, где проводится мировая серия OTILLO. В Москве такой праздник проводится впервые, поэтому число участников ограничено 200.</p><h4>Расписание</h4><h4>\r\n</h4><h5>6 августа, 1 день</h5><p>1. Детский забег на 1 км для детей.<br>\r\n2. Личный зачет SwimRun 2,4 км. Беговой этап суммарно: 2 км, плавательный: 400 метров.</p><h5>7 августа, 2 день</h5><p>SwimRun — 18 км. Беговые этапы: 15 км., плавательные этапы: 3 км.<br>\r\nКомандный зачет. 2 человека ММ, ЖЖ, МЖ.</p><h4>Стартовый набор</h4><p>Каждый участник на старте получает шапочку, номер-майку, футболку. На финише каждого финишера ждёт традиционная медаль.</p><h4>Проживание</h4><p>Соревнования SwimRun пройдут на территории гостеприимного отеля премиум-класса Vazuza Country Club. Для участников Grom SwimRun Vazuza организаторы обещают специальные условия проживания.</p>','Главный старт двухдневного соревнования по свимрану, крайне популярному в Скандинавии соревнования по плаванию и бегу.','Россия','Смоленская область','д. Лебедки','рубли'),(327,391,'en','','','','215044','Smolenskaya oblast\'','Lebedki','рубли'),(328,392,'ru','Титан марафон в Бронницах 2016','<p>Большое спортивное событие осени 2016 года — новый старт в календаре от Titan Race. Пройдёт в привычном для большинства спортсменов месте — вокруг озера Бельского в подсмосковных Бронницах.\r\n</p>\r\n<p>Как всегда ожидается несколько дистанций от 5 до 50 км, поэтому практически каждый сможет попробовать силы в этом по-настоящему массовом старте.\r\n</p>\r\n<h4>08:00 - Открытие регистрации</h4>\r\n<ul>\r\n<li>09:30 - Закрытие регистрации</li>\r\n<li>09:30 - Брифинг, разминка для участников забега</li>\r\n<li>10:00 - Старт на дистанции: 5 км, 10 км, 21.1 км, 42.2 км и 50 км + все эстафеты одновременный</li>\r\n</ul>','Новый осенний старт от организаторов февральского марафона вокруг озера Бельского и триатлонов в Бронницах и Зарайске','Россия','Московская область','Бронницы','рубли'),(329,392,'en','','','','Russia','Moskovskaya oblast\'','Bronnitsy','рубли'),(330,393,'ru','Ironstar 113 в Сочи 2017','<p>Наконец-то! Дождались открытия нового триатлонного сезона в Сочи. Как всегда: прекрасная организация, летнее солнце, пока ещё холодное море и улыбки болельщиков. Первым большим соревнованием команды Ironstar является «половинка» «железной» дистанции в Сочи. Уверены, что настанет тот день, когда мы перестанем брать эти слова в кавычки. Этапы соревнования: 1,93 км плавание, 90 км велогонка, 21,1 км бег. Участвовать могут все желающие: как элита, так и любители.</p><p>«Полужелезная» дистанция в триатлоне, её ещё называют «половинкой», «полуайронменом» и Half-Ironman — вполне серьёзное испытание для любителей. Поэтому она не подходит для спортсменов, которые не имеют достаточного уровня подготовки. Чтобы её пройти, нужно как минимум полгода провести в бассейне, на велосипеде или станке и в парках и на гаревых дорожках.</p><p>Инфраструктура для старта просто прекрасная: стартовый городок, транзитная зона, старт и финиш всех этапов триатлона расположены в непосредственной близости от отелей «Имеретинский» и Radisson Blu Resort. Плавательный этап проходит в марине Имеретинской бухты. Волн практически нет, каменистое дно, поэтому вода чистая и прозрачна. По правилам проведения соревнований по триатлону гидрокостюмы разрешены при температуре ниже 24,6 градуса.</p><p>Велотрасса начинается рядом с водой и уходит в горы до Красной Поляны. Покрытие шикарное, спортсмены сопровождаются сотрудниками ДПС, виды завораживающие. Самое сложное — первая половина этапа в гору, затем будет проще — достаточно бодрый спуск. Беговой этап дистанции состоит из 4 кругов району и променаду вдоль набережной Черного моря. Старт в Сочи считается одним из лучших в России. Это настоящий праздник для спортсменов и их семей.</p>','Сезон начинается традиционной гонкой в начале июня в Сочи. Считается одной из лучших гонок в России: прекрасные виды, отличная организация.','Россия','Сочи','Олимпийский парк','рубли'),(331,393,'en','','','','Russia','gorod-kurort Sochi','Verkhne-Imeretinskaya Bukhta','рубли'),(332,394,'ru','Ironstar спринт-триатлон в Сочи 2017','<p>Соревнования на дистанции спринт-триатлон для любителей и элиты. Этапы стандартные для этого вида: 0,75 км плавание, 20 км велогонка и 5 км бег. Это самая доступная для начинающих триатлетов-любителей дистанция. По сути даже неподготовленный человек может её завершить без вреда для здоровья, но мы не рекомендуем так делать. Лучше подготовиться, и чтобы ваша подготовка заняла не менее 6 месяцев. Вот с 1 января и можно начать, если вы ещё не решились. Для опытных спортсменов спринт — это дистанция, которую можно пройти на одном дыхании и почувствовать скорость, которая не ощущается в более длинных дистанциях.\r\n</p>\r\n<p>Трасса очень плоская и скоростная. Все этапы проходят в курортном районе «Имеретинский». Плавание — в акватории яхтенной марины, велоэтап пройдёт вдоль Олимпийского парка, а бег — по кварталу и прекрасной набережной (особенно хороша она во время вечернего променада или утренней зарядки). Покрытие очень ровное и без изъянов, поэтому есть все шансы показать лучшее время и начать сезон в уже тёплом Сочи.\r\n</p>\r\n<p class=\"small text-muted\">Фотография: <a href=\"http://www.fun-run.ru\" class=\"underline\" target=\"_blank\">Мария Шальнёва</a>.</p>','Второе по значимости триатлонное событие викенда в Сочи — супербыстрый спринт. Отличный шанс показать своё лучшее время.','Россия','Сочи','Олимпийский парк','рубли'),(333,394,'en','','','','Russia','gorod-kurort Sochi','Verkhne-Imeretinskaya Bukhta','рубли'),(334,395,'ru','Titan марафон 5 февраля 2017','<p>Каждый год начинается с этого прекрасного старта — марафона в Бронницах вокруг озера Бельского. Хотя, на самом деле, выбор дистанций гораздо больше, чем в официальном названии. Можно пробежать и «разминочные» 5 км, быстрые зимние 10 км, бодрый полумарафон, для опытных и уже искушенных спортсменов 42 км, а также невероятные для московского февраля 50 км.\r\n</p><p>На аналогичном марафоне 2016 года Алексей Ческидов, вдохновитель и главный организатор всех стартов Titan, обещал, что в 2017 году спортсмены побегут по городу, потому что вокруг озера места уже не хватало. Спортивный зал школы уже не мог вместить всех желающих прогуляться по экспо, получить номера и сдать вещи в багаж. Поэтому уверены, что в 2017 году работа над ошибками будет сделана, и мы увидим новый уровень развития этого прекрасного старта.\r\n</p><p>Из прошлых лет можно отметить отличную организацию, большое количество участников, отличное покрытие (во дворах у подъездов так не чистят снег, как чистят его вокруг Бельского озера перед стартом). И, конечно, самые вежливые сотрудники ГИБДД как минимум Подмосковья, которые помогают не заблудиться и доехать до стоянки. Это один из обязательных для посещения стартов в России.\r\n</p><p class=\"small text-muted\">Фотография: <a href=\"http://www.fun-run.ru\" class=\"underline\" target=\"_blank\">Мария Шальнёва</a>.</p>','Первый массовый беговой старт наступающего сезона. Отличная организация и очень много людей.','Россия','Бронницы','Озеро Бельское','рубли'),(335,395,'en','','','','Russia','Moskovskaya oblast\'','Bronnitsy','рубли'),(336,330,'en','','','','','','','рубли'),(337,396,'ru','Titan марафон 26 марта 2017','<p>Новый старт в копилке Титана. Самый популярный «зимний» забег проходит в феврале: <a href=\"http://www.trirussia.ru/race/Titan-Marathon-2017\" class=\"underline\">Titan марафон 2017</a>. В марте таких стартов ещё не было, тем разумнее было его придумать, потому что до Первого забега ещё несколько недель, а бегать хочется.\r\n</p>\r\n<p>Забег пройдёт в подмосковных Бронницах вокруг озера Бельского. Хотя, на самом деле, выбор дистанций гораздо больше, чем указано в официальном названии. Можно пробежать и «разминочные» 5 км, быстрые 10 км, бодрый полумарафон, а для опытных и уже искушенных спортсменов есть дистанции на 42 км и 50 км.\r\n</p>\r\n<p>Соревнования в Бронницах традиционно собирают сотни любителей бега и не меньшее количество болельщиков. Отличная организация, вкуснейшая каша на финише, шашлыки для болельщиков на открытом воздухе — отличный повод активно провести выходные.\r\n</p>\r\n<p class=\"small text-muted\">Фотография: <a href=\"http://www.fun-run.ru\" class=\"underline\" target=\"_blank\">Мария Шальнёва</a>.\r\n</p>','Новый мартовский старт команды Titan. Для тех, кто не успеет зарегистрироваться на февраль и тех, кому мало соревнований весной.','Россия','Бронницы','Озеро Бельское','рубли'),(338,396,'en','','','','Russia','Moskovskaya oblast\'','Bronnitsy','рубли'),(339,397,'ru','Titan олимпийский триатлон','<p>Знаковая ежегодная традиционная триатлонная гонка, которая собирает сотни спортсменов со всей России в летних солнечных Бронницах. Одна из самых массовых триатлонных гонок на олипийскую дистанцию в России. В рамках соревновательного дня также пройдут:</p>\r\n<ul>\r\n	<li>эстафета 1,5 км - 40 км - 10 км</li>\r\n	<li>суперспринт 0,3 км - 8 км - 2 км</li>\r\n	<li>плавание 3 км</li>\r\n	<li>детская дистанция 0,2 км 4 км 1 км</li>\r\n</ul>\r\n<p>Плавательный этап традиционно пройдёт в Бельском озере. Велоэтап по дорогам Бронниц и беговой — в районе зоны старта и озера.</p>\r\n<p class=\"small text-muted\">Фотография: <a href=\"http://www.fun-run.ru\" class=\"underline\" target=\"_blank\">Мария Шальнёва</a>.</p>','Знаменитая «олимпийка» в Бронницах прйдёт в том же месте в то же время — в начале июня в Бронницах','Россия','Бронницы','Озеро Бельское','рубли'),(340,397,'en','','','','Russia','Moskovskaya oblast\'','Bronnitsy','рубли'),(341,398,'ru','Благотворительный забег 5275','<p>В России пока не очень часто проводятся благотворительные забеги, но с каждым годом ситуация становится лучше. Ведь помимо праздника, удовольствия от бега, медали и футболки финишера у каждого из нас есть возможность помочь тем, кто в этом нуждается. Тем ценнее каждый благотворительный забег!</p>\r\n\r\n<p>Фонд спасения тяжелобольных детей «Линия жизни» и фонд «Дорога вместе» решили организовать большой благотворительный забег, чтобы каждый из участников мог помочь тем, кому это действительно нужно. Забег 5275 пройдёт уже в пятый раз, старт состоится на территории ВДНХ. Присоединяйтесь и помогайте!</p>\r\n','Уже пятый по счету благотворительный забег 5275 с дистанциями для взрослых и детей. В этот раз на территории ВДНХ','Россия','Москва','ВДНХ','рубли'),(342,398,'en','','','','Moscow','Moscow','','рубли'),(343,319,'en','','','','','','','рубли'),(344,399,'ru','Titan плавание 3 км','<p>Заплыв-спутник, который пройдёт в одно время с триатлоном на <a href=\"http://www.trirussia.ru/race/Titan-Olympic-Triathlon-Bronnitsy-2016\" class=\"underline\" target=\"_blank\">олимпийской дистанции</a> и в суперспринте. Комфортный заплыв на 3 км в акватории Бельского озера. В начале июня в озере довольно прохладно, поэтому, скорее всего, будут разрешены гидрокостюмы. Если боитесь участвовать в триатлоне или хотите проплыть 3 км — у вас есть отличный шанс!\r\n</p>\r\n<p class=\"small text-muted\">Фотография: <a href=\"http://www.fun-run.ru\" class=\"underline\" target=\"_blank\">Мария Шальнёва</a>.','Трёхкилометровый заплыв для тех, кто не участвует в триатлоне (олимпийка и спринт) в этот же день.','Россия','Бронницы','Озеро Бельское','рубли'),(345,399,'en','','','','Russia','Moskovskaya oblast\'','Bronnitsy','рубли'),(346,400,'ru','Titan триатлон фестиваль','<p>Уникальное мероприятие в истории России, которое начинается аж в пятницу, в то время как главное мероприятие пройдёт только в воскресенье 6 августа 2017 года. В один день пройдут старты на всевозможных дистанциях: суперспринт, спринт, олимпийская дистанция, половинка и полная железная дистанция. Помимо этого будет дан старт эстафетам и детским соревнованиям.\r\n</p>\r\n<p>Старт пройдёт в Зарайске, поэтому лучше приехать заранее и остановиться на живописной территории базы «Осётр». Будет и паста-пати, и открытая за сутки до старта транзитка, чтобы можно было спокойно подготовиться к старту. Возможно, это будет самое массовое мероприятие по триатлону в России. Конкуренцию ему может составить только олимпийка Titan в Бронницах или один из стартов Ironstar в Казани или Сочи.\r\n</p>\r\n<h3>Titan триатлон</h3>\r\n<p>Titan — компания-организатор одних из лучших спортивных стартов по бегу, триатлону и плаванию в России. Первый старт был дан в феврале 2014 года, это был забег вокруг Бельского озера в городе Бронницы. Titan имеет сплоченную команду под руководством Алексея Ческидова, которая умеет организовывать соревнования по триатлону, бегу и плаванию на самом высоком уровне. Также компанию отличает любовь к живописным местам средней полосы в России, об этом говорят излюбленные площадки в подмосковном городе Бронницы и в небольшом Зарайске. Компания активно развивается, постоянно добавляя в свой портфель всё новые старты.\r\n</p>\r\n<p class=\"small text-muted\">Фотография: <a href=\"http://www.fun-run.ru\" class=\"underline\" target=\"_blank\">Мария Шальнёва</a>.','Суперпраздник для любителей триатлона. Всевозможные дистанции в один день в живописном Зарайске','Россия','Зарайск','Зарайск','рубли'),(347,400,'en','','','','Russia','Moscow Oblast','Zaraysk','рубли'),(348,401,'ru','Добрый забег','<p>10 сентября 2016 года на Цветном бульваре состоится большой благотворительный «Добрый забег». Очень важно, что вы сможете бежать бок о бок с ребятами и девчонками из детских домов. Это очень здорово, что в Москве проводится всё больше благотворительных забегов. Так держать!</p>','Большой благотворительный забег в самом центре Москвы в День города. До встрече на Цветном бульваре!','Россия','Москва','Цветной бульвар','рубли'),(349,401,'en','','','','Moscow','Moskva','Tsvetnoy bulvar','рубли'),(350,402,'ru','Промсвязьбанк Московский марафон','<p>25 сентября 2016 года состоится главное беговое событие года — Промсвязьбанк Московский Марафон 2016. Это самый массовый не только марафон, но и вообще забег в России. В 2015 году его пробежали более 5500 человек из 86 стран мира. Ещё около 8000 бегунов приняли участие в забеге-спутнике на 10 км.</p><p>25 сентября любители и профессионалы, новички и опытные марафонцы, спортсмены из России и других стран снова пробегут 42,2 км по центральным улицам и набережным Москвы. Бегуны, которые ещё не готовы к полному марафону, смогут принять участие в забеге-спутнике на 10 км. Кроме того, в рамках Промсвязьбанк Московского Марафона состоится заезд хендбайкеров — спортсменов с инвалидностью, соревнующихся на специальных велосипедах с ручным приводом.</p>','Главное беговое событие года. Десятки тысяч участников пробегут по центральным улицам Москвы','Россия','Москва','Лужники','рубли'),(351,402,'en','','','','Moscow','Moskva','Luzhnetskaya naberezhnaya','рубли'),(352,403,'ru','Serpantin Ladies Cup','<p>Serpantin Cycling Service Shop Cafe приглашает вас на самую яркую велогонку сезона — Serpantin Ladies Cup! 17 сентября 2016 года на малом кольце Олимпийской велодороги пройдёт по-настоящему интересное, зрелищное и красивое мероприятие, в котором на одной трассе встретятся лучшие велогонщицы среди любителей в России. Это будет яркое событие с музыкой, шампанским и, как заверяют организаторы, беспрецедентно большим количеством призов!</p><p>Номинаций будет несколько, а вручать призы будут настоящие чемпионы, чьи имена держатся в секрете. Дистанция заезда - 21,5 км (5 кругов по часовой стрелке). Участие бесплатное. Мы, конечно, призываем мужчин прийти и поддержать прекрасных участниц соревнования! До встречи в Крылатском.</p>','Отличное веломероприятие в Крылатском — кубок среди женщин в любительской категории.','Россия','Москва','Крылатское','рубли'),(353,403,'en','','','','Moscow','Moscow','Krylatskoye District','рубли');
/*!40000 ALTER TABLE `race_lang` ENABLE KEYS */;
UNLOCK TABLES;

--
-- Table structure for table `seo`
--

DROP TABLE IF EXISTS `seo`;
/*!40101 SET @saved_cs_client     = @@character_set_client */;
/*!40101 SET character_set_client = utf8 */;
CREATE TABLE `seo` (
  `id` int(11) NOT NULL AUTO_INCREMENT,
  `model_name` varchar(255) COLLATE utf8_unicode_ci NOT NULL,
  `model_id` int(11) NOT NULL,
  `title` varchar(255) COLLATE utf8_unicode_ci DEFAULT NULL,
  `keywords` varchar(255) COLLATE utf8_unicode_ci DEFAULT NULL,
  `description` text COLLATE utf8_unicode_ci,
  PRIMARY KEY (`id`)
) ENGINE=InnoDB AUTO_INCREMENT=3 DEFAULT CHARSET=utf8 COLLATE=utf8_unicode_ci;
/*!40101 SET character_set_client = @saved_cs_client */;

--
-- Dumping data for table `seo`
--

LOCK TABLES `seo` WRITE;
/*!40000 ALTER TABLE `seo` DISABLE KEYS */;
INSERT INTO `seo` VALUES (2,'Post',0,'Список сео','слово слово','описание');
/*!40000 ALTER TABLE `seo` ENABLE KEYS */;
UNLOCK TABLES;

--
-- Table structure for table `sport`
--

DROP TABLE IF EXISTS `sport`;
/*!40101 SET @saved_cs_client     = @@character_set_client */;
/*!40101 SET character_set_client = utf8 */;
CREATE TABLE `sport` (
  `id` int(11) NOT NULL AUTO_INCREMENT,
  `label` varchar(255) COLLATE utf8_unicode_ci DEFAULT NULL,
  `url` varchar(255) COLLATE utf8_unicode_ci DEFAULT NULL,
  `is_on_main` varchar(255) COLLATE utf8_unicode_ci DEFAULT NULL,
  PRIMARY KEY (`id`)
) ENGINE=InnoDB AUTO_INCREMENT=8 DEFAULT CHARSET=utf8 COLLATE=utf8_unicode_ci;
/*!40101 SET character_set_client = @saved_cs_client */;

--
-- Dumping data for table `sport`
--

LOCK TABLES `sport` WRITE;
/*!40000 ALTER TABLE `sport` DISABLE KEYS */;
INSERT INTO `sport` VALUES (1,'Триатлон','triathlon','1'),(2,'Бег','run','1'),(3,'Плавание','swim','1'),(5,'Дуатлон','duathlon',NULL),(6,'Лыжи','ski','0'),(7,'Велоспорт','bike','1');
/*!40000 ALTER TABLE `sport` ENABLE KEYS */;
UNLOCK TABLES;

--
-- Table structure for table `user`
--

DROP TABLE IF EXISTS `user`;
/*!40101 SET @saved_cs_client     = @@character_set_client */;
/*!40101 SET character_set_client = utf8 */;
CREATE TABLE `user` (
  `id` int(11) NOT NULL AUTO_INCREMENT,
  `username` varchar(255) COLLATE utf8_unicode_ci NOT NULL,
  `auth_key` varchar(32) COLLATE utf8_unicode_ci NOT NULL,
  `password_hash` varchar(255) COLLATE utf8_unicode_ci NOT NULL,
  `password_reset_token` varchar(255) COLLATE utf8_unicode_ci DEFAULT NULL,
  `email` varchar(255) COLLATE utf8_unicode_ci NOT NULL,
  `status` smallint(6) NOT NULL DEFAULT '10',
  `created_at` int(11) NOT NULL,
  `updated_at` int(11) NOT NULL,
  `fb_id` varchar(255) COLLATE utf8_unicode_ci DEFAULT NULL,
  `first_name` varchar(255) COLLATE utf8_unicode_ci DEFAULT NULL,
  `last_name` varchar(255) COLLATE utf8_unicode_ci DEFAULT NULL,
  `sex` varchar(255) COLLATE utf8_unicode_ci DEFAULT NULL,
  `locale` varchar(255) COLLATE utf8_unicode_ci DEFAULT NULL,
  `timezone` varchar(255) COLLATE utf8_unicode_ci DEFAULT NULL,
  `age` varchar(255) COLLATE utf8_unicode_ci DEFAULT NULL,
  `birthday` date DEFAULT NULL,
  `place` varchar(255) COLLATE utf8_unicode_ci DEFAULT NULL,
  PRIMARY KEY (`id`),
  UNIQUE KEY `username` (`username`),
  UNIQUE KEY `email` (`email`),
  UNIQUE KEY `password_reset_token` (`password_reset_token`)
) ENGINE=InnoDB AUTO_INCREMENT=157 DEFAULT CHARSET=utf8 COLLATE=utf8_unicode_ci;
/*!40101 SET character_set_client = @saved_cs_client */;

--
-- Dumping data for table `user`
--

LOCK TABLES `user` WRITE;
/*!40000 ALTER TABLE `user` DISABLE KEYS */;
INSERT INTO `user` VALUES (1,'admin','7CCujOO_GUTJVGLxw8JfKGIKTXQi2Ot1','$2y$13$iSSqlOidZ4LqL1iFgNf/XOXSK2mxCS/wr11a6htoSdaWbJ/L4UmOa','RijHEnpw4p0RSYMNrn-OenXZDS5BEV7h_1457239773','admin@uran.dev',10,1457239773,1457239773,NULL,'Артем','Климов',NULL,NULL,NULL,NULL,NULL,NULL),(2,'artem@klimov.com','','',NULL,'artem@klimov.com',10,1464634499,1464634499,'10152717526551318','Artem','Klimov',NULL,NULL,NULL,NULL,NULL,NULL),(3,'fkbr1993@yandex.ru','','',NULL,'fkbr1993@yandex.ru',10,1464634500,1464634500,'1079300785477859','Alfred','Landik',NULL,NULL,NULL,NULL,NULL,NULL),(4,'mikhail.kandyba@gmail.com','','',NULL,'mikhail.kandyba@gmail.com',10,1468871884,1468871884,'1733039540273993','Михаил','Кандыба',NULL,NULL,NULL,NULL,NULL,NULL),(5,'nameist0ny@gmail.com','','',NULL,'nameist0ny@gmail.com',10,1472891847,1472891847,'10208775072367852','Tony','Kalabalikis',NULL,NULL,NULL,NULL,NULL,NULL),(6,'ealminov1973@mail.ru','','',NULL,'ealminov1973@mail.ru',10,1472900446,1472900446,'831765566960822','Evgeni','Alminov',NULL,NULL,NULL,NULL,NULL,NULL),(7,'vika.95.95.95@mail.ru','','',NULL,'vika.95.95.95@mail.ru',10,1472914706,1472914706,'1081409258601508','Виктория','Кобзева',NULL,NULL,NULL,NULL,NULL,NULL),(8,'julia_asb@mail.ru','','',NULL,'julia_asb@mail.ru',10,1472918725,1472918725,'1217587534975599','Юлия','Юлюшка',NULL,NULL,NULL,NULL,NULL,NULL),(9,'antvik9@gmail.com','','',NULL,'antvik9@gmail.com',10,1472921541,1472921541,'1041054439276437','Антонио','Ильин',NULL,NULL,NULL,NULL,NULL,NULL),(10,'gorshkov.nikita.alexandrovich@gmail.com','','',NULL,'gorshkov.nikita.alexandrovich@gmail.com',10,1472931189,1472931189,'291553307887012','Никита','Горшков',NULL,NULL,NULL,NULL,NULL,NULL),(11,'dorofeev1913@gmail.com','','',NULL,'dorofeev1913@gmail.com',10,1472931526,1472931526,'343003906034928','Дорофеев','Сергей',NULL,NULL,NULL,NULL,NULL,NULL),(12,'vnaturin13@yandex.ru','','',NULL,'vnaturin13@yandex.ru',10,1472939130,1472939130,'10154448531270365','Ivan','Naturin',NULL,NULL,NULL,NULL,NULL,NULL),(13,'silyaev89@mail.ru','','',NULL,'silyaev89@mail.ru',10,1472958626,1472958626,'1098375916865056','Andrey','Silyaev',NULL,NULL,NULL,NULL,NULL,NULL),(14,'port-3412@yandex.ru','','',NULL,'port-3412@yandex.ru',10,1472982239,1472982239,'10210852393772398','Pavel','Mar\'in',NULL,NULL,NULL,NULL,NULL,NULL),(15,'yulia.chirkova@gmail.com','','',NULL,'yulia.chirkova@gmail.com',10,1472982701,1472982701,'10205329279510144','Julia','Chirkova',NULL,NULL,NULL,NULL,NULL,NULL),(16,'mira.fedchenko@gmail.com','','',NULL,'mira.fedchenko@gmail.com',10,1472987426,1472987426,'328820307509248','Эльмира','Федченко',NULL,NULL,NULL,NULL,NULL,NULL),(17,'vvv888@yandex.ru','','',NULL,'vvv888@yandex.ru',10,1473006063,1473006063,'969922649796407','Виталий','Дёмкин',NULL,NULL,NULL,NULL,NULL,NULL),(18,'a.borovkov@midland.ru','','',NULL,'a.borovkov@midland.ru',10,1473008821,1473008821,'10207181570562777','Алексей','Боровков',NULL,NULL,NULL,NULL,NULL,NULL),(19,'lena.zakharenko@gmail.com','','',NULL,'lena.zakharenko@gmail.com',10,1473020902,1473020902,'1163595583697016','Elena','Zakharenko',NULL,NULL,NULL,NULL,NULL,NULL),(20,'nika_tanaka@hotmail.com','','',NULL,'nika_tanaka@hotmail.com',10,1473023384,1473023384,'10206791444297287','Vika','Prokhorova',NULL,NULL,NULL,NULL,NULL,NULL),(21,'dolganova.o@mail.ru','','',NULL,'dolganova.o@mail.ru',10,1473023688,1473023688,'1052697724849720','Olga','',NULL,NULL,NULL,NULL,NULL,NULL),(22,'the_dayseizer@yahoo.com','','',NULL,'the_dayseizer@yahoo.com',10,1473066021,1473066021,'1242747625737876','Serge','SV',NULL,NULL,NULL,NULL,NULL,NULL),(23,'antonsh69@gmail.com','','',NULL,'antonsh69@gmail.com',10,1473069835,1473069835,'1244786628906059','Anton','Shpak',NULL,NULL,NULL,NULL,NULL,NULL),(24,'borisov-evv@yandex.ru','','',NULL,'borisov-evv@yandex.ru',10,1473082292,1473082292,'1256698831041655','Евгений','Аркадьевич',NULL,NULL,NULL,NULL,NULL,NULL),(25,'alisaradchenko08@gmail.com','','',NULL,'alisaradchenko08@gmail.com',10,1473104111,1473104111,'10202316831039076','Alice','Radchenko',NULL,NULL,NULL,NULL,NULL,NULL),(26,'anastasiya-brightsun@yandex.ru','','',NULL,'anastasiya-brightsun@yandex.ru',10,1473104609,1473104609,'1140090822750783','Anastasiya','',NULL,NULL,NULL,NULL,NULL,NULL),(27,'nas88506@mail.ru','','',NULL,'nas88506@mail.ru',10,1473105633,1473105633,'1092578107528986','Анастасия','Юдаева',NULL,NULL,NULL,NULL,NULL,NULL),(28,'fuego-88@mail.ru','','',NULL,'fuego-88@mail.ru',10,1473122686,1473122686,'914897918653660','Maxim','',NULL,NULL,NULL,NULL,NULL,NULL),(29,'stryapchevaa@yandex.ru','','',NULL,'stryapchevaa@yandex.ru',10,1473161785,1473161785,'643322372485520','Алексей','Стряпчев',NULL,NULL,NULL,NULL,NULL,NULL),(30,'a__n__n__a__@mail.ru','','',NULL,'a__n__n__a__@mail.ru',10,1473164392,1473164392,'1294418580591150','Анна','Кривобокова',NULL,NULL,NULL,NULL,NULL,NULL),(31,'voron-b3@mail.ru','','',NULL,'voron-b3@mail.ru',10,1473170191,1473170191,'1168550539854701','Слава','Воронов',NULL,NULL,NULL,NULL,NULL,NULL),(32,'syurov90@gmail.com','','',NULL,'syurov90@gmail.com',10,1473171259,1473171259,'111993645924639','Сергей','Юров',NULL,NULL,NULL,NULL,NULL,NULL),(33,'danilchenkoanatolii@mail.ru','','',NULL,'danilchenkoanatolii@mail.ru',10,1473185956,1473185956,'943411765784753','Анатолий','Данильченко',NULL,NULL,NULL,NULL,NULL,NULL),(34,'s-kartashev@yandex.ru','','',NULL,'s-kartashev@yandex.ru',10,1473188604,1473188604,'1100473770030311','Sergey','Kartashev',NULL,NULL,NULL,NULL,NULL,NULL),(35,'kudelina.o.kuku@gmail.com','','',NULL,'kudelina.o.kuku@gmail.com',10,1473194326,1473194326,'764196577054034','Olga','',NULL,NULL,NULL,NULL,NULL,NULL),(36,'arial_corp@bk.ru','','',NULL,'arial_corp@bk.ru',10,1473195949,1473195949,'1085858848150895','Antony','Ariarskiy',NULL,NULL,NULL,NULL,NULL,NULL),(37,'ilyam99@mail.ru','','',NULL,'ilyam99@mail.ru',10,1473230082,1473230082,'10206741109477654','Илья','Муратов',NULL,NULL,NULL,NULL,NULL,NULL),(38,'boss-sasa2@mail.ru','','',NULL,'boss-sasa2@mail.ru',10,1473236646,1473236646,'1784392371843734','Александр','Мельников',NULL,NULL,NULL,NULL,NULL,NULL),(39,'dima.kds.76@mail.ru','','',NULL,'dima.kds.76@mail.ru',10,1473236730,1473236730,'337995333206960','Дмитрий','Александрович',NULL,NULL,NULL,NULL,NULL,NULL),(40,'ovmyakotnykh@yandex.ru','','',NULL,'ovmyakotnykh@yandex.ru',10,1473239990,1473239990,'10210665422494302','Oksana','Bocharova',NULL,NULL,NULL,NULL,NULL,NULL),(41,'andooone@yandex.ru','','',NULL,'andooone@yandex.ru',10,1473263704,1473263704,'623113404523427','Антон','Тишакин',NULL,NULL,NULL,NULL,NULL,NULL),(42,'kapustinavictoria@gmail.com','','',NULL,'kapustinavictoria@gmail.com',10,1473271754,1473271754,'1140707729356529','Victoria','',NULL,NULL,NULL,NULL,NULL,NULL),(43,'smomitya@yandex.ru','','',NULL,'smomitya@yandex.ru',10,1473277694,1473277694,'538550912999599','Dmitry','Smorchkov',NULL,NULL,NULL,NULL,NULL,NULL),(44,'sssvetka@hotmail.com','','',NULL,'sssvetka@hotmail.com',10,1473283492,1473283492,'10209235626824377','Svetlana','Sidelnikova',NULL,NULL,NULL,NULL,NULL,NULL),(45,'gorgrig84@mail.ru','','',NULL,'gorgrig84@mail.ru',10,1473287923,1473287923,'1170510806343815','Gor','Grigoryan',NULL,NULL,NULL,NULL,NULL,NULL),(46,'yamkanaa@mail.ru','','',NULL,'yamkanaa@mail.ru',10,1473322087,1473322087,'10208498130871949','Anna','Chernomorets',NULL,NULL,NULL,NULL,NULL,NULL),(47,'orlovs110996@gmail.com','','',NULL,'orlovs110996@gmail.com',10,1473325299,1473325299,'1824832801084310','Sergey','',NULL,NULL,NULL,NULL,NULL,NULL),(48,'melnikovp89@mail.ru','','',NULL,'melnikovp89@mail.ru',10,1473337980,1473337980,'1324468480919317','Павел','Мельников',NULL,NULL,NULL,NULL,NULL,NULL),(49,'irinakostkina@gmail.com','','',NULL,'irinakostkina@gmail.com',10,1473345793,1473345793,'1196787263718160','Irina','Kostkina',NULL,NULL,NULL,NULL,NULL,NULL),(50,'sonya_silina@mail.ru','','',NULL,'sonya_silina@mail.ru',10,1473397327,1473397327,'1288204444534008','Sofya','Silina',NULL,NULL,NULL,NULL,NULL,NULL),(51,'felina0000@mail.ru','','',NULL,'felina0000@mail.ru',10,1473405287,1473405287,'1847421202145710','Виктория','Солнцева',NULL,NULL,NULL,NULL,NULL,NULL),(52,'ckk888@mail.ru','','',NULL,'ckk888@mail.ru',10,1473412805,1473412805,'1149288368464449','Геннадий','Фёдоров',NULL,NULL,NULL,NULL,NULL,NULL),(53,'barry.kobz@gmail.com','','',NULL,'barry.kobz@gmail.com',10,1473413499,1473413499,'1817073835230981','Daria','Dolina',NULL,NULL,NULL,NULL,NULL,NULL),(54,'kuplub@yahoo.com','','',NULL,'kuplub@yahoo.com',10,1473422345,1473422345,'1066636216755809','Lyuba','Naumann',NULL,NULL,NULL,NULL,NULL,NULL),(55,'lenka_world2@mail.ru','','',NULL,'lenka_world2@mail.ru',10,1473423893,1473423893,'10209269284199277','Elena','Vasyatkina',NULL,NULL,NULL,NULL,NULL,NULL),(56,'smirnovaolya123@rambler.ru','','',NULL,'smirnovaolya123@rambler.ru',10,1473435437,1473435437,'837527159686980','Olga','',NULL,NULL,NULL,NULL,NULL,NULL),(57,'mshirya@mail.ru','','',NULL,'mshirya@mail.ru',10,1473440037,1473440037,'10207005831690922','Mikhail','Shiryaev',NULL,NULL,NULL,NULL,NULL,NULL),(58,'ikaryakin@me.com','','',NULL,'ikaryakin@me.com',10,1473449141,1473449141,'1099992090078620','Игорь','Карякин',NULL,NULL,NULL,NULL,NULL,NULL),(59,'tineks@mail.ru','','',NULL,'tineks@mail.ru',10,1473502047,1473502047,'260374087694688','Kristina','Sergunova',NULL,NULL,NULL,NULL,NULL,NULL),(60,'elizavetashin@gmail.com','','',NULL,'elizavetashin@gmail.com',10,1473512485,1473512485,'687486104732968','Liza','',NULL,NULL,NULL,NULL,NULL,NULL),(61,'ov.omel@yandex.ru','','',NULL,'ov.omel@yandex.ru',10,1473531644,1473531644,'1181280795262872','Оксана','Омельяненко',NULL,NULL,NULL,NULL,NULL,NULL),(62,'vitebsk75@yandex.ru','','',NULL,'vitebsk75@yandex.ru',10,1473535827,1473535827,'1782147682030447','Евгений','Гончаров',NULL,NULL,NULL,NULL,NULL,NULL),(63,'bilder_2000@mail.ru','','',NULL,'bilder_2000@mail.ru',10,1473538804,1473538804,'1190483704356367','Григорий','Бойко',NULL,NULL,NULL,NULL,NULL,NULL),(64,'ugak@mail.ru','','',NULL,'ugak@mail.ru',10,1473575988,1473575988,'704327053055797','Andrey','',NULL,NULL,NULL,NULL,NULL,NULL),(65,'kirillaksyonov@yandex.ru','','',NULL,'kirillaksyonov@yandex.ru',10,1473586237,1473586237,'10210723595624974','Kirill','Aksyonov',NULL,NULL,NULL,NULL,NULL,NULL),(66,'tigra-7777@mail.ru','','',NULL,'tigra-7777@mail.ru',10,1473592192,1473592192,'1078156655583319','Куликова','Юрьевна',NULL,NULL,NULL,NULL,NULL,NULL),(67,'kutubaeva@gmail.com','','',NULL,'kutubaeva@gmail.com',10,1473623670,1473623670,'1259435780762820','Roza','Kutubaeva',NULL,NULL,NULL,NULL,NULL,NULL),(68,'blackheart.kasenova@yandex.ru','','',NULL,'blackheart.kasenova@yandex.ru',10,1473678333,1473678333,'1447541781928057','Zhanyl','Kasenova',NULL,NULL,NULL,NULL,NULL,NULL),(69,'dosheva@mail.bg','','',NULL,'dosheva@mail.bg',10,1473684206,1473684206,'1398237623539257','Hristina','Dosheva',NULL,NULL,NULL,NULL,NULL,NULL),(70,'1985sva@mail.ru','','',NULL,'1985sva@mail.ru',10,1473694577,1473694577,'328769934137288','Valeriy','Smirnov',NULL,NULL,NULL,NULL,NULL,NULL),(71,'boltonspot@mail.ru','','',NULL,'boltonspot@mail.ru',10,1473698838,1473698838,'677018852445793','Fyodor','',NULL,NULL,NULL,NULL,NULL,NULL),(72,'rektormail@mail.ru','','',NULL,'rektormail@mail.ru',10,1473745373,1473745373,'685891598242632','Maxim','Novikov',NULL,NULL,NULL,NULL,NULL,NULL),(73,'ttwwiixx@yandex.ru','','',NULL,'ttwwiixx@yandex.ru',10,1473832149,1473832149,'1099841706777127','Denis','Vetsler',NULL,NULL,NULL,NULL,NULL,NULL),(74,'matveevmb@mail.ru','','',NULL,'matveevmb@mail.ru',10,1473834645,1473834645,'1107169632707229','Michail','',NULL,NULL,NULL,NULL,NULL,NULL),(75,'taqanashi@gmail.com','','',NULL,'taqanashi@gmail.com',10,1473846078,1473846078,'233165363752885','Алексей','Анашкин',NULL,NULL,NULL,NULL,NULL,NULL),(76,'katyalyudkova@outlook.com','','',NULL,'katyalyudkova@outlook.com',10,1473936924,1473936924,'1213912782008914','Katya','Lyudkova',NULL,NULL,NULL,NULL,NULL,NULL),(77,'d.a.reznichenko@gmail.com','','',NULL,'d.a.reznichenko@gmail.com',10,1473941952,1473941952,'166125250498037','Daria','Reznichenko',NULL,NULL,NULL,NULL,NULL,NULL),(78,'gulandomalimova@gmail.com','','',NULL,'gulandomalimova@gmail.com',10,1473953962,1473953962,'1781904552080274','Gulandom','',NULL,NULL,NULL,NULL,NULL,NULL),(79,'ryabininav@yandex.ru','','',NULL,'ryabininav@yandex.ru',10,1474019666,1474019666,'1217949731590759','Anton','Ryabinin',NULL,NULL,NULL,NULL,NULL,NULL),(80,'fritz_74@mail.ru','','',NULL,'fritz_74@mail.ru',10,1474020023,1474020023,'1389849547708997','Konstantin','',NULL,NULL,NULL,NULL,NULL,NULL),(81,'madame_figaro@mail.ru','','',NULL,'madame_figaro@mail.ru',10,1474026772,1474026772,'1191749904230347','Catherine','Zadesenets',NULL,NULL,NULL,NULL,NULL,NULL),(82,'a.bakharov@mail.ru','','',NULL,'a.bakharov@mail.ru',10,1474028420,1474028420,'1145789872134110','Александр','Бахаров',NULL,NULL,NULL,NULL,NULL,NULL),(83,'a.kurunoff2009@yandex.ru','','',NULL,'a.kurunoff2009@yandex.ru',10,1474107169,1474107169,'110908072703391','Алексей','Курунов',NULL,NULL,NULL,NULL,NULL,NULL),(84,'ivan.openforum@mail.ru','','',NULL,'ivan.openforum@mail.ru',10,1474110739,1474110739,'10207231004749528','Ivan','Maurakh',NULL,NULL,NULL,NULL,NULL,NULL),(85,'alfomin1967@gmail.com','','',NULL,'alfomin1967@gmail.com',10,1474143964,1474143964,'605910769588395','Александр','Фомин',NULL,NULL,NULL,NULL,NULL,NULL),(86,'sid_vera@ngs.ru','','',NULL,'sid_vera@ngs.ru',10,1474181138,1474181138,'1218943844831786','Вера','Сидельникова',NULL,NULL,NULL,NULL,NULL,NULL),(87,'ktaj.ja@gmail.com','','',NULL,'ktaj.ja@gmail.com',10,1474199707,1474199707,'10207319388731162','Ktaja','Ilicheva',NULL,NULL,NULL,NULL,NULL,NULL),(88,'bozhko_y@mail.ru','','',NULL,'bozhko_y@mail.ru',10,1474226274,1474226274,'1118442524878341','Yury','Bozhko',NULL,NULL,NULL,NULL,NULL,NULL),(89,'omgkk@mail.ru','','',NULL,'omgkk@mail.ru',10,1474264947,1474264947,'1190130454379266','Serejqa','Meelow',NULL,NULL,NULL,NULL,NULL,NULL),(90,'e.sabirov@moravia-center.ru','','',NULL,'e.sabirov@moravia-center.ru',10,1474285678,1474285678,'653458821495086','Евгений','Сабиров',NULL,NULL,NULL,NULL,NULL,NULL),(91,'wbs1@yandex.ru','','',NULL,'wbs1@yandex.ru',10,1474290762,1474290762,'535821226613911','Vladislav','Vasilievich',NULL,NULL,NULL,NULL,NULL,NULL),(92,'anastasiasolnce@bk.ru','','',NULL,'anastasiasolnce@bk.ru',10,1474291632,1474291632,'1157467957646268','Anastasiya','Shchekaleva',NULL,NULL,NULL,NULL,NULL,NULL),(93,'irina.ilatovskaya@gmail.com','','',NULL,'irina.ilatovskaya@gmail.com',10,1474316204,1474316204,'1087994621290801','Irina','',NULL,NULL,NULL,NULL,NULL,NULL),(94,'aaalehkaaa@mail.ru','','',NULL,'aaalehkaaa@mail.ru',10,1474402221,1474402221,'10209114729178222','Alena','Smirnova',NULL,NULL,NULL,NULL,NULL,NULL),(95,'mail@putnik.ws','','',NULL,'mail@putnik.ws',10,1474482764,1474482764,'1027232154015114','Sergey','Leschina',NULL,NULL,NULL,NULL,NULL,NULL),(96,'kotikdv@gmail.com','','',NULL,'kotikdv@gmail.com',10,1474496190,1474496190,'10209465131656623','Dmitry','Kotik',NULL,NULL,NULL,NULL,NULL,NULL),(97,'mashakenoby@mail.ru','','',NULL,'mashakenoby@mail.ru',10,1474618352,1474618352,'927991413979136','Mary','',NULL,NULL,NULL,NULL,NULL,NULL),(98,'bisen81@mail.ru','','',NULL,'bisen81@mail.ru',10,1474618765,1474618765,'1419073511440809','Bisen','Dzhabaev',NULL,NULL,NULL,NULL,NULL,NULL),(99,'svetakoval@inbox.ru','','',NULL,'svetakoval@inbox.ru',10,1474622150,1474622150,'627825084050704','Svetlana','Borodina',NULL,NULL,NULL,NULL,NULL,NULL),(100,'safiullin@yahoo.com','','',NULL,'safiullin@yahoo.com',10,1474630267,1474630267,'10210818682249393','Sergey','Safiullin',NULL,NULL,NULL,NULL,NULL,NULL),(101,'galakov198549@gmail.com','','',NULL,'galakov198549@gmail.com',10,1474649555,1474649555,'1673959502932951','Дмитрий','Галаков',NULL,NULL,NULL,NULL,NULL,NULL),(102,'mvmitrofanova@yandex.ru','','',NULL,'mvmitrofanova@yandex.ru',10,1474657346,1474657346,'1830164190560641','Masha','Mitrofanova',NULL,NULL,NULL,NULL,NULL,NULL),(103,'leonov.alexandr@gmail.com','','',NULL,'leonov.alexandr@gmail.com',10,1474663764,1474663764,'10155275251521040','Alexander','Leonov',NULL,NULL,NULL,NULL,NULL,NULL),(104,'amakilly@yandex.ru','','',NULL,'amakilly@yandex.ru',10,1474701334,1474701334,'1804526996460842','Ivanna','',NULL,NULL,NULL,NULL,NULL,NULL),(105,'umbro_97@mail.ru','','',NULL,'umbro_97@mail.ru',10,1474714250,1474714250,'1184735974918731','Иракли','Удзилаури',NULL,NULL,NULL,NULL,NULL,NULL),(106,'a_v_r72@mail.ru','','',NULL,'a_v_r72@mail.ru',10,1474718424,1474718424,'1183026058436599','Андрей','Рожанский',NULL,NULL,NULL,NULL,NULL,NULL),(107,'alex_oritn@mail.ru','','',NULL,'alex_oritn@mail.ru',10,1474719065,1474719065,'1027090250746529','Александр','Голомидов',NULL,NULL,NULL,NULL,NULL,NULL),(108,'maria.gloveli@gmail.com','','',NULL,'maria.gloveli@gmail.com',10,1474737098,1474737098,'729269230552989','Maria','',NULL,NULL,NULL,NULL,NULL,NULL),(109,'med.a.a@mail.ru','','',NULL,'med.a.a@mail.ru',10,1474745561,1474745561,'1131946140181420','Andrey','Medvedev',NULL,NULL,NULL,NULL,NULL,NULL),(110,'kalyuzhnyi.90@mail.ru','','',NULL,'kalyuzhnyi.90@mail.ru',10,1474755583,1474755583,'1112778082136532','Андрей','Калюжный',NULL,NULL,NULL,NULL,NULL,NULL),(111,'acidperson@yandex.ru','','',NULL,'acidperson@yandex.ru',10,1474793711,1474793711,'1101730729915928','Roman','',NULL,NULL,NULL,NULL,NULL,NULL),(112,'santiago4051455@yandex.ru','','',NULL,'santiago4051455@yandex.ru',10,1474799133,1474799133,'308876482813937','Ildar','Khabibullin',NULL,NULL,NULL,NULL,NULL,NULL),(113,'nobody24@bk.ru','','',NULL,'nobody24@bk.ru',10,1474810255,1474810255,'10207147774713826','Anatoliy','Krylov',NULL,NULL,NULL,NULL,NULL,NULL),(114,'anka_1983@bk.ru','','',NULL,'anka_1983@bk.ru',10,1474810436,1474810436,'1193116720761580','Anna','Kovalkova',NULL,NULL,NULL,NULL,NULL,NULL),(115,'olgadiac@list.ru','','',NULL,'olgadiac@list.ru',10,1474814410,1474814410,'10205379773974001','Ola','-la',NULL,NULL,NULL,NULL,NULL,NULL),(116,'polinbox@mail.ru','','',NULL,'polinbox@mail.ru',10,1474822662,1474822662,'1144164455650591','Polina','Larchenkova',NULL,NULL,NULL,NULL,NULL,NULL),(117,'egrischenko@bk.ru','','',NULL,'egrischenko@bk.ru',10,1474823127,1474823127,'1132400566813228','Екатерина','Грищенко',NULL,NULL,NULL,NULL,NULL,NULL),(118,'uroc@mail.ru','','',NULL,'uroc@mail.ru',10,1474828501,1474828501,'1831943180352546','Iurii','',NULL,NULL,NULL,NULL,NULL,NULL),(119,'s.purkaev@gmail.com','','',NULL,'s.purkaev@gmail.com',10,1474829860,1474829860,'1747031512214027','Sergey','',NULL,NULL,NULL,NULL,NULL,NULL),(120,'scuarepusher@mail.ru','','',NULL,'scuarepusher@mail.ru',10,1474866186,1474866186,'1116483731774761','Tatyana','',NULL,NULL,NULL,NULL,NULL,NULL),(121,'kotlas94@yandex.ru','','',NULL,'kotlas94@yandex.ru',10,1474870508,1474870508,'1117564628297823','ваня','кодлозеров',NULL,NULL,NULL,NULL,NULL,NULL),(122,'katkho@yandex.ru','','',NULL,'katkho@yandex.ru',10,1474872331,1474872331,'648517288662683','Ekaterina','',NULL,NULL,NULL,NULL,NULL,NULL),(123,'olusha05@bk.ru','','',NULL,'olusha05@bk.ru',10,1474880790,1474880790,'10210557106428830','Olga','Kosygina',NULL,NULL,NULL,NULL,NULL,NULL),(124,'baumara@mail.ru','','',NULL,'baumara@mail.ru',10,1474886684,1474886684,'1109243572463866','Anrika','Baumara',NULL,NULL,NULL,NULL,NULL,NULL),(125,'plullia14@mail.ru','','',NULL,'plullia14@mail.ru',10,1474907660,1474907660,'267439870321374','Николай','Сухов',NULL,NULL,NULL,NULL,NULL,NULL),(126,'yadviga-hxc@mail.ru','','',NULL,'yadviga-hxc@mail.ru',10,1474911886,1474911886,'1276696499049996','Anna','Goreva',NULL,NULL,NULL,NULL,NULL,NULL),(127,'vasilevaeva@mail.ru','','',NULL,'vasilevaeva@mail.ru',10,1474914878,1474914878,'1198936990126512','Ева','Васильева',NULL,NULL,NULL,NULL,NULL,NULL),(128,'evgesha7k@mail.ru','','',NULL,'evgesha7k@mail.ru',10,1474917675,1474917675,'1200149830059219','Evgeniya','Kuzakova',NULL,NULL,NULL,NULL,NULL,NULL),(129,'malibu888@inbox.ru','','',NULL,'malibu888@inbox.ru',10,1474919004,1474919004,'1758185271086849','Татьяна','Юргаева',NULL,NULL,NULL,NULL,NULL,NULL),(130,'kate_wild_orchid@mail.ru','','',NULL,'kate_wild_orchid@mail.ru',10,1474919488,1474919488,'1089013064481648','Ekaterina','Sheshukova',NULL,NULL,NULL,NULL,NULL,NULL),(131,'2730720@bk.ru','','',NULL,'2730720@bk.ru',10,1474920104,1474920104,'198906853854787','Виктория','Ковалева',NULL,NULL,NULL,NULL,NULL,NULL),(132,'makson-89@mail.ru','','',NULL,'makson-89@mail.ru',10,1474924780,1474924780,'882436045220623','Maxim','',NULL,NULL,NULL,NULL,NULL,NULL),(133,'globuskodinsk@mail.ru','','',NULL,'globuskodinsk@mail.ru',10,1474940620,1474940620,'1140165332737513','Nataly','',NULL,NULL,NULL,NULL,NULL,NULL),(134,'alirubo@gmail.com','','',NULL,'alirubo@gmail.com',10,1474959957,1474959957,'10209908868825660','Alina','Krivosheeva',NULL,NULL,NULL,NULL,NULL,NULL),(135,'anton_fedorov82@mail.ru','','',NULL,'anton_fedorov82@mail.ru',10,1474962217,1474962217,'1221294797933180','Антон','Федоров',NULL,NULL,NULL,NULL,NULL,NULL),(136,'l.vovk@mospmc.ru','','',NULL,'l.vovk@mospmc.ru',10,1474965303,1474965303,'10154620115128060','Ludmila','Vovk',NULL,NULL,NULL,NULL,NULL,NULL),(137,'yuri.nedre@gmail.com','','',NULL,'yuri.nedre@gmail.com',10,1474966743,1474966743,'975148375927641','Юрий','Недре',NULL,NULL,NULL,NULL,NULL,NULL),(138,'natbel76@mail.ru','','',NULL,'natbel76@mail.ru',10,1474966750,1474966750,'353069145036434','Наталья','Беляева',NULL,NULL,NULL,NULL,NULL,NULL),(139,'dobro1958@rambler.ru','','',NULL,'dobro1958@rambler.ru',10,1474972008,1474972008,'648153158686854','Андрей','Бодрей',NULL,NULL,NULL,NULL,NULL,NULL),(140,'g102008@mail.ru','','',NULL,'g102008@mail.ru',10,1474975089,1474975089,'677916229028019','Grigory','',NULL,NULL,NULL,NULL,NULL,NULL),(141,'taekwondistka-gtf@rambler.ru','','',NULL,'taekwondistka-gtf@rambler.ru',10,1474980087,1474980087,'1227075577314064','Daria','Gureeva',NULL,NULL,NULL,NULL,NULL,NULL),(142,'19600909@mail.ru','','',NULL,'19600909@mail.ru',10,1474984548,1474984548,'623261724523029','Елена','Ерофеева',NULL,NULL,NULL,NULL,NULL,NULL),(143,'katyadarvin@yandex.ru','','',NULL,'katyadarvin@yandex.ru',10,1475003639,1475003639,'1279017972117748','Katerina','Darvin',NULL,NULL,NULL,NULL,NULL,NULL),(144,'gadzhii@gmail.com','','',NULL,'gadzhii@gmail.com',10,1475008002,1475008002,'863129287121826','Gadzhi','',NULL,NULL,NULL,NULL,NULL,NULL),(145,'lis_ag@mail.ru','','',NULL,'lis_ag@mail.ru',10,1475008195,1475008195,'2150518751838940','Sergey','Kapitanov',NULL,NULL,NULL,NULL,NULL,NULL),(146,'o.zhdanov@rusoft.ru','','',NULL,'o.zhdanov@rusoft.ru',10,1475036204,1475036204,'1265016286873497','Oleg','',NULL,NULL,NULL,NULL,NULL,NULL),(147,'romanovafoto@yandex.ru','','',NULL,'romanovafoto@yandex.ru',10,1475058716,1475058716,'10207696397267714','Anastasiya','Romanova',NULL,NULL,NULL,NULL,NULL,NULL),(148,'xpomobserg@mail.ru','','',NULL,'xpomobserg@mail.ru',10,1475070160,1475070160,'1101834346551323','Сергей','Хромов',NULL,NULL,NULL,NULL,NULL,NULL),(149,'bburdina@hotmail.com','','',NULL,'bburdina@hotmail.com',10,1475076383,1475076383,'10207346928886617','Barbara','Burdina',NULL,NULL,NULL,NULL,NULL,NULL),(150,'vasilevskyv@gmail.com','','',NULL,'vasilevskyv@gmail.com',10,1475087702,1475087702,'945719788796710','Владимир','Василевский',NULL,NULL,NULL,NULL,NULL,NULL),(151,'eug.titow2015@yandex.ru','','',NULL,'eug.titow2015@yandex.ru',10,1475090495,1475090495,'1695855820740689','Евгений','Титов',NULL,NULL,NULL,NULL,NULL,NULL),(152,'emir-borz@yandex.ru','','',NULL,'emir-borz@yandex.ru',10,1475093650,1475093650,'1653968274915022','Дима','Дима',NULL,NULL,NULL,NULL,NULL,NULL),(153,'daniel.souch@gmail.com','','',NULL,'daniel.souch@gmail.com',10,1475100449,1475100449,'935901309854814','Johnny','Blaster',NULL,NULL,NULL,NULL,NULL,NULL),(154,'mtsarev@mail.ru','','',NULL,'mtsarev@mail.ru',10,1475100554,1475100554,'894789123934926','мартин','роско',NULL,NULL,NULL,NULL,NULL,NULL),(155,'ekb75@mail.ru','','',NULL,'ekb75@mail.ru',10,1475123627,1475123627,'1205892326099388','Alexey','Poluyanenko',NULL,NULL,NULL,NULL,NULL,NULL),(156,'ann.altengof@gmail.com','','',NULL,'ann.altengof@gmail.com',10,1475155952,1475155952,'1092886100780754','Ann','Altengof',NULL,NULL,NULL,NULL,NULL,NULL);
/*!40000 ALTER TABLE `user` ENABLE KEYS */;
UNLOCK TABLES;

--
-- Table structure for table `will_go`
--

DROP TABLE IF EXISTS `will_go`;
/*!40101 SET @saved_cs_client     = @@character_set_client */;
/*!40101 SET character_set_client = utf8 */;
CREATE TABLE `will_go` (
  `id` int(11) NOT NULL AUTO_INCREMENT,
  `user_id` int(11) DEFAULT NULL,
  `race_id` int(11) DEFAULT NULL,
  PRIMARY KEY (`id`)
) ENGINE=InnoDB AUTO_INCREMENT=71 DEFAULT CHARSET=utf8 COLLATE=utf8_unicode_ci;
/*!40101 SET character_set_client = @saved_cs_client */;

--
-- Dumping data for table `will_go`
--

LOCK TABLES `will_go` WRITE;
/*!40000 ALTER TABLE `will_go` DISABLE KEYS */;
INSERT INTO `will_go` VALUES (1,2,329),(7,2,255),(9,2,287),(18,3,269),(20,2,256),(23,2,260),(24,2,332),(25,2,299),(26,2,265),(27,2,269),(28,2,333),(30,2,273),(31,2,272),(34,2,335),(35,NULL,319),(36,NULL,396),(40,7,318),(44,6,301),(45,18,398),(48,NULL,267),(50,29,266),(51,63,392),(52,69,398),(53,NULL,310),(54,74,319),(55,83,398),(56,NULL,398),(57,NULL,266),(58,98,400),(63,122,398),(64,NULL,396),(65,135,397),(66,137,319),(67,NULL,397),(68,142,398),(69,153,398),(70,153,392);
/*!40000 ALTER TABLE `will_go` ENABLE KEYS */;
UNLOCK TABLES;
/*!40103 SET TIME_ZONE=@OLD_TIME_ZONE */;

/*!40101 SET SQL_MODE=@OLD_SQL_MODE */;
/*!40014 SET FOREIGN_KEY_CHECKS=@OLD_FOREIGN_KEY_CHECKS */;
/*!40014 SET UNIQUE_CHECKS=@OLD_UNIQUE_CHECKS */;
/*!40101 SET CHARACTER_SET_CLIENT=@OLD_CHARACTER_SET_CLIENT */;
/*!40101 SET CHARACTER_SET_RESULTS=@OLD_CHARACTER_SET_RESULTS */;
/*!40101 SET COLLATION_CONNECTION=@OLD_COLLATION_CONNECTION */;
/*!40111 SET SQL_NOTES=@OLD_SQL_NOTES */;

-- Dump completed on 2016-09-29 21:35:42
